et_epoch (seconds past J2000),atmospheric_pressure (millibar),ref_alt (kilometers),west_lon (degrees),lat (degrees),desc_vel (m/s),flight_path_angle_deg (deg)
158966003.18400,2.94927,144.12177,195.94138,-10.64796,-53.72311,49.64706
158966004.18400,2.95320,144.06827,195.94040,-10.64792,-53.75049,37.23889
158966005.18400,2.95713,144.01477,195.93835,-10.64783,-53.77786,29.27815
158966006.18400,2.96106,143.96127,195.93629,-10.64774,-53.80524,29.15206
158966007.18400,2.96500,143.90778,195.93422,-10.64766,-53.83261,28.97498
158966008.18400,2.96893,143.85428,195.93213,-10.64757,-53.85999,28.89309
158966009.18400,2.97286,143.80078,195.93004,-10.64748,-53.88736,28.89344
158966010.18400,2.97675,143.74719,195.92795,-10.64740,-53.79088,28.84360
158966011.18400,2.98050,143.69328,195.92585,-10.64731,-53.27903,28.60295
158966012.18400,2.98425,143.63937,195.92376,-10.64722,-52.76718,28.34676
158966013.18400,2.98800,143.58546,195.92166,-10.64713,-52.25533,28.07738
158966014.18400,2.99175,143.53155,195.91956,-10.64705,-51.74348,27.80172
158966015.18400,2.99550,143.47764,195.91746,-10.64696,-51.23163,27.52216
158966016.18400,2.99925,143.42374,195.91535,-10.64687,-50.71978,27.24918
158966017.18400,3.00300,143.36983,195.91324,-10.64679,-50.20793,26.98183
158966018.18400,3.00674,143.31592,195.91112,-10.64670,-49.69608,26.71620
158966019.18400,3.01049,143.26201,195.90900,-10.64661,-49.18423,26.45106
158966020.18400,3.01424,143.20810,195.90688,-10.64652,-48.67238,26.18330
158966021.18400,3.01799,143.15419,195.90476,-10.64643,-48.16053,25.91354
158966022.18400,3.02174,143.10028,195.90264,-10.64635,-47.64868,25.64007
158966023.18400,3.02549,143.04637,195.90051,-10.64626,-47.13683,25.36053
158966024.18400,3.02924,142.99247,195.89837,-10.64617,-46.62498,25.06967
158966025.18400,3.03302,142.94032,195.89624,-10.64608,-46.36068,24.88674
158966026.18400,3.03689,142.89409,195.89409,-10.64599,-46.92657,25.09155
158966027.18400,3.04077,142.84786,195.89194,-10.64590,-47.49245,25.29496
158966028.18400,3.04464,142.80163,195.88978,-10.64582,-48.05834,25.50553
158966029.18400,3.04852,142.75540,195.88762,-10.64573,-48.62422,25.72321
158966030.18400,3.05239,142.70917,195.88546,-10.64564,-49.19011,25.95311
158966031.18400,3.05626,142.66294,195.88329,-10.64555,-49.75599,26.19507
158966032.18400,3.06014,142.61671,195.88112,-10.64546,-50.32188,26.44786
158966033.18400,3.06401,142.57048,195.87895,-10.64537,-50.88776,26.70815
158966034.18400,3.06789,142.52424,195.87679,-10.64528,-51.45365,26.96176
158966035.18400,3.07176,142.47801,195.87462,-10.64519,-52.01953,27.20985
158966036.18400,3.07563,142.43178,195.87245,-10.64510,-52.58542,27.45666
158966037.18400,3.07951,142.38555,195.87028,-10.64502,-53.15130,27.69958
158966038.18400,3.08338,142.33932,195.86811,-10.64493,-53.71718,27.93173
158966039.18400,3.08726,142.29309,195.86594,-10.64484,-54.28307,28.15475
158966040.18400,3.09122,142.24491,195.86376,-10.64475,-54.70985,28.31369
158966041.18400,3.09548,142.19019,195.86158,-10.64466,-54.67017,28.26513
158966042.18400,3.09975,142.13547,195.85940,-10.64457,-54.63049,28.21341
158966043.18400,3.10401,142.08076,195.85722,-10.64448,-54.59081,28.15895
158966044.18400,3.10828,142.02604,195.85503,-10.64439,-54.55112,28.10041
158966045.18400,3.11254,141.97132,195.85284,-10.64430,-54.51144,28.03981
158966046.18400,3.11681,141.91660,195.85064,-10.64421,-54.47176,27.98072
158966047.18400,3.12107,141.86188,195.84844,-10.64412,-54.43208,27.92247
158966048.18400,3.12533,141.80716,195.84624,-10.64403,-54.39239,27.85977
158966049.18400,3.12960,141.75244,195.84403,-10.64394,-54.35271,27.79135
158966050.18400,3.13386,141.69772,195.84181,-10.64384,-54.31303,27.71626
158966051.18400,3.13813,141.64301,195.83959,-10.64375,-54.27335,27.63852
158966052.18400,3.14239,141.58829,195.83737,-10.64366,-54.23366,27.57227
158966053.18400,3.14666,141.53357,195.83514,-10.64357,-54.19398,27.51925
158966054.18400,3.15092,141.47885,195.83291,-10.64348,-54.15430,27.48345
158966055.18400,3.15515,141.42427,195.83067,-10.64339,-54.03586,27.42688
158966056.18400,3.15926,141.37014,195.82844,-10.64330,-53.65334,27.25562
158966057.18400,3.16336,141.31602,195.82621,-10.64321,-53.27082,27.08534
158966058.18400,3.16747,141.26190,195.82397,-10.64312,-52.88829,26.92099
158966059.18400,3.17158,141.20777,195.82174,-10.64303,-52.50577,26.76241
158966060.18400,3.17569,141.15365,195.81951,-10.64294,-52.12325,26.60943
158966061.18400,3.17980,141.09952,195.81728,-10.64285,-51.74072,26.46050
158966062.18400,3.18391,141.04540,195.81505,-10.64276,-51.35820,26.30879
158966063.18400,3.18801,140.99128,195.81282,-10.64267,-50.97568,26.15518
158966064.18400,3.19212,140.93715,195.81060,-10.64258,-50.59315,26.00525
158966065.18400,3.19623,140.88303,195.80837,-10.64249,-50.21063,25.85792
158966066.18400,3.20034,140.82890,195.80615,-10.64240,-49.82811,25.70896
158966067.18400,3.20445,140.77478,195.80394,-10.64231,-49.44558,25.56072
158966068.18400,3.20855,140.72066,195.80172,-10.64222,-49.06306,25.42238
158966069.18400,3.21266,140.66653,195.79951,-10.64213,-48.68054,25.29150
158966070.18400,3.21673,140.61373,195.79730,-10.64204,-48.37709,25.19153
158966071.18400,3.22068,140.56534,195.79510,-10.64195,-48.33884,25.20124
158966072.18400,3.22463,140.51695,195.79289,-10.64186,-48.30059,25.17784
158966073.18400,3.22858,140.46857,195.79069,-10.64177,-48.26234,25.13310
158966074.18400,3.23252,140.42018,195.78848,-10.64168,-48.22409,25.11640
158966075.18400,3.23647,140.37180,195.78627,-10.64159,-48.18584,25.11725
158966076.18400,3.24042,140.32341,195.78407,-10.64150,-48.14759,25.08549
158966077.18400,3.24437,140.27502,195.78186,-10.64141,-48.10934,25.02683
158966078.18400,3.24831,140.22664,195.77965,-10.64132,-48.07109,24.97750
158966079.18400,3.25226,140.17825,195.77743,-10.64123,-48.03284,24.93752
158966080.18400,3.25621,140.12987,195.77522,-10.64114,-47.99459,24.89634
158966081.18400,3.26016,140.08148,195.77300,-10.64105,-47.95634,24.85510
158966082.18400,3.26411,140.03309,195.77077,-10.64096,-47.91809,24.81869
158966083.18400,3.26805,139.98471,195.76855,-10.64087,-47.87984,24.78592
158966084.18400,3.27200,139.93632,195.76633,-10.64078,-47.84159,24.75416
158966085.18400,3.27599,139.88807,195.76410,-10.64069,-47.85396,24.74421
158966086.18400,3.28011,139.84026,195.76187,-10.64060,-48.03608,24.80625
158966087.18400,3.28423,139.79244,195.75964,-10.64051,-48.21820,24.86533
158966088.18400,3.28835,139.74463,195.75740,-10.64042,-48.40031,24.92931
158966089.18400,3.29248,139.69682,195.75517,-10.64033,-48.58243,24.99807
158966090.18400,3.29660,139.64901,195.75293,-10.64024,-48.76455,25.07114
158966091.18400,3.30072,139.60120,195.75070,-10.64015,-48.94667,25.15105
158966092.18400,3.30484,139.55338,195.74846,-10.64006,-49.12878,25.24351
158966093.18400,3.30896,139.50557,195.74622,-10.63997,-49.31090,25.34583
158966094.18400,3.31308,139.45776,195.74399,-10.63988,-49.49302,25.44565
158966095.18400,3.31721,139.40995,195.74176,-10.63979,-49.67514,25.54679
158966096.18400,3.32133,139.36214,195.73953,-10.63970,-49.85725,25.66533
158966097.18400,3.32545,139.31432,195.73731,-10.63961,-50.03937,25.79594
158966098.18400,3.32957,139.26651,195.73509,-10.63952,-50.22149,25.91662
158966099.18400,3.33369,139.21870,195.73287,-10.63943,-50.40361,26.02634
158966100.18400,3.33783,139.17026,195.73066,-10.63934,-50.49156,26.08116
158966101.18400,3.34200,139.11972,195.72844,-10.63925,-50.26374,25.98793
158966102.18400,3.34617,139.06917,195.72623,-10.63916,-50.03591,25.90891
158966103.18400,3.35034,139.01863,195.72402,-10.63907,-49.80809,25.83581
158966104.18400,3.35451,138.96808,195.72182,-10.63898,-49.58027,25.73987
158966105.18400,3.35868,138.91754,195.71961,-10.63889,-49.35244,25.62475
158966106.18400,3.36286,138.86700,195.71740,-10.63880,-49.12462,25.51250
158966107.18400,3.36703,138.81645,195.71519,-10.63871,-48.89680,25.40444
158966108.18400,3.37120,138.76591,195.71298,-10.63862,-48.66897,25.29630
158966109.18400,3.37537,138.71536,195.71077,-10.63853,-48.44115,25.18847
158966110.18400,3.37954,138.66482,195.70856,-10.63844,-48.21333,25.08014
158966111.18400,3.38371,138.61428,195.70635,-10.63835,-47.98550,24.97159
158966112.18400,3.38788,138.56373,195.70413,-10.63826,-47.75768,24.86326
158966113.18400,3.39206,138.51319,195.70192,-10.63817,-47.52986,24.75441
158966114.18400,3.39623,138.46264,195.69971,-10.63808,-47.30203,24.64593
158966115.18400,3.40040,138.41288,195.69750,-10.63799,-47.15038,24.57218
158966116.18400,3.40457,138.36576,195.69528,-10.63790,-47.25416,24.61534
158966117.18400,3.40875,138.31863,195.69307,-10.63781,-47.35795,24.65852
158966118.18400,3.41292,138.27150,195.69085,-10.63772,-47.46173,24.70158
158966119.18400,3.41710,138.22438,195.68864,-10.63763,-47.56552,24.74501
158966120.18400,3.42127,138.17725,195.68642,-10.63754,-47.66930,24.78807
158966121.18400,3.42545,138.13012,195.68421,-10.63745,-47.77309,24.83099
158966122.18400,3.42962,138.08300,195.68199,-10.63737,-47.87687,24.87475
158966123.18400,3.43380,138.03587,195.67977,-10.63728,-47.98066,24.91757
158966124.18400,3.43797,137.98874,195.67755,-10.63719,-48.08444,24.96037
158966125.18400,3.44215,137.94162,195.67534,-10.63710,-48.18823,25.00325
158966126.18400,3.44632,137.89449,195.67312,-10.63701,-48.29201,25.04635
158966127.18400,3.45050,137.84736,195.67090,-10.63692,-48.39580,25.08938
158966128.18400,3.45467,137.80024,195.66868,-10.63683,-48.49958,25.13163
158966129.18400,3.45885,137.75311,195.66646,-10.63674,-48.60336,25.17462
158966130.18400,3.46305,137.70563,195.66424,-10.63665,-48.66705,25.19933
158966131.18400,3.46733,137.65694,195.66202,-10.63656,-48.59629,25.16276
158966132.18400,3.47162,137.60826,195.65980,-10.63647,-48.52552,25.12608
158966133.18400,3.47591,137.55958,195.65757,-10.63638,-48.45475,25.08983
158966134.18400,3.48019,137.51089,195.65535,-10.63629,-48.38399,25.05364
158966135.18400,3.48448,137.46221,195.65313,-10.63620,-48.31322,25.01699
158966136.18400,3.48876,137.41353,195.65090,-10.63611,-48.24245,24.98026
158966137.18400,3.49305,137.36484,195.64868,-10.63602,-48.17169,24.94355
158966138.18400,3.49733,137.31616,195.64646,-10.63593,-48.10092,24.90739
158966139.18400,3.50162,137.26748,195.64423,-10.63584,-48.03015,24.87066
158966140.18400,3.50590,137.21879,195.64201,-10.63575,-47.95939,24.83398
158966141.18400,3.51019,137.17011,195.63978,-10.63566,-47.88862,24.79807
158966142.18400,3.51448,137.12143,195.63755,-10.63557,-47.81785,24.76132
158966143.18400,3.51876,137.07274,195.63533,-10.63548,-47.74709,24.72421
158966144.18400,3.52305,137.02406,195.63310,-10.63539,-47.67632,24.68789
158966145.18400,3.52733,136.97562,195.63087,-10.63530,-47.60758,24.65250
158966146.18400,3.53162,136.92800,195.62864,-10.63521,-47.54563,24.61979
158966147.18400,3.53590,136.88038,195.62641,-10.63512,-47.48368,24.58750
158966148.18400,3.54019,136.83276,195.62419,-10.63503,-47.42173,24.55473
158966149.18400,3.54448,136.78514,195.62196,-10.63494,-47.35977,24.52198
158966150.18400,3.54876,136.73751,195.61973,-10.63485,-47.29782,24.48963
158966151.18400,3.55305,136.68989,195.61750,-10.63476,-47.23587,24.45690
158966152.18400,3.55733,136.64227,195.61526,-10.63467,-47.17392,24.42462
158966153.18400,3.56162,136.59465,195.61303,-10.63458,-47.11197,24.39187
158966154.18400,3.56590,136.54703,195.61080,-10.63449,-47.05002,24.35908
158966155.18400,3.57019,136.49941,195.60857,-10.63440,-46.98807,24.32669
158966156.18400,3.57448,136.45179,195.60633,-10.63431,-46.92612,24.29400
158966157.18400,3.57876,136.40417,195.60410,-10.63422,-46.86416,24.26170
158966158.18400,3.58305,136.35654,195.60187,-10.63413,-46.80221,24.22930
158966159.18400,3.58733,136.30892,195.59963,-10.63404,-46.74026,24.19613
158966160.18400,3.59162,136.26151,195.59740,-10.63395,-46.67965,24.16442
158966161.18400,3.59590,136.21482,195.59516,-10.63386,-46.62355,24.13467
158966162.18400,3.60019,136.16813,195.59293,-10.63377,-46.56745,24.10416
158966163.18400,3.60448,136.12144,195.59069,-10.63369,-46.51135,24.07453
158966164.18400,3.60876,136.07474,195.58845,-10.63360,-46.45525,24.04487
158966165.18400,3.61305,136.02805,195.58622,-10.63351,-46.39915,24.01468
158966166.18400,3.61733,135.98136,195.58398,-10.63342,-46.34305,23.98453
158966167.18400,3.62162,135.93467,195.58174,-10.63333,-46.28695,23.95486
158966168.18400,3.62590,135.88797,195.57950,-10.63324,-46.23085,23.92514
158966169.18400,3.63019,135.84128,195.57726,-10.63315,-46.17475,23.89499
158966170.18400,3.63448,135.79459,195.57502,-10.63306,-46.11865,23.86493
158966171.18400,3.63876,135.74790,195.57278,-10.63297,-46.06255,23.83525
158966172.18400,3.64305,135.70120,195.57054,-10.63288,-46.00645,23.80509
158966173.18400,3.64733,135.65451,195.56830,-10.63279,-45.95035,23.77494
158966174.18400,3.65162,135.60782,195.56606,-10.63270,-45.89424,23.74525
158966175.18400,3.65591,135.56132,195.56382,-10.63261,-45.84353,23.71756
158966176.18400,3.66022,135.51547,195.56157,-10.63252,-45.81089,23.69857
158966177.18400,3.66453,135.46962,195.55933,-10.63243,-45.77825,23.67972
158966178.18400,3.66884,135.42376,195.55709,-10.63234,-45.74560,23.66043
158966179.18400,3.67314,135.37791,195.55484,-10.63225,-45.71296,23.64104
158966180.18400,3.67745,135.33206,195.55260,-10.63216,-45.68032,23.62168
158966181.18400,3.68176,135.28621,195.55035,-10.63207,-45.64767,23.60280
158966182.18400,3.68607,135.24036,195.54811,-10.63198,-45.61503,23.58343
158966183.18400,3.69038,135.19451,195.54586,-10.63189,-45.58239,23.56874
158966184.18400,3.69468,135.14866,195.54362,-10.63180,-45.54974,23.57569
158966185.18400,3.69899,135.10280,195.54138,-10.63171,-45.51710,23.60632
158966186.18400,3.70330,135.05695,195.53914,-10.63162,-45.48446,23.66516
158966187.18400,3.70761,135.01110,195.53691,-10.63153,-45.45181,23.73370
158966188.18400,3.71192,134.96525,195.53470,-10.63144,-45.41917,23.74190
158966189.18400,3.71623,134.91940,195.53247,-10.63135,-45.38653,23.70064
158966190.18400,3.72061,134.87366,195.53025,-10.63126,-45.43957,23.70656
158966191.18400,3.72523,134.82830,195.52803,-10.63117,-45.77994,23.85237
158966192.18400,3.72985,134.78294,195.52580,-10.63108,-46.12032,23.98780
158966193.18400,3.73447,134.73758,195.52357,-10.63099,-46.46070,24.11456
158966194.18400,3.73909,134.69222,195.52134,-10.63090,-46.80108,24.24662
158966195.18400,3.74371,134.64685,195.51910,-10.63081,-47.14146,24.38408
158966196.18400,3.74833,134.60149,195.51687,-10.63072,-47.48184,24.52618
158966197.18400,3.75295,134.55613,195.51463,-10.63063,-47.82222,24.67044
158966198.18400,3.75757,134.51077,195.51239,-10.63054,-48.16260,24.80758
158966199.18400,3.76219,134.46541,195.51015,-10.63045,-48.50298,24.94362
158966200.18400,3.76681,134.42005,195.50791,-10.63036,-48.84336,25.09764
158966201.18400,3.77143,134.37469,195.50567,-10.63027,-49.18374,25.26735
158966202.18400,3.77605,134.32932,195.50343,-10.63018,-49.52412,25.43922
158966203.18400,3.78067,134.28396,195.50119,-10.63009,-49.86450,25.61333
158966204.18400,3.78529,134.23860,195.49895,-10.63000,-50.20488,25.79250
158966205.18400,3.78991,134.19207,195.49672,-10.62991,-50.35959,25.89454
158966206.18400,3.79451,134.14160,195.49449,-10.62982,-49.89167,25.72799
158966207.18400,3.79911,134.09113,195.49227,-10.62973,-49.42375,25.56709
158966208.18400,3.80371,134.04067,195.49005,-10.62964,-48.95584,25.40227
158966209.18400,3.80831,133.99020,195.48784,-10.62955,-48.48792,25.23088
158966210.18400,3.81291,133.93973,195.48563,-10.62946,-48.02000,25.04256
158966211.18400,3.81751,133.88927,195.48342,-10.62937,-47.55209,24.83956
158966212.18400,3.82212,133.83880,195.48121,-10.62928,-47.08417,24.63470
158966213.18400,3.82672,133.78833,195.47900,-10.62919,-46.61625,24.42585
158966214.18400,3.83132,133.73787,195.47679,-10.62910,-46.14833,24.19930
158966215.18400,3.83592,133.68740,195.47459,-10.62901,-45.68042,23.96154
158966216.18400,3.84052,133.63693,195.47237,-10.62892,-45.21250,23.73881
158966217.18400,3.84512,133.58647,195.47016,-10.62883,-44.74458,23.52674
158966218.18400,3.84972,133.53600,195.46795,-10.62874,-44.27666,23.30092
158966219.18400,3.85432,133.48553,195.46574,-10.62865,-43.80875,23.06275
158966220.18400,3.85893,133.43668,195.46353,-10.62857,-43.53778,22.91549
158966221.18400,3.86355,133.39323,195.46131,-10.62848,-43.92728,23.07808
158966222.18400,3.86818,133.34978,195.45909,-10.62839,-44.31678,23.24159
158966223.18400,3.87280,133.30633,195.45687,-10.62830,-44.70628,23.40795
158966224.18400,3.87743,133.26289,195.45465,-10.62821,-45.09578,23.58384
158966225.18400,3.88206,133.21944,195.45243,-10.62812,-45.48527,23.77301
158966226.18400,3.88668,133.17599,195.45021,-10.62803,-45.87477,23.98536
158966227.18400,3.89131,133.13254,195.44799,-10.62794,-46.26427,24.21307
158966228.18400,3.89593,133.08909,195.44578,-10.62785,-46.65377,24.42522
158966229.18400,3.90056,133.04564,195.44358,-10.62776,-47.04327,24.62640
158966230.18400,3.90518,133.00219,195.44137,-10.62767,-47.43277,24.84416
158966231.18400,3.90981,132.95874,195.43917,-10.62758,-47.82227,25.07024
158966232.18400,3.91443,132.91530,195.43697,-10.62750,-48.21177,25.26821
158966233.18400,3.91906,132.87185,195.43477,-10.62741,-48.60127,25.44161
158966234.18400,3.92368,132.82840,195.43258,-10.62732,-48.99077,25.60731
158966235.18400,3.92829,132.78361,195.43038,-10.62723,-49.15452,25.66421
158966236.18400,3.93284,132.73432,195.42818,-10.62714,-48.56123,25.36958
158966237.18400,3.93739,132.68503,195.42597,-10.62705,-47.96793,25.07045
158966238.18400,3.94194,132.63574,195.42376,-10.62696,-47.37464,24.77812
158966239.18400,3.94649,132.58645,195.42156,-10.62687,-46.78134,24.49091
158966240.18400,3.95103,132.53715,195.41935,-10.62678,-46.18805,24.20036
158966241.18400,3.95558,132.48786,195.41713,-10.62669,-45.59475,23.90727
158966242.18400,3.96013,132.43857,195.41492,-10.62660,-45.00146,23.61768
158966243.18400,3.96468,132.38928,195.41271,-10.62651,-44.40816,23.33365
158966244.18400,3.96923,132.33999,195.41049,-10.62642,-43.81487,23.05936
158966245.18400,3.97378,132.29070,195.40828,-10.62634,-43.22157,22.79224
158966246.18400,3.97833,132.24141,195.40606,-10.62625,-42.62828,22.52579
158966247.18400,3.98288,132.19212,195.40385,-10.62616,-42.03498,22.26736
158966248.18400,3.98743,132.14283,195.40165,-10.62607,-41.44169,22.04364
158966249.18400,3.99198,132.09354,195.39945,-10.62598,-40.84839,21.84576
158966250.18400,3.99653,132.04629,195.39726,-10.62590,-40.49288,21.75635
158966251.18400,4.00107,132.00590,195.39508,-10.62581,-40.93477,22.04672
158966252.18400,4.00562,131.96551,195.39291,-10.62572,-41.37666,22.32598
158966253.18400,4.01016,131.92512,195.39075,-10.62563,-41.81855,22.59979
158966254.18400,4.01471,131.88473,195.38859,-10.62554,-42.26044,22.88822
158966255.18400,4.01926,131.84434,195.38644,-10.62546,-42.70234,23.18646
158966256.18400,4.02380,131.80394,195.38430,-10.62537,-43.14423,23.47154
158966257.18400,4.02835,131.76355,195.38216,-10.62528,-43.58612,23.74339
158966258.18400,4.03289,131.72316,195.38003,-10.62520,-44.02801,24.00955
158966259.18400,4.03744,131.68277,195.37791,-10.62511,-44.46990,24.27033
158966260.18400,4.04199,131.64238,195.37579,-10.62502,-44.91179,24.52457
158966261.18400,4.04653,131.60199,195.37367,-10.62494,-45.35368,24.77098
158966262.18400,4.05108,131.56160,195.37156,-10.62485,-45.79557,25.00515
158966263.18400,4.05562,131.52120,195.36945,-10.62476,-46.23746,25.22706
158966264.18400,4.06017,131.48081,195.36734,-10.62468,-46.67935,25.43778
158966265.18400,4.06481,131.43890,195.36522,-10.62459,-47.00169,25.58180
158966266.18400,4.06976,131.39188,195.36311,-10.62451,-46.92309,25.53318
158966267.18400,4.07471,131.34486,195.36100,-10.62442,-46.84449,25.48514
158966268.18400,4.07967,131.29784,195.35888,-10.62434,-46.76590,25.44686
158966269.18400,4.08462,131.25082,195.35676,-10.62425,-46.68730,25.41804
158966270.18400,4.08957,131.20380,195.35465,-10.62417,-46.60871,25.39274
158966271.18400,4.09452,131.15678,195.35254,-10.62408,-46.53011,25.37169
158966272.18400,4.09948,131.10976,195.35043,-10.62400,-46.45151,25.35961
158966273.18400,4.10443,131.06274,195.34832,-10.62391,-46.37292,25.35691
158966274.18400,4.10938,131.01572,195.34621,-10.62383,-46.29432,25.36610
158966275.18400,4.11433,130.96870,195.34412,-10.62374,-46.21573,25.38581
158966276.18400,4.11928,130.92168,195.34202,-10.62366,-46.13713,25.40780
158966277.18400,4.12424,130.87466,195.33993,-10.62357,-46.05853,25.43004
158966278.18400,4.12919,130.82764,195.33785,-10.62349,-45.97994,25.44711
158966279.18400,4.13414,130.78062,195.33577,-10.62340,-45.90134,25.45803
158966280.18400,4.13902,130.73387,195.33370,-10.62332,-45.73287,25.41251
158966281.18400,4.14364,130.68803,195.33163,-10.62323,-45.26299,25.21280
158966282.18400,4.14826,130.64219,195.32956,-10.62315,-44.79310,25.02545
158966283.18400,4.15288,130.59635,195.32750,-10.62306,-44.32322,24.85237
158966284.18400,4.15750,130.55051,195.32544,-10.62298,-43.85334,24.70041
158966285.18400,4.16212,130.50467,195.32339,-10.62289,-43.38345,24.55298
158966286.18400,4.16674,130.45883,195.32135,-10.62281,-42.91357,24.35144
158966287.18400,4.17136,130.41299,195.31931,-10.62272,-42.44369,24.10336
158966288.18400,4.17598,130.36715,195.31727,-10.62264,-41.97381,23.85117
158966289.18400,4.18060,130.32130,195.31522,-10.62255,-41.50392,23.59844
158966290.18400,4.18522,130.27546,195.31318,-10.62246,-41.03404,23.34489
158966291.18400,4.18985,130.22962,195.31113,-10.62238,-40.56416,23.09104
158966292.18400,4.19447,130.18378,195.30908,-10.62229,-40.09428,22.83677
158966293.18400,4.19909,130.13794,195.30703,-10.62221,-39.62439,22.58166
158966294.18400,4.20371,130.09210,195.30498,-10.62212,-39.15451,22.32574
158966295.18400,4.20833,130.04788,195.30292,-10.62204,-38.87198,22.16593
158966296.18400,4.21295,130.00909,195.30087,-10.62195,-39.21772,22.32937
158966297.18400,4.21758,129.97029,195.29881,-10.62187,-39.56346,22.49221
158966298.18400,4.22220,129.93150,195.29675,-10.62178,-39.90920,22.65442
158966299.18400,4.22682,129.89271,195.29470,-10.62170,-40.25494,22.81607
158966300.18400,4.23145,129.85392,195.29263,-10.62161,-40.60068,22.97706
158966301.18400,4.23607,129.81512,195.29057,-10.62153,-40.94642,23.13745
158966302.18400,4.24069,129.77633,195.28851,-10.62144,-41.29216,23.29727
158966303.18400,4.24532,129.73754,195.28644,-10.62135,-41.63790,23.45638
158966304.18400,4.24994,129.69875,195.28437,-10.62127,-41.98364,23.61499
158966305.18400,4.25457,129.65995,195.28231,-10.62118,-42.32938,23.77294
158966306.18400,4.25919,129.62116,195.28024,-10.62110,-42.67512,23.93026
158966307.18400,4.26381,129.58237,195.27816,-10.62101,-43.02086,24.08703
158966308.18400,4.26844,129.54357,195.27609,-10.62093,-43.36660,24.24263
158966309.18400,4.27306,129.50478,195.27402,-10.62084,-43.71234,24.39830
158966310.18400,4.27776,129.46480,195.27194,-10.62076,-43.96826,24.50943
158966311.18400,4.28272,129.42082,195.26986,-10.62067,-43.92298,24.47191
158966312.18400,4.28768,129.37684,195.26778,-10.62059,-43.87769,24.43448
158966313.18400,4.29264,129.33286,195.26570,-10.62050,-43.83241,24.39691
158966314.18400,4.29760,129.28888,195.26362,-10.62041,-43.78713,24.35912
158966315.18400,4.30255,129.24490,195.26154,-10.62033,-43.74185,24.32178
158966316.18400,4.30751,129.20093,195.25945,-10.62024,-43.69656,24.28438
158966317.18400,4.31247,129.15695,195.25736,-10.62016,-43.65128,24.24703
158966318.18400,4.31743,129.11297,195.25528,-10.62007,-43.60600,24.20977
158966319.18400,4.32239,129.06899,195.25319,-10.61999,-43.56071,24.17251
158966320.18400,4.32735,129.02501,195.25110,-10.61990,-43.51543,24.13531
158966321.18400,4.33230,128.98103,195.24900,-10.61981,-43.47015,24.09776
158966322.18400,4.33726,128.93705,195.24691,-10.61973,-43.42487,24.06055
158966323.18400,4.34222,128.89308,195.24481,-10.61964,-43.37958,24.02367
158966324.18400,4.34718,128.84910,195.24272,-10.61956,-43.33430,23.98662
158966325.18400,4.35212,128.80527,195.24062,-10.61947,-43.26754,23.93880
158966326.18400,4.35700,128.76197,195.23852,-10.61939,-43.12876,23.85570
158966327.18400,4.36189,128.71868,195.23642,-10.61930,-42.98998,23.77275
158966328.18400,4.36677,128.67538,195.23431,-10.61921,-42.85120,23.68982
158966329.18400,4.37165,128.63208,195.23221,-10.61913,-42.71242,23.60640
158966330.18400,4.37653,128.58878,195.23010,-10.61904,-42.57364,23.52362
158966331.18400,4.38141,128.54548,195.22799,-10.61896,-42.43486,23.44109
158966332.18400,4.38630,128.50218,195.22588,-10.61887,-42.29608,23.35806
158966333.18400,4.39118,128.45888,195.22377,-10.61879,-42.15730,23.27476
158966334.18400,4.39606,128.41558,195.22166,-10.61870,-42.01852,23.19188
158966335.18400,4.40094,128.37228,195.21955,-10.61861,-41.87974,23.10904
158966336.18400,4.40583,128.32898,195.21743,-10.61853,-41.74096,23.02616
158966337.18400,4.41071,128.28568,195.21532,-10.61844,-41.60218,22.94333
158966338.18400,4.41559,128.24238,195.21320,-10.61836,-41.46340,22.86017
158966339.18400,4.42047,128.19908,195.21108,-10.61827,-41.32462,22.77774
158966340.18400,4.42535,128.15626,195.20896,-10.61818,-41.22627,22.71495
158966341.18400,4.43023,128.11505,195.20683,-10.61810,-41.26349,22.71879
158966342.18400,4.43511,128.07383,195.20471,-10.61801,-41.30071,22.72317
158966343.18400,4.43999,128.03261,195.20258,-10.61793,-41.33793,22.72758
158966344.18400,4.44487,127.99139,195.20046,-10.61784,-41.37514,22.73173
158966345.18400,4.44975,127.95018,195.19833,-10.61776,-41.41236,22.73608
158966346.18400,4.45463,127.90896,195.19620,-10.61767,-41.44958,22.74041
158966347.18400,4.45951,127.86774,195.19407,-10.61758,-41.48680,22.74453
158966348.18400,4.46439,127.82652,195.19193,-10.61750,-41.52402,22.74889
158966349.18400,4.46927,127.78531,195.18980,-10.61741,-41.56124,22.75320
158966350.18400,4.47415,127.74409,195.18766,-10.61733,-41.59846,22.75699
158966351.18400,4.47903,127.70287,195.18552,-10.61724,-41.63567,22.76138
158966352.18400,4.48390,127.66165,195.18338,-10.61715,-41.67289,22.76601
158966353.18400,4.48878,127.62044,195.18124,-10.61707,-41.71011,22.76977
158966354.18400,4.49366,127.57922,195.17910,-10.61698,-41.74733,22.77401
158966355.18400,4.49859,127.53787,195.17696,-10.61689,-41.80164,22.78659
158966356.18400,4.50369,127.49610,195.17481,-10.61681,-41.91326,22.82717
158966357.18400,4.50879,127.45432,195.17267,-10.61672,-42.02488,22.86773
158966358.18400,4.51389,127.41255,195.17052,-10.61664,-42.13650,22.90814
158966359.18400,4.51899,127.37077,195.16837,-10.61655,-42.24812,22.94848
158966360.18400,4.52409,127.32899,195.16622,-10.61646,-42.35974,22.98832
158966361.18400,4.52919,127.28722,195.16406,-10.61638,-42.47136,23.02877
158966362.18400,4.53429,127.24544,195.16191,-10.61629,-42.58298,23.07098
158966363.18400,4.53939,127.20367,195.15975,-10.61620,-42.69460,23.11180
158966364.18400,4.54449,127.16189,195.15760,-10.61611,-42.80622,23.14329
158966365.18400,4.54959,127.12011,195.15544,-10.61603,-42.91784,23.17063
158966366.18400,4.55469,127.07834,195.15327,-10.61594,-43.02946,23.21103
158966367.18400,4.55979,127.03656,195.15111,-10.61585,-43.14108,23.26128
158966368.18400,4.56489,126.99479,195.14895,-10.61576,-43.25270,23.30471
158966369.18400,4.56999,126.95301,195.14678,-10.61568,-43.36432,23.34561
158966370.18400,4.57511,126.91085,195.14461,-10.61559,-43.41758,23.37475
158966371.18400,4.58028,126.86740,195.14245,-10.61550,-43.27513,23.32639
158966372.18400,4.58545,126.82395,195.14029,-10.61541,-43.13269,23.28967
158966373.18400,4.59062,126.78050,195.13813,-10.61533,-42.99024,23.26243
158966374.18400,4.59579,126.73705,195.13598,-10.61524,-42.84779,23.23923
158966375.18400,4.60096,126.69360,195.13383,-10.61515,-42.70534,23.21538
158966376.18400,4.60613,126.65015,195.13168,-10.61506,-42.56290,23.17935
158966377.18400,4.61131,126.60669,195.12954,-10.61498,-42.42045,23.12816
158966378.18400,4.61648,126.56324,195.12740,-10.61489,-42.27800,23.05612
158966379.18400,4.62165,126.51979,195.12526,-10.61480,-42.13555,22.96811
158966380.18400,4.62682,126.47634,195.12311,-10.61471,-41.99311,22.87797
158966381.18400,4.63199,126.43289,195.12097,-10.61463,-41.85066,22.78401
158966382.18400,4.63716,126.38944,195.11882,-10.61454,-41.70821,22.67563
158966383.18400,4.64233,126.34599,195.11666,-10.61445,-41.56576,22.55691
158966384.18400,4.64750,126.30254,195.11450,-10.61436,-41.42332,22.44603
158966385.18400,4.65267,126.25958,195.11234,-10.61427,-41.31168,22.35908
158966386.18400,4.65781,126.21827,195.11017,-10.61419,-41.30335,22.32946
158966387.18400,4.66294,126.17695,195.10800,-10.61410,-41.29502,22.30764
158966388.18400,4.66808,126.13564,195.10583,-10.61401,-41.28669,22.29921
158966389.18400,4.67322,126.09433,195.10366,-10.61392,-41.27836,22.30068
158966390.18400,4.67836,126.05301,195.10149,-10.61383,-41.27003,22.29751
158966391.18400,4.68350,126.01170,195.09932,-10.61375,-41.26170,22.28809
158966392.18400,4.68864,125.97039,195.09715,-10.61366,-41.25337,22.27350
158966393.18400,4.69377,125.92907,195.09498,-10.61357,-41.24504,22.25156
158966394.18400,4.69891,125.88776,195.09280,-10.61348,-41.23671,22.21536
158966395.18400,4.70405,125.84645,195.09062,-10.61339,-41.22838,22.16635
158966396.18400,4.70919,125.80513,195.08844,-10.61330,-41.22005,22.11327
158966397.18400,4.71433,125.76382,195.08625,-10.61321,-41.21172,22.05903
158966398.18400,4.71947,125.72251,195.08405,-10.61312,-41.20339,22.00756
158966399.18400,4.72460,125.68119,195.08185,-10.61303,-41.19506,21.95769
158966400.18400,4.72973,125.63991,195.07964,-10.61294,-41.15215,21.88555
158966401.18400,4.73479,125.59872,195.07743,-10.61285,-40.99328,21.75518
158966402.18400,4.73986,125.55753,195.07521,-10.61276,-40.83441,21.63471
158966403.18400,4.74493,125.51634,195.07299,-10.61267,-40.67554,21.52266
158966404.18400,4.74999,125.47515,195.07076,-10.61258,-40.51668,21.41015
158966405.18400,4.75506,125.43397,195.06853,-10.61249,-40.35781,21.29773
158966406.18400,4.76013,125.39278,195.06630,-10.61240,-40.19894,21.18982
158966407.18400,4.76519,125.35159,195.06406,-10.61231,-40.04007,21.08820
158966408.18400,4.77026,125.31040,195.06182,-10.61222,-39.88120,20.99768
158966409.18400,4.77533,125.26921,195.05958,-10.61213,-39.72234,20.91491
158966410.18400,4.78039,125.22802,195.05734,-10.61204,-39.56347,20.82884
158966411.18400,4.78546,125.18683,195.05509,-10.61195,-39.40460,20.73983
158966412.18400,4.79053,125.14564,195.05285,-10.61185,-39.24573,20.65056
158966413.18400,4.79559,125.10446,195.05060,-10.61176,-39.08686,20.56470
158966414.18400,4.80066,125.06327,195.04835,-10.61167,-38.92800,20.49331
158966415.18400,4.80572,125.02263,195.04611,-10.61158,-38.81821,20.45721
158966416.18400,4.81077,124.98382,195.04386,-10.61149,-38.87303,20.50025
158966417.18400,4.81582,124.94501,195.04162,-10.61140,-38.92784,20.54205
158966418.18400,4.82087,124.90621,195.03938,-10.61131,-38.98265,20.58286
158966419.18400,4.82591,124.86740,195.03714,-10.61122,-39.03747,20.62256
158966420.18400,4.83096,124.82860,195.03490,-10.61113,-39.09228,20.66383
158966421.18400,4.83601,124.78979,195.03267,-10.61104,-39.14710,20.70665
158966422.18400,4.84106,124.75098,195.03044,-10.61094,-39.20191,20.75069
158966423.18400,4.84610,124.71218,195.02821,-10.61085,-39.25673,20.79194
158966424.18400,4.85115,124.67337,195.02598,-10.61076,-39.31154,20.81568
158966425.18400,4.85620,124.63457,195.02374,-10.61067,-39.36636,20.82849
158966426.18400,4.86125,124.59576,195.02151,-10.61058,-39.42117,20.85465
158966427.18400,4.86630,124.55695,195.01928,-10.61049,-39.47599,20.89255
158966428.18400,4.87134,124.51815,195.01705,-10.61040,-39.53080,20.93063
158966429.18400,4.87639,124.47934,195.01482,-10.61031,-39.58562,20.96660
158966430.18400,4.88149,124.44035,195.01259,-10.61022,-39.64959,21.00261
158966431.18400,4.88677,124.40072,195.01036,-10.61013,-39.74426,21.04981
158966432.18400,4.89205,124.36109,195.00813,-10.61004,-39.83893,21.09662
158966433.18400,4.89733,124.32147,195.00591,-10.60995,-39.93360,21.14349
158966434.18400,4.90261,124.28184,195.00368,-10.60985,-40.02827,21.19030
158966435.18400,4.90789,124.24221,195.00145,-10.60976,-40.12294,21.23495
158966436.18400,4.91317,124.20258,194.99922,-10.60967,-40.21761,21.27120
158966437.18400,4.91845,124.16296,194.99699,-10.60958,-40.31229,21.30144
158966438.18400,4.92373,124.12333,194.99476,-10.60949,-40.40696,21.33370
158966439.18400,4.92901,124.08370,194.99253,-10.60940,-40.50163,21.36549
158966440.18400,4.93428,124.04407,194.99029,-10.60931,-40.59630,21.38955
158966441.18400,4.93956,124.00445,194.98805,-10.60922,-40.69097,21.40751
158966442.18400,4.94484,123.96482,194.98581,-10.60913,-40.78564,21.42716
158966443.18400,4.95012,123.92519,194.98357,-10.60903,-40.88031,21.44848
158966444.18400,4.95540,123.88556,194.98132,-10.60894,-40.97498,21.46882
158966445.18400,4.96068,123.84561,194.97907,-10.60885,-41.00513,21.45818
158966446.18400,4.96595,123.80456,194.97682,-10.60876,-40.81888,21.34541
158966447.18400,4.97122,123.76352,194.97456,-10.60867,-40.63262,21.23210
158966448.18400,4.97648,123.72247,194.97231,-10.60857,-40.44637,21.11091
158966449.18400,4.98175,123.68142,194.97004,-10.60848,-40.26012,20.98488
158966450.18400,4.98702,123.64037,194.96777,-10.60839,-40.07386,20.86481
158966451.18400,4.99229,123.59932,194.96550,-10.60830,-39.88761,20.75252
158966452.18400,4.99756,123.55828,194.96323,-10.60820,-39.70136,20.65011
158966453.18400,5.00283,123.51723,194.96096,-10.60811,-39.51511,20.55560
158966454.18400,5.00810,123.47618,194.95868,-10.60802,-39.32885,20.46169
158966455.18400,5.01337,123.43513,194.95641,-10.60793,-39.14260,20.36649
158966456.18400,5.01863,123.39408,194.95413,-10.60783,-38.95635,20.26790
158966457.18400,5.02390,123.35304,194.95185,-10.60774,-38.77010,20.16512
158966458.18400,5.02917,123.31199,194.94957,-10.60765,-38.58384,20.05806
158966459.18400,5.03444,123.27094,194.94729,-10.60755,-38.39759,19.94701
158966460.18400,5.03970,123.23053,194.94501,-10.60746,-38.26527,19.85933
158966461.18400,5.04491,123.19228,194.94272,-10.60737,-38.31382,19.85600
158966462.18400,5.05012,123.15403,194.94043,-10.60727,-38.36237,19.85133
158966463.18400,5.05534,123.11577,194.93813,-10.60718,-38.41092,19.84938
158966464.18400,5.06055,123.07752,194.93583,-10.60709,-38.45947,19.86277
158966465.18400,5.06576,123.03926,194.93353,-10.60699,-38.50803,19.88912
158966466.18400,5.07097,123.00101,194.93124,-10.60690,-38.55658,19.91665
158966467.18400,5.07619,122.96276,194.92894,-10.60681,-38.60513,19.94441
158966468.18400,5.08140,122.92450,194.92664,-10.60671,-38.65368,19.97202
158966469.18400,5.08661,122.88625,194.92435,-10.60662,-38.70223,19.99938
158966470.18400,5.09183,122.84799,194.92205,-10.60653,-38.75078,20.02692
158966471.18400,5.09704,122.80974,194.91976,-10.60644,-38.79933,20.05486
158966472.18400,5.10225,122.77149,194.91746,-10.60634,-38.84788,20.08244
158966473.18400,5.10747,122.73323,194.91517,-10.60625,-38.89643,20.11011
158966474.18400,5.11268,122.69498,194.91288,-10.60616,-38.94498,20.13790
158966475.18400,5.11795,122.65656,194.91058,-10.60606,-39.01120,20.17381
158966476.18400,5.12344,122.61757,194.90829,-10.60597,-39.13667,20.23778
158966477.18400,5.12892,122.57859,194.90600,-10.60588,-39.26215,20.30212
158966478.18400,5.13441,122.53961,194.90371,-10.60579,-39.38762,20.36643
158966479.18400,5.13989,122.50063,194.90142,-10.60569,-39.51309,20.43057
158966480.18400,5.14537,122.46164,194.89913,-10.60560,-39.63857,20.49461
158966481.18400,5.15086,122.42266,194.89684,-10.60551,-39.76404,20.55845
158966482.18400,5.15634,122.38368,194.89455,-10.60542,-39.88951,20.62293
158966483.18400,5.16182,122.34469,194.89226,-10.60532,-40.01499,20.68714
158966484.18400,5.16731,122.30571,194.88997,-10.60523,-40.14046,20.75092
158966485.18400,5.17279,122.26673,194.88769,-10.60514,-40.26593,20.81484
158966486.18400,5.17827,122.22775,194.88540,-10.60505,-40.39141,20.87868
158966487.18400,5.18376,122.18876,194.88311,-10.60495,-40.51688,20.94264
158966488.18400,5.18924,122.14978,194.88083,-10.60486,-40.64235,21.00704
158966489.18400,5.19472,122.11080,194.87854,-10.60477,-40.76783,21.07082
158966490.18400,5.20024,122.07138,194.87626,-10.60468,-40.84758,21.11291
158966491.18400,5.20587,122.03052,194.87397,-10.60458,-40.77400,21.08317
158966492.18400,5.21150,121.98965,194.87169,-10.60449,-40.70042,21.05331
158966493.18400,5.21714,121.94879,194.86941,-10.60440,-40.62684,21.02332
158966494.18400,5.22277,121.90792,194.86712,-10.60431,-40.55326,20.99303
158966495.18400,5.22840,121.86706,194.86484,-10.60422,-40.47969,20.96284
158966496.18400,5.23403,121.82620,194.86256,-10.60412,-40.40611,20.93300
158966497.18400,5.23966,121.78533,194.86028,-10.60403,-40.33253,20.90290
158966498.18400,5.24530,121.74447,194.85800,-10.60394,-40.25895,20.87265
158966499.18400,5.25093,121.70360,194.85572,-10.60385,-40.18537,20.84270
158966500.18400,5.25656,121.66274,194.85344,-10.60376,-40.11179,20.81253
158966501.18400,5.26219,121.62187,194.85116,-10.60366,-40.03821,20.78220
158966502.18400,5.26782,121.58101,194.84888,-10.60357,-39.96463,20.75213
158966503.18400,5.27345,121.54014,194.84660,-10.60348,-39.89106,20.72186
158966504.18400,5.27909,121.49928,194.84433,-10.60339,-39.81748,20.69133
158966505.18400,5.28467,121.45867,194.84205,-10.60330,-39.71767,20.64845
158966506.18400,5.29011,121.41891,194.83977,-10.60320,-39.52989,20.56386
158966507.18400,5.29554,121.37915,194.83750,-10.60311,-39.34212,20.47914
158966508.18400,5.30098,121.33938,194.83522,-10.60302,-39.15434,20.39401
158966509.18400,5.30641,121.29962,194.83295,-10.60293,-38.96657,20.30885
158966510.18400,5.31185,121.25986,194.83067,-10.60284,-38.77879,20.22354
158966511.18400,5.31728,121.22010,194.82840,-10.60275,-38.59102,20.13820
158966512.18400,5.32272,121.18034,194.82613,-10.60266,-38.40324,20.05250
158966513.18400,5.32815,121.14058,194.82386,-10.60256,-38.21547,19.96655
158966514.18400,5.33359,121.10082,194.82158,-10.60247,-38.02769,19.88105
158966515.18400,5.33902,121.06106,194.81931,-10.60238,-37.83991,19.79496
158966516.18400,5.34446,121.02130,194.81704,-10.60229,-37.65214,19.70861
158966517.18400,5.34989,120.98154,194.81477,-10.60220,-37.46436,19.62245
158966518.18400,5.35532,120.94178,194.81250,-10.60211,-37.27659,19.53617
158966519.18400,5.36076,120.90202,194.81023,-10.60202,-37.08881,19.44962
158966520.18400,5.36621,120.86290,194.80796,-10.60192,-36.98687,19.40435
158966521.18400,5.37172,120.82596,194.80569,-10.60183,-37.17277,19.49920
158966522.18400,5.37723,120.78902,194.80343,-10.60174,-37.35868,19.59412
158966523.18400,5.38274,120.75207,194.80116,-10.60165,-37.54458,19.68839
158966524.18400,5.38825,120.71513,194.79889,-10.60156,-37.73048,19.78264
158966525.18400,5.39376,120.67818,194.79663,-10.60147,-37.91638,19.87722
158966526.18400,5.39927,120.64124,194.79436,-10.60138,-38.10228,19.97192
158966527.18400,5.40478,120.60430,194.79210,-10.60129,-38.28819,20.06609
158966528.18400,5.41030,120.56735,194.78983,-10.60120,-38.47409,20.16004
158966529.18400,5.41581,120.53041,194.78757,-10.60110,-38.65999,20.25457
158966530.18400,5.42132,120.49346,194.78530,-10.60101,-38.84589,20.34859
158966531.18400,5.42683,120.45652,194.78304,-10.60092,-39.03179,20.44228
158966532.18400,5.43234,120.41958,194.78078,-10.60083,-39.21770,20.53655
158966533.18400,5.43785,120.38263,194.77852,-10.60074,-39.40360,20.63032
158966534.18400,5.44336,120.34569,194.77626,-10.60065,-39.58950,20.72383
158966535.18400,5.44896,120.30810,194.77400,-10.60056,-39.75057,20.80607
158966536.18400,5.45485,120.26837,194.77173,-10.60047,-39.82839,20.84796
158966537.18400,5.46075,120.22864,194.76948,-10.60038,-39.90621,20.88962
158966538.18400,5.46665,120.18891,194.76722,-10.60029,-39.98403,20.93175
158966539.18400,5.47254,120.14917,194.76496,-10.60020,-40.06185,20.97393
158966540.18400,5.47844,120.10944,194.76270,-10.60010,-40.13966,21.01587
158966541.18400,5.48433,120.06971,194.76044,-10.60001,-40.21748,21.06168
158966542.18400,5.49023,120.02997,194.75819,-10.59992,-40.29530,21.12308
158966543.18400,5.49613,119.99024,194.75593,-10.59983,-40.37312,21.19799
158966544.18400,5.50202,119.95051,194.75369,-10.59974,-40.45094,21.27617
158966545.18400,5.50792,119.91078,194.75144,-10.59965,-40.52875,21.35680
158966546.18400,5.51382,119.87104,194.74921,-10.59956,-40.60657,21.44194
158966547.18400,5.51971,119.83131,194.74697,-10.59947,-40.68439,21.53244
158966548.18400,5.52561,119.79158,194.74475,-10.59938,-40.76221,21.63100
158966549.18400,5.53151,119.75185,194.74253,-10.59929,-40.84003,21.73741
158966550.18400,5.53735,119.71185,194.74032,-10.59920,-40.80949,21.79798
158966551.18400,5.54300,119.67095,194.73812,-10.59911,-40.41558,21.68740
158966552.18400,5.54865,119.63005,194.73593,-10.59902,-40.02167,21.57773
158966553.18400,5.55431,119.58915,194.73375,-10.59893,-39.62777,21.46446
158966554.18400,5.55996,119.54825,194.73157,-10.59885,-39.23386,21.33637
158966555.18400,5.56562,119.50735,194.72940,-10.59876,-38.83995,21.19764
158966556.18400,5.57127,119.46645,194.72724,-10.59867,-38.44604,21.06311
158966557.18400,5.57692,119.42555,194.72509,-10.59858,-38.05213,20.93056
158966558.18400,5.58258,119.38465,194.72294,-10.59849,-37.65823,20.78631
158966559.18400,5.58823,119.34375,194.72080,-10.59841,-37.26432,20.63164
158966560.18400,5.59388,119.30285,194.71866,-10.59832,-36.87041,20.47495
158966561.18400,5.59954,119.26195,194.71653,-10.59823,-36.47650,20.31422
158966562.18400,5.60519,119.22105,194.71440,-10.59814,-36.08259,20.14164
158966563.18400,5.61085,119.18015,194.71228,-10.59806,-35.68869,19.95885
158966564.18400,5.61650,119.13925,194.71015,-10.59797,-35.29478,19.77447
158966565.18400,5.62211,119.09970,194.70803,-10.59788,-35.01559,19.64733
158966566.18400,5.62755,119.06471,194.70591,-10.59780,-35.12112,19.71246
158966567.18400,5.63300,119.02972,194.70380,-10.59771,-35.22665,19.77621
158966568.18400,5.63844,118.99473,194.70168,-10.59763,-35.33218,19.85579
158966569.18400,5.64389,118.95974,194.69956,-10.59754,-35.43770,19.94698
158966570.18400,5.64933,118.92475,194.69746,-10.59746,-35.54323,20.03325
158966571.18400,5.65478,118.88975,194.69535,-10.59737,-35.64876,20.11431
158966572.18400,5.66022,118.85476,194.69325,-10.59729,-35.75429,20.19560
158966573.18400,5.66567,118.81977,194.69115,-10.59720,-35.85982,20.27870
158966574.18400,5.67111,118.78478,194.68905,-10.59712,-35.96535,20.36376
158966575.18400,5.67656,118.74979,194.68696,-10.59703,-36.07088,20.44975
158966576.18400,5.68200,118.71480,194.68487,-10.59695,-36.17641,20.53450
158966577.18400,5.68745,118.67981,194.68278,-10.59686,-36.28193,20.61757
158966578.18400,5.69289,118.64482,194.68070,-10.59678,-36.38746,20.69766
158966579.18400,5.69834,118.60982,194.67862,-10.59670,-36.49299,20.77561
158966580.18400,5.70382,118.57447,194.67654,-10.59661,-36.56638,20.83716
158966581.18400,5.70945,118.53789,194.67446,-10.59653,-36.53199,20.84103
158966582.18400,5.71508,118.50132,194.67239,-10.59644,-36.49760,20.83894
158966583.18400,5.72071,118.46474,194.67032,-10.59636,-36.46320,20.83369
158966584.18400,5.72633,118.42817,194.66824,-10.59628,-36.42881,20.83559
158966585.18400,5.73196,118.39160,194.66618,-10.59619,-36.39442,20.84371
158966586.18400,5.73759,118.35502,194.66411,-10.59611,-36.36003,20.85181
158966587.18400,5.74322,118.31845,194.66205,-10.59603,-36.32564,20.86056
158966588.18400,5.74884,118.28187,194.65999,-10.59595,-36.29124,20.87099
158966589.18400,5.75447,118.24530,194.65793,-10.59586,-36.25685,20.88573
158966590.18400,5.76010,118.20872,194.65588,-10.59578,-36.22246,20.91211
158966591.18400,5.76573,118.17215,194.65383,-10.59570,-36.18807,20.94859
158966592.18400,5.77136,118.13557,194.65179,-10.59562,-36.15368,20.98690
158966593.18400,5.77698,118.09900,194.64975,-10.59554,-36.11928,21.02609
158966594.18400,5.78261,118.06242,194.64773,-10.59546,-36.08489,21.06620
158966595.18400,5.78829,118.02597,194.64570,-10.59537,-36.09079,21.12828
158966596.18400,5.79414,117.98991,194.64369,-10.59529,-36.23179,21.25910
158966597.18400,5.79999,117.95385,194.64167,-10.59521,-36.37280,21.38753
158966598.18400,5.80584,117.91779,194.63967,-10.59513,-36.51380,21.52253
158966599.18400,5.81169,117.88174,194.63767,-10.59505,-36.65480,21.66583
158966600.18400,5.81754,117.84568,194.63568,-10.59497,-36.79581,21.81924
158966601.18400,5.82340,117.80962,194.63369,-10.59489,-36.93681,21.97861
158966602.18400,5.82925,117.77356,194.63172,-10.59481,-37.07781,22.12876
158966603.18400,5.83510,117.73750,194.62975,-10.59473,-37.21882,22.26887
158966604.18400,5.84095,117.70145,194.62779,-10.59465,-37.35982,22.40424
158966605.18400,5.84680,117.66539,194.62583,-10.59458,-37.50082,22.53222
158966606.18400,5.85265,117.62933,194.62388,-10.59450,-37.64183,22.64664
158966607.18400,5.85850,117.59327,194.62193,-10.59442,-37.78283,22.74848
158966608.18400,5.86435,117.55721,194.61998,-10.59434,-37.92383,22.84071
158966609.18400,5.87020,117.52116,194.61803,-10.59426,-38.06484,22.92480
158966610.18400,5.87607,117.48461,194.61608,-10.59418,-38.13613,22.96695
158966611.18400,5.88198,117.44644,194.61414,-10.59410,-37.97366,22.87818
158966612.18400,5.88790,117.40826,194.61219,-10.59402,-37.81118,22.78148
158966613.18400,5.89382,117.37009,194.61024,-10.59394,-37.64871,22.68284
158966614.18400,5.89973,117.33192,194.60829,-10.59387,-37.48624,22.60388
158966615.18400,5.90565,117.29374,194.60635,-10.59379,-37.32377,22.54050
158966616.18400,5.91156,117.25557,194.60440,-10.59371,-37.16129,22.46748
158966617.18400,5.91748,117.21740,194.60246,-10.59363,-36.99882,22.38616
158966618.18400,5.92340,117.17922,194.60052,-10.59355,-36.83635,22.30989
158966619.18400,5.92931,117.14105,194.59858,-10.59347,-36.67388,22.24020
158966620.18400,5.93523,117.10288,194.59664,-10.59339,-36.51140,22.17624
158966621.18400,5.94114,117.06470,194.59470,-10.59332,-36.34893,22.11026
158966622.18400,5.94706,117.02653,194.59277,-10.59324,-36.18646,22.02411
158966623.18400,5.95298,116.98836,194.59083,-10.59316,-36.02399,21.92059
158966624.18400,5.95889,116.95018,194.58889,-10.59308,-35.86151,21.81422
158966625.18400,5.96477,116.91257,194.58695,-10.59300,-35.72876,21.72385
158966626.18400,5.97053,116.87683,194.58501,-10.59292,-35.69570,21.68746
158966627.18400,5.97630,116.84110,194.58307,-10.59284,-35.66263,21.65205
158966628.18400,5.98206,116.80536,194.58112,-10.59276,-35.62957,21.62546
158966629.18400,5.98782,116.76962,194.57918,-10.59269,-35.59650,21.60968
158966630.18400,5.99358,116.73389,194.57724,-10.59261,-35.56343,21.60275
158966631.18400,5.99934,116.69815,194.57529,-10.59253,-35.53037,21.60345
158966632.18400,6.00510,116.66241,194.57335,-10.59245,-35.49730,21.61044
158966633.18400,6.01086,116.62668,194.57142,-10.59237,-35.46424,21.62517
158966634.18400,6.01662,116.59094,194.56948,-10.59229,-35.43117,21.65473
158966635.18400,6.02239,116.55520,194.56755,-10.59222,-35.39810,21.69920
158966636.18400,6.02815,116.51947,194.56563,-10.59214,-35.36504,21.75516
158966637.18400,6.03391,116.48373,194.56372,-10.59206,-35.33197,21.81988
158966638.18400,6.03967,116.44799,194.56181,-10.59198,-35.29891,21.88590
158966639.18400,6.04543,116.41226,194.55992,-10.59191,-35.26584,21.94990
158966640.18400,6.05119,116.37664,194.55803,-10.59183,-35.23099,22.00395
158966641.18400,6.05695,116.34140,194.55614,-10.59175,-35.19015,22.04484
158966642.18400,6.06270,116.30616,194.55427,-10.59168,-35.14931,22.07682
158966643.18400,6.06846,116.27092,194.55239,-10.59160,-35.10848,22.10119
158966644.18400,6.07421,116.23568,194.55052,-10.59153,-35.06764,22.12156
158966645.18400,6.07997,116.20044,194.54866,-10.59145,-35.02680,22.13937
158966646.18400,6.08573,116.16520,194.54680,-10.59138,-34.98596,22.15694
158966647.18400,6.09148,116.12996,194.54494,-10.59130,-34.94512,22.17489
158966648.18400,6.09724,116.09472,194.54309,-10.59123,-34.90429,22.19292
158966649.18400,6.10299,116.05948,194.54124,-10.59116,-34.86345,22.21063
158966650.18400,6.10875,116.02424,194.53939,-10.59108,-34.82261,22.22847
158966651.18400,6.11451,115.98900,194.53755,-10.59101,-34.78177,22.24633
158966652.18400,6.12026,115.95376,194.53571,-10.59094,-34.74093,22.26418
158966653.18400,6.12602,115.91852,194.53387,-10.59087,-34.70010,22.28211
158966654.18400,6.13177,115.88328,194.53204,-10.59080,-34.65926,22.30042
158966655.18400,6.13760,115.84818,194.53022,-10.59072,-34.67952,22.35433
158966656.18400,6.14369,115.81355,194.52839,-10.59065,-34.90470,22.52713
158966657.18400,6.14977,115.77892,194.52657,-10.59058,-35.12987,22.70032
158966658.18400,6.15586,115.74429,194.52476,-10.59051,-35.35505,22.87380
158966659.18400,6.16194,115.70966,194.52295,-10.59044,-35.58023,23.04780
158966660.18400,6.16803,115.67504,194.52114,-10.59037,-35.80540,23.22187
158966661.18400,6.17411,115.64041,194.51933,-10.59029,-36.03058,23.39646
158966662.18400,6.18019,115.60578,194.51753,-10.59022,-36.25575,23.57130
158966663.18400,6.18628,115.57115,194.51574,-10.59015,-36.48093,23.74592
158966664.18400,6.19236,115.53652,194.51394,-10.59008,-36.70611,23.92135
158966665.18400,6.19845,115.50190,194.51215,-10.59001,-36.93128,24.09678
158966666.18400,6.20453,115.46727,194.51037,-10.58994,-37.15646,24.27242
158966667.18400,6.21061,115.43264,194.50859,-10.58987,-37.38163,24.44860
158966668.18400,6.21670,115.39801,194.50681,-10.58980,-37.60681,24.62486
158966669.18400,6.22278,115.36338,194.50503,-10.58973,-37.83199,24.80129
158966670.18400,6.22891,115.32798,194.50326,-10.58966,-37.97287,24.92967
158966671.18400,6.23520,115.28997,194.50150,-10.58959,-37.83107,24.89510
158966672.18400,6.24149,115.25197,194.49973,-10.58952,-37.68927,24.86037
158966673.18400,6.24778,115.21396,194.49797,-10.58945,-37.54747,24.82491
158966674.18400,6.25407,115.17596,194.49622,-10.58938,-37.40567,24.78927
158966675.18400,6.26036,115.13795,194.49447,-10.58931,-37.26387,24.75441
158966676.18400,6.26665,115.09995,194.49272,-10.58924,-37.12207,24.71899
158966677.18400,6.27294,115.06194,194.49098,-10.58918,-36.98027,24.68269
158966678.18400,6.27923,115.02394,194.48924,-10.58911,-36.83847,24.64698
158966679.18400,6.28551,114.98593,194.48750,-10.58904,-36.69667,24.61076
158966680.18400,6.29180,114.94793,194.48577,-10.58897,-36.55488,24.57437
158966681.18400,6.29809,114.90992,194.48404,-10.58890,-36.41308,24.53802
158966682.18400,6.30438,114.87192,194.48231,-10.58883,-36.27128,24.50116
158966683.18400,6.31067,114.83391,194.48059,-10.58877,-36.12948,24.46454
158966684.18400,6.31696,114.79591,194.47887,-10.58870,-35.98768,24.42764
158966685.18400,6.32317,114.75839,194.47716,-10.58863,-35.82564,24.37773
158966686.18400,6.32909,114.72251,194.47545,-10.58856,-35.59571,24.28699
158966687.18400,6.33502,114.68663,194.47374,-10.58850,-35.36578,24.19627
158966688.18400,6.34095,114.65075,194.47204,-10.58843,-35.13585,24.10441
158966689.18400,6.34688,114.61487,194.47034,-10.58836,-34.90592,24.01210
158966690.18400,6.35281,114.57900,194.46865,-10.58830,-34.67599,23.91913
158966691.18400,6.35874,114.54312,194.46696,-10.58823,-34.44606,23.82560
158966692.18400,6.36466,114.50724,194.46527,-10.58816,-34.21613,23.73213
158966693.18400,6.37059,114.47136,194.46359,-10.58810,-33.98620,23.63786
158966694.18400,6.37652,114.43548,194.46191,-10.58803,-33.75627,23.54238
158966695.18400,6.38245,114.39960,194.46023,-10.58796,-33.52634,23.44661
158966696.18400,6.38838,114.36372,194.45856,-10.58790,-33.29641,23.35058
158966697.18400,6.39431,114.32784,194.45689,-10.58783,-33.06648,23.25402
158966698.18400,6.40023,114.29197,194.45523,-10.58777,-32.83655,23.15689
158966699.18400,6.40616,114.25609,194.45356,-10.58770,-32.60662,23.05904
158966700.18400,6.41212,114.22100,194.45191,-10.58763,-32.48368,23.02805
158966701.18400,6.41818,114.18857,194.45025,-10.58757,-32.71955,23.22528
158966702.18400,6.42425,114.15614,194.44860,-10.58750,-32.95543,23.42334
158966703.18400,6.43031,114.12371,194.44696,-10.58744,-33.19130,23.62119
158966704.18400,6.43637,114.09128,194.44532,-10.58737,-33.42718,23.81937
158966705.18400,6.44243,114.05885,194.44368,-10.58731,-33.66305,24.01813
158966706.18400,6.44850,114.02642,194.44205,-10.58724,-33.89892,24.21729
158966707.18400,6.45456,113.99400,194.44041,-10.58718,-34.13480,24.41668
158966708.18400,6.46062,113.96157,194.43879,-10.58712,-34.37067,24.61610
158966709.18400,6.46668,113.92914,194.43716,-10.58705,-34.60655,24.81616
158966710.18400,6.47274,113.89671,194.43555,-10.58699,-34.84242,25.01630
158966711.18400,6.47881,113.86428,194.43393,-10.58692,-35.07829,25.21659
158966712.18400,6.48487,113.83185,194.43232,-10.58686,-35.31417,25.41721
158966713.18400,6.49093,113.79942,194.43071,-10.58680,-35.55004,25.61824
158966714.18400,6.49699,113.76699,194.42911,-10.58673,-35.78592,25.81972
158966715.18400,6.50314,113.73375,194.42751,-10.58667,-35.95846,25.98139
158966716.18400,6.50957,113.69778,194.42591,-10.58661,-35.91864,26.01030
158966717.18400,6.51601,113.66181,194.42432,-10.58654,-35.87881,26.03908
158966718.18400,6.52244,113.62584,194.42273,-10.58648,-35.83899,26.06827
158966719.18400,6.52887,113.58988,194.42114,-10.58642,-35.79917,26.09791
158966720.18400,6.53530,113.55391,194.41956,-10.58635,-35.75934,26.12673
158966721.18400,6.54173,113.51794,194.41799,-10.58629,-35.71952,26.15610
158966722.18400,6.54817,113.48197,194.41641,-10.58623,-35.67969,26.18622
158966723.18400,6.55460,113.44600,194.41484,-10.58617,-35.63987,26.21568
158966724.18400,6.56103,113.41004,194.41328,-10.58611,-35.60005,26.24544
158966725.18400,6.56746,113.37407,194.41171,-10.58605,-35.56022,26.27569
158966726.18400,6.57390,113.33810,194.41016,-10.58598,-35.52040,26.30595
158966727.18400,6.58033,113.30213,194.40860,-10.58592,-35.48057,26.34615
158966728.18400,6.58676,113.26616,194.40705,-10.58586,-35.44075,26.42584
158966729.18400,6.59319,113.23020,194.40551,-10.58580,-35.40093,26.53846
158966730.18400,6.59959,113.19437,194.40398,-10.58574,-35.33586,26.63945
158966731.18400,6.60590,113.15900,194.40246,-10.58568,-35.18616,26.67919
158966732.18400,6.61221,113.12363,194.40095,-10.58562,-35.03645,26.69258
158966733.18400,6.61851,113.08826,194.39944,-10.58556,-34.88674,26.67937
158966734.18400,6.62482,113.05289,194.39794,-10.58551,-34.73704,26.64077
158966735.18400,6.63113,113.01752,194.39644,-10.58545,-34.58733,26.58202
158966736.18400,6.63743,112.98215,194.39494,-10.58539,-34.43763,26.51347
158966737.18400,6.64374,112.94678,194.39345,-10.58533,-34.28792,26.43598
158966738.18400,6.65004,112.91141,194.39195,-10.58527,-34.13821,26.34802
158966739.18400,6.65635,112.87604,194.39046,-10.58521,-33.98851,26.25288
158966740.18400,6.66266,112.84067,194.38897,-10.58515,-33.83880,26.16236
158966741.18400,6.66896,112.80530,194.38747,-10.58509,-33.68910,26.07632
158966742.18400,6.67527,112.76993,194.38598,-10.58504,-33.53939,25.99539
158966743.18400,6.68158,112.73456,194.38449,-10.58498,-33.38968,25.92184
158966744.18400,6.68788,112.69919,194.38301,-10.58492,-33.23998,25.86334
158966745.18400,6.69415,112.66433,194.38152,-10.58486,-33.11073,25.83296
158966746.18400,6.70030,112.63121,194.38004,-10.58480,-33.05010,25.85981
158966747.18400,6.70644,112.59808,194.37857,-10.58474,-32.98948,25.89810
158966748.18400,6.71259,112.56496,194.37710,-10.58469,-32.92885,25.94745
158966749.18400,6.71873,112.53183,194.37563,-10.58463,-32.86822,26.00973
158966750.18400,6.72488,112.49871,194.37418,-10.58457,-32.80759,26.09135
158966751.18400,6.73102,112.46558,194.37273,-10.58451,-32.74696,26.18592
158966752.18400,6.73717,112.43246,194.37129,-10.58446,-32.68633,26.27523
158966753.18400,6.74331,112.39933,194.36986,-10.58440,-32.62570,26.36024
158966754.18400,6.74946,112.36621,194.36844,-10.58434,-32.56508,26.44529
158966755.18400,6.75560,112.33308,194.36702,-10.58428,-32.50445,26.52445
158966756.18400,6.76175,112.29996,194.36561,-10.58423,-32.44382,26.58156
158966757.18400,6.76790,112.26684,194.36421,-10.58417,-32.38319,26.61385
158966758.18400,6.77404,112.23371,194.36281,-10.58411,-32.32256,26.62306
158966759.18400,6.78019,112.20059,194.36142,-10.58406,-32.26193,26.60960
158966760.18400,6.78648,112.16767,194.36002,-10.58400,-32.31296,26.64964
158966761.18400,6.79327,112.13545,194.35863,-10.58394,-32.73842,26.93769
158966762.18400,6.80006,112.10324,194.35723,-10.58388,-33.16388,27.23444
158966763.18400,6.80685,112.07102,194.35583,-10.58383,-33.58935,27.53439
158966764.18400,6.81364,112.03881,194.35444,-10.58377,-34.01481,27.81030
158966765.18400,6.82042,112.00659,194.35304,-10.58371,-34.44027,28.05885
158966766.18400,6.82721,111.97438,194.35164,-10.58365,-34.86573,28.28180
158966767.18400,6.83400,111.94216,194.35023,-10.58360,-35.29120,28.48486
158966768.18400,6.84079,111.90995,194.34882,-10.58354,-35.71666,28.67691
158966769.18400,6.84758,111.87773,194.34740,-10.58348,-36.14212,28.86646
158966770.18400,6.85437,111.84552,194.34598,-10.58342,-36.56759,29.07529
158966771.18400,6.86116,111.81330,194.34455,-10.58336,-36.99305,29.29488
158966772.18400,6.86795,111.78109,194.34312,-10.58330,-37.41851,29.49380
158966773.18400,6.87474,111.74887,194.34168,-10.58324,-37.84397,29.67227
158966774.18400,6.88152,111.71666,194.34024,-10.58318,-38.26944,29.84522
158966775.18400,6.88852,111.68297,194.33879,-10.58312,-38.61737,29.95802
158966776.18400,6.89619,111.64438,194.33733,-10.58306,-38.70532,29.87409
158966777.18400,6.90386,111.60578,194.33587,-10.58300,-38.79327,29.75893
158966778.18400,6.91153,111.56718,194.33439,-10.58294,-38.88121,29.61847
158966779.18400,6.91920,111.52858,194.33290,-10.58288,-38.96916,29.45214
158966780.18400,6.92687,111.48999,194.33140,-10.58282,-39.05711,29.25601
158966781.18400,6.93454,111.45139,194.32988,-10.58276,-39.14506,29.03741
158966782.18400,6.94221,111.41279,194.32834,-10.58270,-39.23300,28.81620
158966783.18400,6.94988,111.37420,194.32679,-10.58264,-39.32095,28.62913
158966784.18400,6.95756,111.33560,194.32522,-10.58258,-39.40890,28.57146
158966785.18400,6.96523,111.29700,194.32365,-10.58252,-39.49684,28.64544
158966786.18400,6.97290,111.25840,194.32208,-10.58246,-39.58479,28.82448
158966787.18400,6.98057,111.21981,194.32053,-10.58240,-39.67274,29.08316
158966788.18400,6.98824,111.18121,194.31899,-10.58234,-39.76069,29.35359
158966789.18400,6.99591,111.14261,194.31746,-10.58228,-39.84863,29.60856
158966790.18400,7.00390,111.10371,194.31595,-10.58223,-40.07872,29.87862
158966791.18400,7.01295,111.06380,194.31444,-10.58217,-40.78545,30.41967
158966792.18400,7.02200,111.02388,194.31294,-10.58211,-41.49219,31.10908
158966793.18400,7.03105,110.98396,194.31146,-10.58205,-42.19893,31.89063
158966794.18400,7.04010,110.94405,194.31000,-10.58199,-42.90566,32.51959
158966795.18400,7.04915,110.90413,194.30854,-10.58193,-43.61240,33.03763
158966796.18400,7.05820,110.86422,194.30709,-10.58188,-44.31914,33.67851
158966797.18400,7.06725,110.82430,194.30565,-10.58182,-45.02587,34.42570
158966798.18400,7.07630,110.78438,194.30424,-10.58176,-45.73261,35.12511
158966799.18400,7.08535,110.74447,194.30284,-10.58171,-46.43935,35.75982
158966800.18400,7.09440,110.70455,194.30144,-10.58165,-47.14608,36.34379
158966801.18400,7.10345,110.66464,194.30006,-10.58159,-47.85282,36.89303
158966802.18400,7.11250,110.62472,194.29868,-10.58154,-48.55956,37.45604
158966803.18400,7.12154,110.58480,194.29731,-10.58148,-49.26629,38.02692
158966804.18400,7.13059,110.54489,194.29595,-10.58142,-49.97303,38.57170
158966805.18400,7.14022,110.50254,194.29459,-10.58137,-50.68908,39.09916
158966806.18400,7.15176,110.45202,194.29324,-10.58131,-51.43635,39.64207
158966807.18400,7.16330,110.40150,194.29190,-10.58126,-52.18361,40.17739
158966808.18400,7.17485,110.35098,194.29056,-10.58120,-52.93088,40.68079
158966809.18400,7.18639,110.30047,194.28923,-10.58115,-53.67815,41.16159
158966810.18400,7.19793,110.24995,194.28790,-10.58110,-54.42542,41.65755
158966811.18400,7.20948,110.19943,194.28657,-10.58104,-55.17269,42.15899
158966812.18400,7.22102,110.14891,194.28525,-10.58099,-55.91995,42.62587
158966813.18400,7.23256,110.09840,194.28394,-10.58094,-56.66722,43.06079
158966814.18400,7.24411,110.04788,194.28262,-10.58088,-57.41449,43.48298
158966815.18400,7.25565,109.99736,194.28131,-10.58083,-58.16176,43.88040
158966816.18400,7.26719,109.94685,194.28000,-10.58078,-58.90903,44.21068
158966817.18400,7.27874,109.89633,194.27868,-10.58072,-59.65629,44.50719
158966818.18400,7.29028,109.84581,194.27737,-10.58067,-60.40356,44.88218
158966819.18400,7.30182,109.79529,194.27605,-10.58062,-61.15083,45.32728
158966820.18400,7.31380,109.74220,194.27474,-10.58056,-61.78175,45.72455
158966821.18400,7.32724,109.68047,194.27344,-10.58051,-62.02249,45.92525
158966822.18400,7.34068,109.61875,194.27214,-10.58046,-62.26323,46.07211
158966823.18400,7.35412,109.55702,194.27084,-10.58041,-62.50397,46.17961
158966824.18400,7.36756,109.49529,194.26954,-10.58035,-62.74471,46.29098
158966825.18400,7.38100,109.43357,194.26823,-10.58030,-62.98545,46.40996
158966826.18400,7.39444,109.37184,194.26693,-10.58025,-63.22619,46.53034
158966827.18400,7.40788,109.31011,194.26563,-10.58019,-63.46693,46.65015
158966828.18400,7.42132,109.24839,194.26433,-10.58014,-63.70767,46.77000
158966829.18400,7.43476,109.18666,194.26304,-10.58009,-63.94841,46.88872
158966830.18400,7.44820,109.12493,194.26174,-10.58003,-64.18915,47.00658
158966831.18400,7.46164,109.06321,194.26044,-10.57998,-64.42990,47.12402
158966832.18400,7.47508,109.00148,194.25914,-10.57993,-64.67064,47.24115
158966833.18400,7.48852,108.93975,194.25784,-10.57987,-64.91138,47.35857
158966834.18400,7.50196,108.87803,194.25655,-10.57982,-65.15212,47.47591
158966835.18400,7.51580,108.81547,194.25525,-10.57977,-65.46558,47.62384
158966836.18400,7.53096,108.75013,194.25395,-10.57971,-66.02291,47.87617
158966837.18400,7.54612,108.68480,194.25266,-10.57966,-66.58024,48.12692
158966838.18400,7.56128,108.61946,194.25136,-10.57961,-67.13758,48.37524
158966839.18400,7.57645,108.55412,194.25007,-10.57955,-67.69491,48.62133
158966840.18400,7.59161,108.48879,194.24878,-10.57950,-68.25224,48.86539
158966841.18400,7.60677,108.42345,194.24748,-10.57945,-68.80958,49.10634
158966842.18400,7.62194,108.35811,194.24619,-10.57939,-69.36691,49.34659
158966843.18400,7.63710,108.29277,194.24490,-10.57934,-69.92424,49.58396
158966844.18400,7.65226,108.22744,194.24361,-10.57929,-70.48157,49.81897
158966845.18400,7.66742,108.16210,194.24231,-10.57923,-71.03891,50.05250
158966846.18400,7.68259,108.09676,194.24102,-10.57918,-71.59624,50.28360
158966847.18400,7.69775,108.03142,194.23973,-10.57913,-72.15357,50.51274
158966848.18400,7.71291,107.96609,194.23844,-10.57907,-72.71090,50.73977
158966849.18400,7.72808,107.90075,194.23715,-10.57902,-73.26824,50.96510
158966850.18400,7.74352,107.83349,194.23586,-10.57897,-73.67505,51.13035
158966851.18400,7.75993,107.75979,194.23457,-10.57892,-73.57711,51.10476
158966852.18400,7.77633,107.68610,194.23329,-10.57886,-73.47917,51.07805
158966853.18400,7.79273,107.61240,194.23200,-10.57881,-73.38123,51.05124
158966854.18400,7.80913,107.53870,194.23071,-10.57876,-73.28329,51.02552
158966855.18400,7.82554,107.46500,194.22942,-10.57871,-73.18535,50.99863
158966856.18400,7.84194,107.39130,194.22814,-10.57865,-73.08740,50.97231
158966857.18400,7.85834,107.31761,194.22685,-10.57860,-72.98946,50.94536
158966858.18400,7.87474,107.24391,194.22557,-10.57855,-72.89152,50.91832
158966859.18400,7.89115,107.17021,194.22428,-10.57850,-72.79358,50.89151
158966860.18400,7.90755,107.09651,194.22300,-10.57844,-72.69564,50.86434
158966861.18400,7.92395,107.02281,194.22171,-10.57839,-72.59770,50.83794
158966862.18400,7.94035,106.94912,194.22043,-10.57834,-72.49976,50.81102
158966863.18400,7.95676,106.87542,194.21914,-10.57829,-72.40182,50.78412
158966864.18400,7.97316,106.80172,194.21786,-10.57823,-72.30387,50.75742
158966865.18400,7.98968,106.72836,194.21658,-10.57818,-72.23461,50.74071
158966866.18400,8.00659,106.65613,194.21530,-10.57813,-72.26149,50.76217
158966867.18400,8.02350,106.58390,194.21402,-10.57808,-72.28838,50.78431
158966868.18400,8.04042,106.51168,194.21274,-10.57803,-72.31526,50.80577
158966869.18400,8.05733,106.43945,194.21146,-10.57797,-72.34215,50.82713
158966870.18400,8.07424,106.36722,194.21018,-10.57792,-72.36903,50.84762
158966871.18400,8.09116,106.29499,194.20890,-10.57787,-72.39592,50.86940
158966872.18400,8.10807,106.22276,194.20762,-10.57782,-72.42280,50.89137
158966873.18400,8.12498,106.15054,194.20634,-10.57777,-72.44969,50.91156
158966874.18400,8.14189,106.07831,194.20506,-10.57771,-72.47657,50.93366
158966875.18400,8.15881,106.00608,194.20378,-10.57766,-72.50346,50.95559
158966876.18400,8.17572,105.93385,194.20251,-10.57761,-72.53034,50.97577
158966877.18400,8.19263,105.86162,194.20123,-10.57756,-72.55723,50.99790
158966878.18400,8.20954,105.78940,194.19995,-10.57751,-72.58411,51.01967
158966879.18400,8.22646,105.71717,194.19868,-10.57745,-72.61100,51.03983
158966880.18400,8.24361,105.64485,194.19740,-10.57740,-72.66381,51.07208
158966881.18400,8.26157,105.57221,194.19613,-10.57735,-72.80356,51.13730
158966882.18400,8.27953,105.49958,194.19485,-10.57730,-72.94332,51.20087
158966883.18400,8.29749,105.42695,194.19358,-10.57725,-73.08307,51.26583
158966884.18400,8.31544,105.35432,194.19230,-10.57720,-73.22282,51.33007
158966885.18400,8.33340,105.28169,194.19103,-10.57714,-73.36258,51.39436
158966886.18400,8.35136,105.20905,194.18976,-10.57709,-73.50233,51.45872
158966887.18400,8.36932,105.13642,194.18849,-10.57704,-73.64208,51.52272
158966888.18400,8.38728,105.06379,194.18722,-10.57699,-73.78184,51.58726
158966889.18400,8.40524,104.99116,194.18594,-10.57694,-73.92159,51.65036
158966890.18400,8.42320,104.91853,194.18467,-10.57689,-74.06134,51.71366
158966891.18400,8.44115,104.84589,194.18340,-10.57684,-74.20110,51.77793
158966892.18400,8.45911,104.77326,194.18213,-10.57679,-74.34085,51.84132
158966893.18400,8.47707,104.70063,194.18087,-10.57673,-74.48060,51.90425
158966894.18400,8.49503,104.62800,194.17960,-10.57668,-74.62036,51.96785
158966895.18400,8.51314,104.55488,194.17833,-10.57663,-74.69258,52.00574
158966896.18400,8.53174,104.48016,194.17706,-10.57658,-74.53835,51.95883
158966897.18400,8.55034,104.40543,194.17579,-10.57653,-74.38411,51.91190
158966898.18400,8.56894,104.33070,194.17453,-10.57648,-74.22988,51.86599
158966899.18400,8.58754,104.25597,194.17326,-10.57643,-74.07565,51.81955
158966900.18400,8.60614,104.18124,194.17199,-10.57638,-73.92141,51.77129
158966901.18400,8.62474,104.10652,194.17073,-10.57633,-73.76718,51.72371
158966902.18400,8.64334,104.03179,194.16946,-10.57628,-73.61294,51.67688
158966903.18400,8.66194,103.95706,194.16820,-10.57623,-73.45871,51.62184
158966904.18400,8.68054,103.88233,194.16693,-10.57618,-73.30448,51.53128
158966905.18400,8.69914,103.80760,194.16567,-10.57612,-73.15024,51.42635
158966906.18400,8.71775,103.73288,194.16440,-10.57607,-72.99601,51.37041
158966907.18400,8.73635,103.65815,194.16313,-10.57602,-72.84177,51.34333
158966908.18400,8.75495,103.58342,194.16186,-10.57597,-72.68754,51.27466
158966909.18400,8.77355,103.50869,194.16060,-10.57592,-72.53331,51.16583
158966910.18400,8.79223,103.43450,194.15932,-10.57587,-72.41556,51.05653
158966911.18400,8.81118,103.36208,194.15805,-10.57582,-72.42015,51.00878
158966912.18400,8.83013,103.28967,194.15677,-10.57576,-72.42475,51.04905
158966913.18400,8.84908,103.21725,194.15550,-10.57571,-72.42934,51.14421
158966914.18400,8.86803,103.14484,194.15424,-10.57566,-72.43394,51.17013
158966915.18400,8.88699,103.07242,194.15297,-10.57561,-72.43854,51.13431
158966916.18400,8.90594,103.00001,194.15170,-10.57555,-72.44313,51.09956
158966917.18400,8.92489,102.92759,194.15043,-10.57550,-72.44773,51.06314
158966918.18400,8.94384,102.85518,194.14915,-10.57545,-72.45232,51.00095
158966919.18400,8.96279,102.78276,194.14787,-10.57540,-72.45692,50.91866
158966920.18400,8.98174,102.71035,194.14659,-10.57534,-72.46152,50.84511
158966921.18400,9.00069,102.63794,194.14531,-10.57529,-72.46611,50.79249
158966922.18400,9.01964,102.56552,194.14402,-10.57524,-72.47071,50.78051
158966923.18400,9.03859,102.49311,194.14274,-10.57519,-72.47530,50.79745
158966924.18400,9.05755,102.42069,194.14145,-10.57513,-72.47990,50.80829
158966925.18400,9.07665,102.34826,194.14016,-10.57508,-72.48461,50.81163
158966926.18400,9.09627,102.27578,194.13888,-10.57503,-72.48969,50.81439
158966927.18400,9.11589,102.20329,194.13759,-10.57497,-72.49477,50.81502
158966928.18400,9.13551,102.13081,194.13631,-10.57492,-72.49985,50.80568
158966929.18400,9.15513,102.05833,194.13502,-10.57487,-72.50493,50.77740
158966930.18400,9.17475,101.98584,194.13373,-10.57482,-72.51001,50.70757
158966931.18400,9.19436,101.91336,194.13244,-10.57477,-72.51509,50.62776
158966932.18400,9.21398,101.84088,194.13114,-10.57471,-72.52017,50.63892
158966933.18400,9.23360,101.76839,194.12985,-10.57466,-72.52525,50.72301
158966934.18400,9.25322,101.69591,194.12856,-10.57461,-72.53033,50.79199
158966935.18400,9.27284,101.62343,194.12728,-10.57456,-72.53541,50.84729
158966936.18400,9.29246,101.55094,194.12599,-10.57451,-72.54049,50.92565
158966937.18400,9.31208,101.47846,194.12471,-10.57445,-72.54558,50.99449
158966938.18400,9.33170,101.40598,194.12344,-10.57440,-72.55066,50.94558
158966939.18400,9.35132,101.33349,194.12215,-10.57435,-72.55574,50.81915
158966940.18400,9.37101,101.26099,194.12086,-10.57430,-72.51312,50.74410
158966941.18400,9.39096,101.18843,194.11957,-10.57425,-72.31054,50.67737
158966942.18400,9.41090,101.11587,194.11829,-10.57420,-72.10796,50.62987
158966943.18400,9.43085,101.04332,194.11700,-10.57415,-71.90539,50.60080
158966944.18400,9.45079,100.97076,194.11571,-10.57409,-71.70281,50.61134
158966945.18400,9.47073,100.89820,194.11444,-10.57404,-71.50023,50.64794
158966946.18400,9.49068,100.82564,194.11316,-10.57399,-71.29765,50.66187
158966947.18400,9.51062,100.75308,194.11189,-10.57394,-71.09508,50.64372
158966948.18400,9.53057,100.68052,194.11062,-10.57389,-70.89250,50.58972
158966949.18400,9.55051,100.60796,194.10936,-10.57384,-70.68992,50.50125
158966950.18400,9.57046,100.53540,194.10809,-10.57379,-70.48734,50.37849
158966951.18400,9.59040,100.46284,194.10682,-10.57374,-70.28477,50.25150
158966952.18400,9.61035,100.39028,194.10554,-10.57369,-70.08219,50.21045
158966953.18400,9.63029,100.31772,194.10428,-10.57364,-69.87961,50.24471
158966954.18400,9.65024,100.24516,194.10301,-10.57359,-69.67704,50.28846
158966955.18400,9.67021,100.17330,194.10176,-10.57354,-69.50239,50.33173
158966956.18400,9.69030,100.10378,194.10050,-10.57349,-69.42140,50.36678
158966957.18400,9.71039,100.03426,194.09925,-10.57344,-69.34041,50.36079
158966958.18400,9.73048,99.96474,194.09800,-10.57339,-69.25942,50.34444
158966959.18400,9.75057,99.89522,194.09675,-10.57334,-69.17843,50.31183
158966960.18400,9.77066,99.82569,194.09550,-10.57329,-69.09744,50.23343
158966961.18400,9.79075,99.75617,194.09425,-10.57324,-69.01645,50.14929
158966962.18400,9.81084,99.68665,194.09299,-10.57319,-68.93547,50.17726
158966963.18400,9.83094,99.61713,194.09175,-10.57314,-68.85448,50.27919
158966964.18400,9.85103,99.54761,194.09050,-10.57309,-68.77349,50.29776
158966965.18400,9.87112,99.47809,194.08926,-10.57304,-68.69250,50.24635
158966966.18400,9.89121,99.40857,194.08801,-10.57299,-68.61151,50.22399
158966967.18400,9.91130,99.33904,194.08677,-10.57294,-68.53052,50.22605
158966968.18400,9.93139,99.26952,194.08553,-10.57289,-68.44953,50.20515
158966969.18400,9.95148,99.20000,194.08429,-10.57284,-68.36855,50.17794
158966970.18400,9.97166,99.13076,194.08305,-10.57279,-68.30098,50.21375
158966971.18400,9.99214,99.06245,194.08181,-10.57274,-68.27844,50.31110
158966972.18400,10.01263,98.99415,194.08058,-10.57269,-68.25590,50.38844
158966973.18400,10.03311,98.92584,194.07935,-10.57264,-68.23336,50.45003
158966974.18400,10.05360,98.85754,194.07812,-10.57259,-68.21082,50.53275
158966975.18400,10.07408,98.78923,194.07690,-10.57255,-68.18828,50.61996
158966976.18400,10.09456,98.72092,194.07569,-10.57250,-68.16573,50.65126
158966977.18400,10.11505,98.65262,194.07447,-10.57245,-68.14319,50.63451
158966978.18400,10.13553,98.58431,194.07325,-10.57240,-68.12065,50.61215
158966979.18400,10.15602,98.51601,194.07203,-10.57235,-68.09811,50.60766
158966980.18400,10.17650,98.44770,194.07081,-10.57230,-68.07557,50.66932
158966981.18400,10.19699,98.37939,194.06960,-10.57225,-68.05303,50.77385
158966982.18400,10.21747,98.31109,194.06839,-10.57220,-68.03049,50.83973
158966983.18400,10.23796,98.24278,194.06719,-10.57216,-68.00794,50.85818
158966984.18400,10.25844,98.17448,194.06598,-10.57211,-67.98540,50.82763
158966985.18400,10.27900,98.10625,194.06477,-10.57206,-67.93602,50.76010
158966986.18400,10.29979,98.03828,194.06356,-10.57201,-67.79663,50.70503
158966987.18400,10.32059,97.97031,194.06236,-10.57196,-67.65724,50.69814
158966988.18400,10.34138,97.90234,194.06115,-10.57192,-67.51785,50.71042
158966989.18400,10.36218,97.83438,194.05995,-10.57187,-67.37845,50.72248
158966990.18400,10.38297,97.76641,194.05875,-10.57182,-67.23906,50.67853
158966991.18400,10.40377,97.69844,194.05755,-10.57177,-67.09967,50.59158
158966992.18400,10.42457,97.63047,194.05635,-10.57172,-66.96028,50.51477
158966993.18400,10.44536,97.56250,194.05514,-10.57168,-66.82089,50.46037
158966994.18400,10.46616,97.49454,194.05394,-10.57163,-66.68149,50.45021
158966995.18400,10.48695,97.42657,194.05275,-10.57158,-66.54210,50.48168
158966996.18400,10.50775,97.35860,194.05155,-10.57153,-66.40271,50.54815
158966997.18400,10.52854,97.29063,194.05036,-10.57149,-66.26332,50.62857
158966998.18400,10.54934,97.22266,194.04918,-10.57144,-66.12393,50.66159
158966999.18400,10.57013,97.15470,194.04800,-10.57139,-65.98453,50.65437
158967000.18400,10.59101,97.08721,194.04682,-10.57134,-65.86799,50.65332
158967001.18400,10.61216,97.02133,194.04565,-10.57130,-65.82808,50.68699
158967002.18400,10.63330,96.95545,194.04447,-10.57125,-65.78816,50.72081
158967003.18400,10.65445,96.88958,194.04330,-10.57120,-65.74825,50.75490
158967004.18400,10.67560,96.82370,194.04213,-10.57115,-65.70833,50.78891
158967005.18400,10.69674,96.75782,194.04096,-10.57111,-65.66842,50.82270
158967006.18400,10.71789,96.69194,194.03980,-10.57106,-65.62850,50.85678
158967007.18400,10.73904,96.62607,194.03864,-10.57101,-65.58859,50.89080
158967008.18400,10.76018,96.56019,194.03747,-10.57097,-65.54867,50.92511
158967009.18400,10.78133,96.49431,194.03632,-10.57092,-65.50876,50.95976
158967010.18400,10.80248,96.42843,194.03516,-10.57087,-65.46884,50.99424
158967011.18400,10.82363,96.36256,194.03400,-10.57083,-65.42893,51.02866
158967012.18400,10.84477,96.29668,194.03285,-10.57078,-65.38902,51.06316
158967013.18400,10.86592,96.23080,194.03170,-10.57073,-65.34910,51.09689
158967014.18400,10.88707,96.16493,194.03055,-10.57069,-65.30919,51.13261
158967015.18400,10.90835,96.09919,194.02941,-10.57064,-65.27323,51.16920
158967016.18400,10.93012,96.03391,194.02826,-10.57059,-65.25056,51.21153
158967017.18400,10.95188,95.96863,194.02712,-10.57055,-65.22788,51.25381
158967018.18400,10.97364,95.90335,194.02598,-10.57050,-65.20521,51.29498
158967019.18400,10.99540,95.83807,194.02484,-10.57045,-65.18253,51.33868
158967020.18400,11.01716,95.77279,194.02370,-10.57041,-65.15985,51.38155
158967021.18400,11.03893,95.70751,194.02257,-10.57036,-65.13718,51.42302
158967022.18400,11.06069,95.64223,194.02144,-10.57032,-65.11450,51.46680
158967023.18400,11.08245,95.57696,194.02031,-10.57027,-65.09183,51.50974
158967024.18400,11.10421,95.51168,194.01918,-10.57023,-65.06915,51.55254
158967025.18400,11.12597,95.44640,194.01806,-10.57018,-65.04648,51.59540
158967026.18400,11.14774,95.38112,194.01693,-10.57014,-65.02380,51.63721
158967027.18400,11.16950,95.31584,194.01581,-10.57009,-65.00113,51.68131
158967028.18400,11.19126,95.25056,194.01469,-10.57005,-64.97845,51.72477
158967029.18400,11.21302,95.18528,194.01357,-10.57000,-64.95578,51.76807
158967030.18400,11.23482,95.12008,194.01246,-10.56996,-64.88680,51.79144
158967031.18400,11.25676,95.05515,194.01135,-10.56991,-64.66253,51.74712
158967032.18400,11.27870,94.99021,194.01024,-10.56987,-64.43826,51.70474
158967033.18400,11.30063,94.92527,194.00913,-10.56982,-64.21399,51.66110
158967034.18400,11.32257,94.86033,194.00802,-10.56978,-63.98973,51.61716
158967035.18400,11.34451,94.79539,194.00692,-10.56973,-63.76546,51.57294
158967036.18400,11.36644,94.73046,194.00581,-10.56969,-63.54119,51.52835
158967037.18400,11.38838,94.66552,194.00471,-10.56964,-63.31692,51.48362
158967038.18400,11.41032,94.60058,194.00361,-10.56960,-63.09266,51.43858
158967039.18400,11.43225,94.53564,194.00252,-10.56956,-62.86839,51.39421
158967040.18400,11.45419,94.47070,194.00142,-10.56951,-62.64412,51.34766
158967041.18400,11.47613,94.40577,194.00033,-10.56947,-62.41986,51.30212
158967042.18400,11.49807,94.34083,193.99924,-10.56942,-62.19559,51.25590
158967043.18400,11.52000,94.27589,193.99815,-10.56938,-61.97132,51.20924
158967044.18400,11.54194,94.21095,193.99707,-10.56934,-61.74705,51.16361
158967045.18400,11.56398,94.14679,193.99599,-10.56929,-61.59482,51.14932
158967046.18400,11.58635,94.08521,193.99490,-10.56925,-61.68418,51.24407
158967047.18400,11.60873,94.02364,193.99382,-10.56921,-61.77353,51.33951
158967048.18400,11.63111,93.96206,193.99275,-10.56916,-61.86288,51.43556
158967049.18400,11.65348,93.90049,193.99167,-10.56912,-61.95223,51.53124
158967050.18400,11.67586,93.83892,193.99060,-10.56908,-62.04158,51.62670
158967051.18400,11.69824,93.77734,193.98953,-10.56903,-62.13093,51.72204
158967052.18400,11.72062,93.71577,193.98846,-10.56899,-62.22028,51.81746
158967053.18400,11.74299,93.65419,193.98739,-10.56895,-62.30963,51.91284
158967054.18400,11.76537,93.59262,193.98633,-10.56890,-62.39899,52.00849
158967055.18400,11.78775,93.53105,193.98527,-10.56886,-62.48834,52.10342
158967056.18400,11.81012,93.46947,193.98421,-10.56882,-62.57769,52.19976
158967057.18400,11.83250,93.40790,193.98315,-10.56878,-62.66704,52.29529
158967058.18400,11.85488,93.34632,193.98209,-10.56873,-62.75639,52.38934
158967059.18400,11.87725,93.28475,193.98104,-10.56869,-62.84574,52.48554
158967060.18400,11.89977,93.22287,193.97998,-10.56865,-62.88345,52.55802
158967061.18400,11.92274,93.15995,193.97893,-10.56861,-62.74794,52.55422
158967062.18400,11.94572,93.09704,193.97789,-10.56856,-62.61244,52.55047
158967063.18400,11.96870,93.03412,193.97684,-10.56852,-62.47694,52.54675
158967064.18400,11.99167,92.97121,193.97580,-10.56848,-62.34144,52.54290
158967065.18400,12.01465,92.90830,193.97476,-10.56844,-62.20594,52.53915
158967066.18400,12.03762,92.84538,193.97372,-10.56840,-62.07043,52.53665
158967067.18400,12.06060,92.78247,193.97268,-10.56835,-61.93493,52.53282
158967068.18400,12.08357,92.71955,193.97164,-10.56831,-61.79943,52.52866
158967069.18400,12.10655,92.65664,193.97061,-10.56827,-61.66393,52.52511
158967070.18400,12.12952,92.59372,193.96958,-10.56823,-61.52843,52.52118
158967071.18400,12.15250,92.53081,193.96855,-10.56819,-61.39292,52.51718
158967072.18400,12.17548,92.46789,193.96753,-10.56815,-61.25742,52.51361
158967073.18400,12.19845,92.40498,193.96650,-10.56811,-61.12192,52.50939
158967074.18400,12.22143,92.34206,193.96548,-10.56806,-60.98642,52.50528
158967075.18400,12.24447,92.27962,193.96446,-10.56802,-60.88073,52.51629
158967076.18400,12.26774,92.21873,193.96344,-10.56798,-60.87501,52.57139
158967077.18400,12.29100,92.15785,193.96242,-10.56794,-60.86930,52.62525
158967078.18400,12.31427,92.09697,193.96141,-10.56790,-60.86359,52.68161
158967079.18400,12.33754,92.03609,193.96040,-10.56786,-60.85787,52.73809
158967080.18400,12.36080,91.97521,193.95939,-10.56782,-60.85216,52.79226
158967081.18400,12.38407,91.91432,193.95838,-10.56778,-60.84644,52.85158
158967082.18400,12.40734,91.85344,193.95737,-10.56774,-60.84073,52.92461
158967083.18400,12.43061,91.79256,193.95637,-10.56770,-60.83502,52.99806
158967084.18400,12.45387,91.73168,193.95537,-10.56766,-60.82930,53.03289
158967085.18400,12.47714,91.67080,193.95437,-10.56762,-60.82359,53.02004
158967086.18400,12.50041,91.60991,193.95337,-10.56758,-60.81787,52.94937
158967087.18400,12.52367,91.54903,193.95237,-10.56754,-60.81216,52.86983
158967088.18400,12.54694,91.48815,193.95136,-10.56750,-60.80645,52.92880
158967089.18400,12.57021,91.42727,193.95036,-10.56746,-60.80073,53.09619
158967090.18400,12.59369,91.36641,193.94937,-10.56742,-60.81643,53.23755
158967091.18400,12.61790,91.30561,193.94837,-10.56738,-60.90391,53.35572
158967092.18400,12.64212,91.24481,193.94739,-10.56734,-60.99140,53.42531
158967093.18400,12.66633,91.18402,193.94640,-10.56730,-61.07888,53.48637
158967094.18400,12.69054,91.12322,193.94541,-10.56726,-61.16637,53.66165
158967095.18400,12.71475,91.06242,193.94443,-10.56722,-61.25385,53.92146
158967096.18400,12.73896,91.00163,193.94346,-10.56718,-61.34134,54.12678
158967097.18400,12.76317,90.94083,193.94249,-10.56714,-61.42882,54.24788
158967098.18400,12.78739,90.88003,193.94153,-10.56710,-61.51631,54.23394
158967099.18400,12.81160,90.81924,193.94056,-10.56706,-61.60379,54.14506
158967100.18400,12.83581,90.75844,193.93958,-10.56702,-61.69128,54.18498
158967101.18400,12.86002,90.69764,193.93861,-10.56699,-61.77876,54.35180
158967102.18400,12.88423,90.63685,193.93765,-10.56695,-61.86625,54.57514
158967103.18400,12.90844,90.57605,193.93669,-10.56691,-61.95373,54.81417
158967104.18400,12.93266,90.51525,193.93574,-10.56687,-62.04122,54.96617
158967105.18400,12.95687,90.45415,193.93479,-10.56683,-62.02584,55.00756
158967106.18400,12.98108,90.39204,193.93384,-10.56679,-61.66551,54.94160
158967107.18400,13.00528,90.32994,193.93290,-10.56676,-61.30518,54.92822
158967108.18400,13.02949,90.26783,193.93196,-10.56672,-60.94485,54.95051
158967109.18400,13.05370,90.20572,193.93103,-10.56668,-60.58453,54.96708
158967110.18400,13.07791,90.14361,193.93011,-10.56664,-60.22420,54.84898
158967111.18400,13.10212,90.08150,193.92918,-10.56660,-59.86387,54.62879
158967112.18400,13.12633,90.01939,193.92825,-10.56657,-59.50354,54.46252
158967113.18400,13.15054,89.95728,193.92732,-10.56653,-59.14321,54.38150
158967114.18400,13.17474,89.89518,193.92640,-10.56649,-58.78288,54.43690
158967115.18400,13.19895,89.83307,193.92548,-10.56646,-58.42255,54.57034
158967116.18400,13.22316,89.77096,193.92458,-10.56642,-58.06222,54.56611
158967117.18400,13.24737,89.70885,193.92368,-10.56638,-57.70189,54.43711
158967118.18400,13.27158,89.64674,193.92278,-10.56635,-57.34156,54.29527
158967119.18400,13.29579,89.58463,193.92188,-10.56631,-56.98123,54.19463
158967120.18400,13.31999,89.52377,193.92098,-10.56627,-56.72303,54.31571
158967121.18400,13.34415,89.46706,193.92010,-10.56624,-56.80731,54.70951
158967122.18400,13.36831,89.41036,193.91922,-10.56620,-56.89160,54.94754
158967123.18400,13.39248,89.35366,193.91835,-10.56616,-56.97588,55.02023
158967124.18400,13.41664,89.29695,193.91748,-10.56613,-57.06017,54.99855
158967125.18400,13.44081,89.24025,193.91660,-10.56609,-57.14445,54.94406
158967126.18400,13.46497,89.18355,193.91573,-10.56606,-57.22873,55.03889
158967127.18400,13.48913,89.12684,193.91486,-10.56602,-57.31302,55.26522
158967128.18400,13.51330,89.07014,193.91399,-10.56599,-57.39730,55.50317
158967129.18400,13.53746,89.01344,193.91313,-10.56595,-57.48159,55.72700
158967130.18400,13.56163,88.95673,193.91228,-10.56592,-57.56587,55.88546
158967131.18400,13.58579,88.90003,193.91143,-10.56588,-57.65015,56.00661
158967132.18400,13.60995,88.84333,193.91058,-10.56585,-57.73444,56.19762
158967133.18400,13.63412,88.78662,193.90974,-10.56581,-57.81872,56.44299
158967134.18400,13.65828,88.72992,193.90890,-10.56578,-57.90301,56.66611
158967135.18400,13.68255,88.67292,193.90807,-10.56575,-57.92063,56.81423
158967136.18400,13.70717,88.61496,193.90724,-10.56571,-57.71472,56.74794
158967137.18400,13.73178,88.55699,193.90642,-10.56568,-57.50881,56.62783
158967138.18400,13.75640,88.49902,193.90559,-10.56565,-57.30290,56.67477
158967139.18400,13.78102,88.44105,193.90477,-10.56561,-57.09700,56.83681
158967140.18400,13.80563,88.38308,193.90396,-10.56558,-56.89109,56.88508
158967141.18400,13.83025,88.32512,193.90315,-10.56555,-56.68518,56.83218
158967142.18400,13.85487,88.26715,193.90234,-10.56551,-56.47927,56.79037
158967143.18400,13.87948,88.20918,193.90153,-10.56548,-56.27336,56.78212
158967144.18400,13.90410,88.15121,193.90072,-10.56545,-56.06745,56.85239
158967145.18400,13.92872,88.09324,193.89993,-10.56542,-55.86154,56.98457
158967146.18400,13.95333,88.03528,193.89914,-10.56538,-55.65563,57.11250
158967147.18400,13.97795,87.97731,193.89835,-10.56535,-55.44972,57.22430
158967148.18400,14.00257,87.91934,193.89758,-10.56532,-55.24381,57.30175
158967149.18400,14.02718,87.86137,193.89680,-10.56529,-55.03790,57.36919
158967150.18400,14.05184,87.80411,193.89603,-10.56526,-54.87437,57.52261
158967151.18400,14.07663,87.74923,193.89527,-10.56523,-54.85295,57.80098
158967152.18400,14.10142,87.69436,193.89452,-10.56519,-54.83153,58.07911
158967153.18400,14.12621,87.63948,193.89378,-10.56516,-54.81012,58.30908
158967154.18400,14.15100,87.58460,193.89304,-10.56513,-54.78870,58.35180
158967155.18400,14.17580,87.52972,193.89230,-10.56510,-54.76728,58.29156
158967156.18400,14.20059,87.47484,193.89156,-10.56507,-54.74586,58.45776
158967157.18400,14.22538,87.41996,193.89083,-10.56504,-54.72444,58.82160
158967158.18400,14.25017,87.36508,193.89012,-10.56501,-54.70303,59.17214
158967159.18400,14.27496,87.31020,193.88941,-10.56498,-54.68161,59.44755
158967160.18400,14.29975,87.25532,193.88870,-10.56495,-54.66019,59.52801
158967161.18400,14.32454,87.20044,193.88800,-10.56492,-54.63877,59.48517
158967162.18400,14.34933,87.14556,193.88729,-10.56489,-54.61735,59.58559
158967163.18400,14.37413,87.09068,193.88660,-10.56486,-54.59594,59.82129
158967164.18400,14.39892,87.03580,193.88591,-10.56484,-54.57452,60.08360
158967165.18400,14.42386,86.98100,193.88522,-10.56481,-54.55380,60.29689
158967166.18400,14.44930,86.92644,193.88454,-10.56478,-54.53544,60.25323
158967167.18400,14.47474,86.87188,193.88386,-10.56475,-54.51708,60.04066
158967168.18400,14.50018,86.81732,193.88317,-10.56472,-54.49872,59.99760
158967169.18400,14.52562,86.76277,193.88248,-10.56470,-54.48036,60.13087
158967170.18400,14.55106,86.70821,193.88180,-10.56467,-54.46200,60.34480
158967171.18400,14.57651,86.65365,193.88112,-10.56464,-54.44363,60.58904
158967172.18400,14.60195,86.59909,193.88046,-10.56461,-54.42527,60.72961
158967173.18400,14.62739,86.54453,193.87979,-10.56459,-54.40691,60.77652
158967174.18400,14.65283,86.48998,193.87912,-10.56456,-54.38855,60.81811
158967175.18400,14.67827,86.43542,193.87846,-10.56453,-54.37019,60.89726
158967176.18400,14.70371,86.38086,193.87780,-10.56451,-54.35183,61.13992
158967177.18400,14.72915,86.32630,193.87715,-10.56448,-54.33347,61.48827
158967178.18400,14.75460,86.27174,193.87651,-10.56445,-54.31511,61.68945
158967179.18400,14.78004,86.21719,193.87587,-10.56443,-54.29674,61.78191
158967180.18400,14.80563,86.16269,193.87523,-10.56440,-54.27768,61.97361
158967181.18400,14.83172,86.10841,193.87461,-10.56437,-54.25625,62.23162
158967182.18400,14.85780,86.05413,193.87398,-10.56435,-54.23483,62.37431
158967183.18400,14.88389,85.99984,193.87336,-10.56432,-54.21340,62.41968
158967184.18400,14.90998,85.94556,193.87274,-10.56430,-54.19198,62.50012
158967185.18400,14.93607,85.89128,193.87213,-10.56427,-54.17056,62.61667
158967186.18400,14.96216,85.83700,193.87152,-10.56424,-54.14913,62.72954
158967187.18400,14.98824,85.78271,193.87091,-10.56422,-54.12771,62.83545
158967188.18400,15.01433,85.72843,193.87030,-10.56419,-54.10628,62.93982
158967189.18400,15.04042,85.67415,193.86970,-10.56417,-54.08486,63.04265
158967190.18400,15.06651,85.61986,193.86910,-10.56414,-54.06343,63.14740
158967191.18400,15.09260,85.56558,193.86850,-10.56412,-54.04201,63.25444
158967192.18400,15.11869,85.51130,193.86790,-10.56409,-54.02058,63.36157
158967193.18400,15.14477,85.45702,193.86731,-10.56407,-53.99916,63.46714
158967194.18400,15.17086,85.40273,193.86672,-10.56404,-53.97773,63.57150
158967195.18400,15.19712,85.34853,193.86614,-10.56402,-53.95441,63.67867
158967196.18400,15.22395,85.29456,193.86556,-10.56400,-53.92472,63.78141
158967197.18400,15.25079,85.24060,193.86498,-10.56397,-53.89503,63.88472
158967198.18400,15.27762,85.18664,193.86440,-10.56395,-53.86534,63.99020
158967199.18400,15.30445,85.13268,193.86382,-10.56392,-53.83565,64.09390
158967200.18400,15.33129,85.07872,193.86325,-10.56390,-53.80596,64.19817
158967201.18400,15.35812,85.02476,193.86269,-10.56388,-53.77627,64.30267
158967202.18400,15.38495,84.97080,193.86212,-10.56385,-53.74658,64.40725
158967203.18400,15.41178,84.91683,193.86156,-10.56383,-53.71689,64.51220
158967204.18400,15.43862,84.86287,193.86100,-10.56380,-53.68720,64.61937
158967205.18400,15.46545,84.80891,193.86044,-10.56378,-53.65751,64.72533
158967206.18400,15.49228,84.75495,193.85989,-10.56376,-53.62782,64.83147
158967207.18400,15.51912,84.70099,193.85934,-10.56374,-53.59813,64.93963
158967208.18400,15.54595,84.64703,193.85879,-10.56371,-53.56844,65.04616
158967209.18400,15.57278,84.59307,193.85825,-10.56369,-53.53875,65.15311
158967210.18400,15.59964,84.53921,193.85771,-10.56367,-53.47374,65.24578
158967211.18400,15.62659,84.48569,193.85717,-10.56365,-53.29027,65.29066
158967212.18400,15.65354,84.43218,193.85663,-10.56362,-53.10680,65.33781
158967213.18400,15.68049,84.37866,193.85610,-10.56360,-52.92334,65.38315
158967214.18400,15.70744,84.32514,193.85557,-10.56358,-52.73987,65.42884
158967215.18400,15.73438,84.27163,193.85505,-10.56356,-52.55640,65.47714
158967216.18400,15.76133,84.21811,193.85452,-10.56353,-52.37294,65.52384
158967217.18400,15.78828,84.16460,193.85400,-10.56351,-52.18947,65.57082
158967218.18400,15.81523,84.11108,193.85348,-10.56349,-52.00600,65.62001
158967219.18400,15.84218,84.05756,193.85297,-10.56347,-51.82254,65.66768
158967220.18400,15.86912,84.00405,193.85246,-10.56345,-51.63907,65.71367
158967221.18400,15.89607,83.95053,193.85195,-10.56343,-51.45560,65.76401
158967222.18400,15.92302,83.89702,193.85144,-10.56341,-51.27214,65.81504
158967223.18400,15.94997,83.84350,193.85094,-10.56339,-51.08867,65.86213
158967224.18400,15.97692,83.78998,193.85044,-10.56336,-50.90520,65.91374
158967225.18400,16.00395,83.73710,193.84994,-10.56334,-50.77289,65.98745
158967226.18400,16.03124,83.68634,193.84945,-10.56332,-50.81211,66.12899
158967227.18400,16.05854,83.63557,193.84896,-10.56330,-50.85133,66.27458
158967228.18400,16.08583,83.58481,193.84847,-10.56328,-50.89056,66.41876
158967229.18400,16.11312,83.53405,193.84798,-10.56326,-50.92978,66.56272
158967230.18400,16.14042,83.48328,193.84750,-10.56324,-50.96900,66.70850
158967231.18400,16.16771,83.43252,193.84702,-10.56322,-51.00822,66.85273
158967232.18400,16.19501,83.38176,193.84655,-10.56320,-51.04744,66.99899
158967233.18400,16.22230,83.33099,193.84607,-10.56318,-51.08667,67.14329
158967234.18400,16.24960,83.28023,193.84560,-10.56316,-51.12589,67.28777
158967235.18400,16.27689,83.22947,193.84514,-10.56314,-51.16511,67.43232
158967236.18400,16.30419,83.17870,193.84467,-10.56312,-51.20433,67.57664
158967237.18400,16.33148,83.12794,193.84421,-10.56310,-51.24355,67.72322
158967238.18400,16.35878,83.07718,193.84375,-10.56309,-51.28278,67.86822
158967239.18400,16.38607,83.02641,193.84330,-10.56307,-51.32200,68.01504
158967240.18400,16.41359,82.97551,193.84284,-10.56305,-51.34706,68.15430
158967241.18400,16.44187,82.92416,193.84240,-10.56303,-51.32465,68.27560
158967242.18400,16.47014,82.87281,193.84195,-10.56301,-51.30225,68.39919
158967243.18400,16.49842,82.82146,193.84150,-10.56299,-51.27984,68.52120
158967244.18400,16.52670,82.77010,193.84106,-10.56297,-51.25743,68.64352
158967245.18400,16.55497,82.71875,193.84063,-10.56296,-51.23502,68.76592
158967246.18400,16.58325,82.66740,193.84019,-10.56294,-51.21261,68.89076
158967247.18400,16.61153,82.61605,193.83976,-10.56292,-51.19020,69.01392
158967248.18400,16.63980,82.56469,193.83933,-10.56290,-51.16779,69.13970
158967249.18400,16.66808,82.51334,193.83891,-10.56288,-51.14538,69.26334
158967250.18400,16.69636,82.46199,193.83848,-10.56287,-51.12298,69.38741
158967251.18400,16.72463,82.41063,193.83806,-10.56285,-51.10057,69.51381
158967252.18400,16.75291,82.35928,193.83765,-10.56283,-51.07816,69.63859
158967253.18400,16.78118,82.30793,193.83723,-10.56282,-51.05575,69.76368
158967254.18400,16.80946,82.25658,193.83682,-10.56280,-51.03334,69.88886
158967255.18400,16.83783,82.20530,193.83641,-10.56278,-50.99835,70.01205
158967256.18400,16.86651,82.15429,193.83601,-10.56277,-50.92115,70.12056
158967257.18400,16.89519,82.10327,193.83561,-10.56275,-50.84395,70.22728
158967258.18400,16.92387,82.05225,193.83521,-10.56273,-50.76675,70.33423
158967259.18400,16.95255,82.00124,193.83481,-10.56272,-50.68955,70.44425
158967260.18400,16.98123,81.95022,193.83442,-10.56270,-50.61235,70.55245
158967261.18400,17.00991,81.89921,193.83403,-10.56268,-50.53515,70.66310
158967262.18400,17.03860,81.84819,193.83364,-10.56267,-50.45795,70.78591
158967263.18400,17.06728,81.79717,193.83326,-10.56265,-50.38075,70.89223
158967264.18400,17.09596,81.74616,193.83288,-10.56264,-50.30355,70.88040
158967265.18400,17.12464,81.69514,193.83249,-10.56262,-50.22635,70.77505
158967266.18400,17.15332,81.64413,193.83211,-10.56260,-50.14915,70.68812
158967267.18400,17.18200,81.59311,193.83172,-10.56259,-50.07196,70.61935
158967268.18400,17.21068,81.54209,193.83134,-10.56257,-49.99476,70.55066
158967269.18400,17.23936,81.49108,193.83095,-10.56256,-49.91756,70.48843
158967270.18400,17.26814,81.44033,193.83056,-10.56254,-49.84758,70.45226
158967271.18400,17.29723,81.39047,193.83017,-10.56253,-49.80182,70.43364
158967272.18400,17.32633,81.34061,193.82978,-10.56251,-49.75606,70.35881
158967273.18400,17.35542,81.29075,193.82939,-10.56250,-49.71030,70.27145
158967274.18400,17.38452,81.24090,193.82900,-10.56248,-49.66454,70.35859
158967275.18400,17.41361,81.19104,193.82862,-10.56247,-49.61879,70.61379
158967276.18400,17.44271,81.14118,193.82824,-10.56245,-49.57303,70.98317
158967277.18400,17.47180,81.09132,193.82787,-10.56244,-49.52727,71.39569
158967278.18400,17.50090,81.04146,193.82751,-10.56242,-49.48151,71.58025
158967279.18400,17.52999,80.99161,193.82714,-10.56241,-49.43575,71.57693
158967280.18400,17.55909,80.94175,193.82678,-10.56239,-49.38999,71.59244
158967281.18400,17.58818,80.89189,193.82642,-10.56238,-49.34423,71.67503
158967282.18400,17.61728,80.84203,193.82607,-10.56237,-49.29848,71.96343
158967283.18400,17.64638,80.79217,193.82572,-10.56235,-49.25272,72.38673
158967284.18400,17.67547,80.74232,193.82538,-10.56234,-49.20696,72.63650
158967285.18400,17.70465,80.69262,193.82504,-10.56232,-49.14799,72.72383
158967286.18400,17.73411,80.64344,193.82471,-10.56231,-49.04471,72.80144
158967287.18400,17.76357,80.59427,193.82438,-10.56230,-48.94143,72.87960
158967288.18400,17.79303,80.54510,193.82405,-10.56228,-48.83816,72.87771
158967289.18400,17.82250,80.49593,193.82372,-10.56227,-48.73488,72.83648
158967290.18400,17.85196,80.44676,193.82339,-10.56226,-48.63160,72.95710
158967291.18400,17.88142,80.39758,193.82307,-10.56224,-48.52832,73.19615
158967292.18400,17.91088,80.34841,193.82275,-10.56223,-48.42505,73.31839
158967293.18400,17.94034,80.29924,193.82243,-10.56222,-48.32177,73.31281
158967294.18400,17.96980,80.25007,193.82211,-10.56220,-48.21849,73.19055
158967295.18400,17.99926,80.20090,193.82179,-10.56219,-48.11521,73.00817
158967296.18400,18.02872,80.15172,193.82147,-10.56218,-48.01194,72.99111
158967297.18400,18.05818,80.10255,193.82115,-10.56217,-47.90866,73.12342
158967298.18400,18.08765,80.05338,193.82083,-10.56215,-47.80538,73.30677
158967299.18400,18.11711,80.00421,193.82052,-10.56214,-47.70210,73.49678
158967300.18400,18.14665,79.95539,193.82021,-10.56213,-47.61681,73.53024
158967301.18400,18.17646,79.90777,193.81990,-10.56212,-47.59183,73.45723
158967302.18400,18.20627,79.86015,193.81959,-10.56210,-47.56684,73.42899
158967303.18400,18.23608,79.81253,193.81928,-10.56209,-47.54186,73.46116
158967304.18400,18.26589,79.76490,193.81897,-10.56208,-47.51687,73.58917
158967305.18400,18.29569,79.71728,193.81866,-10.56207,-47.49189,73.79597
158967306.18400,18.32550,79.66966,193.81836,-10.56206,-47.46690,73.98095
158967307.18400,18.35531,79.62204,193.81807,-10.56204,-47.44192,74.14366
158967308.18400,18.38512,79.57442,193.81777,-10.56203,-47.41693,74.30389
158967309.18400,18.41493,79.52679,193.81748,-10.56202,-47.39195,74.46443
158967310.18400,18.44474,79.47917,193.81719,-10.56201,-47.36696,74.62829
158967311.18400,18.47455,79.43155,193.81691,-10.56200,-47.34198,74.79282
158967312.18400,18.50436,79.38393,193.81663,-10.56199,-47.31700,74.95750
158967313.18400,18.53417,79.33631,193.81635,-10.56198,-47.29201,75.11760
158967314.18400,18.56398,79.28868,193.81608,-10.56196,-47.26703,75.27048
158967315.18400,18.59402,79.24115,193.81581,-10.56195,-47.25413,75.40911
158967316.18400,18.62482,79.19390,193.81554,-10.56194,-47.28176,75.50865
158967317.18400,18.65562,79.14665,193.81527,-10.56193,-47.30940,75.56658
158967318.18400,18.68643,79.09940,193.81500,-10.56192,-47.33703,75.63675
158967319.18400,18.71723,79.05216,193.81474,-10.56191,-47.36467,75.74523
158967320.18400,18.74804,79.00491,193.81448,-10.56190,-47.39230,75.96185
158967321.18400,18.77884,78.95766,193.81422,-10.56189,-47.41994,76.25961
158967322.18400,18.80965,78.91041,193.81397,-10.56188,-47.44757,76.52753
158967323.18400,18.84045,78.86316,193.81372,-10.56187,-47.47521,76.73380
158967324.18400,18.87126,78.81592,193.81348,-10.56186,-47.50284,76.77778
158967325.18400,18.90206,78.76867,193.81323,-10.56185,-47.53047,76.73665
158967326.18400,18.93287,78.72142,193.81298,-10.56184,-47.55811,76.90744
158967327.18400,18.96367,78.67417,193.81274,-10.56183,-47.58574,77.27219
158967328.18400,18.99448,78.62692,193.81251,-10.56182,-47.61338,77.69658
158967329.18400,19.02528,78.57968,193.81229,-10.56181,-47.64101,78.12251
158967330.18400,19.05610,78.53233,193.81207,-10.56180,-47.60437,78.38653
158967331.18400,19.08698,78.48467,193.81186,-10.56179,-47.35219,78.46619
158967332.18400,19.11785,78.43701,193.81165,-10.56178,-47.10000,78.49254
158967333.18400,19.14873,78.38934,193.81144,-10.56177,-46.84781,78.49155
158967334.18400,19.17961,78.34168,193.81123,-10.56177,-46.59563,78.54291
158967335.18400,19.21048,78.29402,193.81102,-10.56176,-46.34344,78.68836
158967336.18400,19.24136,78.24636,193.81082,-10.56175,-46.09125,79.07068
158967337.18400,19.27224,78.19869,193.81063,-10.56174,-45.83907,79.59919
158967338.18400,19.30311,78.15103,193.81045,-10.56173,-45.58688,79.87216
158967339.18400,19.33399,78.10337,193.81028,-10.56173,-45.33469,79.89396
158967340.18400,19.36486,78.05571,193.81010,-10.56172,-45.08251,79.78819
158967341.18400,19.39574,78.00804,193.80992,-10.56171,-44.83032,79.63336
158967342.18400,19.42662,77.96038,193.80974,-10.56171,-44.57813,79.68513
158967343.18400,19.45749,77.91272,193.80956,-10.56170,-44.32595,79.93787
158967344.18400,19.48837,77.86505,193.80939,-10.56169,-44.07376,80.25660
158967345.18400,19.51928,77.81826,193.80923,-10.56168,-43.89261,80.57695
158967346.18400,19.55029,77.77438,193.80907,-10.56168,-43.94968,80.71301
158967347.18400,19.58131,77.73050,193.80892,-10.56167,-44.00675,80.65864
158967348.18400,19.61232,77.68662,193.80876,-10.56167,-44.06383,80.65480
158967349.18400,19.64334,77.64274,193.80860,-10.56166,-44.12090,80.72871
158967350.18400,19.67436,77.59886,193.80844,-10.56165,-44.17797,80.89404
158967351.18400,19.70537,77.55498,193.80829,-10.56165,-44.23504,81.13142
158967352.18400,19.73639,77.51111,193.80814,-10.56164,-44.29211,81.38658
158967353.18400,19.76740,77.46723,193.80799,-10.56163,-44.34919,81.63395
158967354.18400,19.79842,77.42335,193.80785,-10.56163,-44.40626,81.80998
158967355.18400,19.82943,77.37947,193.80771,-10.56162,-44.46333,81.92799
158967356.18400,19.86045,77.33559,193.80757,-10.56162,-44.52040,82.00817
158967357.18400,19.89147,77.29171,193.80744,-10.56161,-44.57747,82.08370
158967358.18400,19.92248,77.24783,193.80730,-10.56161,-44.63455,82.26018
158967359.18400,19.95350,77.20395,193.80717,-10.56160,-44.69162,82.52601
158967360.18400,19.98472,77.15987,193.80704,-10.56160,-44.72149,82.85035
158967361.18400,20.01662,77.11514,193.80692,-10.56159,-44.66015,83.15302
158967362.18400,20.04853,77.07040,193.80681,-10.56158,-44.59881,83.17461
158967363.18400,20.08043,77.02567,193.80669,-10.56158,-44.53746,82.98157
158967364.18400,20.11234,76.98093,193.80657,-10.56157,-44.47612,82.89944
158967365.18400,20.14425,76.93620,193.80645,-10.56157,-44.41478,82.92508
158967366.18400,20.17615,76.89146,193.80633,-10.56156,-44.35344,82.95600
158967367.18400,20.20806,76.84673,193.80621,-10.56156,-44.29210,82.98121
158967368.18400,20.23996,76.80199,193.80609,-10.56155,-44.23075,83.00387
158967369.18400,20.27187,76.75726,193.80597,-10.56155,-44.16941,83.03183
158967370.18400,20.30377,76.71252,193.80585,-10.56154,-44.10807,83.05725
158967371.18400,20.33568,76.66779,193.80573,-10.56154,-44.04673,83.08302
158967372.18400,20.36759,76.62305,193.80561,-10.56153,-43.98539,83.10886
158967373.18400,20.39949,76.57831,193.80550,-10.56153,-43.92404,83.13464
158967374.18400,20.43140,76.53358,193.80538,-10.56152,-43.86270,83.16326
158967375.18400,20.46349,76.48906,193.80527,-10.56152,-43.81639,83.18899
158967376.18400,20.49619,76.44524,193.80515,-10.56151,-43.82046,83.22502
158967377.18400,20.52890,76.40142,193.80504,-10.56151,-43.82454,83.26368
158967378.18400,20.56160,76.35761,193.80492,-10.56150,-43.82861,83.29969
158967379.18400,20.59431,76.31379,193.80481,-10.56150,-43.83269,83.33559
158967380.18400,20.62701,76.26998,193.80470,-10.56149,-43.83676,83.37162
158967381.18400,20.65972,76.22616,193.80459,-10.56149,-43.84084,83.40761
158967382.18400,20.69242,76.18235,193.80448,-10.56148,-43.84491,83.44351
158967383.18400,20.72513,76.13853,193.80437,-10.56148,-43.84899,83.47963
158967384.18400,20.75783,76.09472,193.80426,-10.56147,-43.85306,83.51562
158967385.18400,20.79054,76.05090,193.80415,-10.56147,-43.85714,83.55151
158967386.18400,20.82324,76.00709,193.80404,-10.56146,-43.86121,83.58768
158967387.18400,20.85595,75.96327,193.80393,-10.56146,-43.86529,83.62619
158967388.18400,20.88865,75.91946,193.80382,-10.56145,-43.86937,83.66175
158967389.18400,20.92136,75.87564,193.80372,-10.56145,-43.87344,83.69761
158967390.18400,20.95424,75.83181,193.80361,-10.56145,-43.86404,83.73169
158967391.18400,20.98770,75.78793,193.80351,-10.56144,-43.80944,83.75928
158967392.18400,21.02117,75.74406,193.80340,-10.56144,-43.75484,83.78706
158967393.18400,21.05463,75.70018,193.80330,-10.56143,-43.70023,83.81519
158967394.18400,21.08810,75.65630,193.80319,-10.56143,-43.64563,83.84284
158967395.18400,21.12156,75.61243,193.80309,-10.56142,-43.59103,83.87084
158967396.18400,21.15503,75.56855,193.80299,-10.56142,-43.53643,83.90186
158967397.18400,21.18849,75.52467,193.80289,-10.56141,-43.48183,83.92971
158967398.18400,21.22196,75.48080,193.80278,-10.56141,-43.42723,83.95781
158967399.18400,21.25542,75.43692,193.80268,-10.56141,-43.37263,83.98608
158967400.18400,21.28889,75.39304,193.80258,-10.56140,-43.31802,84.01446
158967401.18400,21.32235,75.34917,193.80248,-10.56140,-43.26342,84.04291
158967402.18400,21.35582,75.30529,193.80238,-10.56139,-43.20882,84.07170
158967403.18400,21.38928,75.26141,193.80229,-10.56139,-43.15422,84.10016
158967404.18400,21.42275,75.21754,193.80219,-10.56139,-43.09962,84.12882
158967405.18400,21.45636,75.17385,193.80209,-10.56138,-43.05408,84.16158
158967406.18400,21.49049,75.13079,193.80200,-10.56138,-43.03892,84.19538
158967407.18400,21.52461,75.08773,193.80190,-10.56137,-43.02375,84.22669
158967408.18400,21.55873,75.04468,193.80180,-10.56137,-43.00859,84.26351
158967409.18400,21.59285,75.00162,193.80171,-10.56137,-42.99343,84.29798
158967410.18400,21.62698,74.95856,193.80162,-10.56136,-42.97827,84.33207
158967411.18400,21.66110,74.91550,193.80152,-10.56136,-42.96311,84.36618
158967412.18400,21.69522,74.87244,193.80143,-10.56136,-42.94795,84.40001
158967413.18400,21.72934,74.82939,193.80134,-10.56135,-42.93279,84.43698
158967414.18400,21.76347,74.78633,193.80125,-10.56135,-42.91763,84.47177
158967415.18400,21.79759,74.74327,193.80115,-10.56134,-42.90246,84.50286
158967416.18400,21.83171,74.70021,193.80106,-10.56134,-42.88730,84.53721
158967417.18400,21.86583,74.65715,193.80097,-10.56134,-42.87214,84.57442
158967418.18400,21.89996,74.61410,193.80088,-10.56133,-42.85698,84.60853
158967419.18400,21.93408,74.57104,193.80080,-10.56133,-42.84182,84.64317
158967420.18400,21.96832,74.52803,193.80071,-10.56133,-42.80840,84.67810
158967421.18400,22.00297,74.48520,193.80062,-10.56132,-42.71378,84.70252
158967422.18400,22.03762,74.44237,193.80053,-10.56132,-42.61915,84.72492
158967423.18400,22.07227,74.39954,193.80045,-10.56132,-42.52453,84.74987
158967424.18400,22.10691,74.35671,193.80036,-10.56131,-42.42990,84.77755
158967425.18400,22.14156,74.31388,193.80028,-10.56131,-42.33527,84.80273
158967426.18400,22.17621,74.27105,193.80019,-10.56131,-42.24065,84.82814
158967427.18400,22.21086,74.22822,193.80011,-10.56130,-42.14602,84.85365
158967428.18400,22.24551,74.18539,193.80003,-10.56130,-42.05140,84.87929
158967429.18400,22.28015,74.14256,193.79994,-10.56130,-41.95677,84.90780
158967430.18400,22.31480,74.09973,193.79986,-10.56130,-41.86214,84.93066
158967431.18400,22.34945,74.05690,193.79978,-10.56129,-41.76752,84.95673
158967432.18400,22.38410,74.01407,193.79970,-10.56129,-41.67289,84.98496
158967433.18400,22.41875,73.97124,193.79962,-10.56129,-41.57827,85.01073
158967434.18400,22.45339,73.92841,193.79954,-10.56128,-41.48364,85.03714
158967435.18400,22.48807,73.88591,193.79946,-10.56128,-41.39684,85.06418
158967436.18400,22.52282,73.84450,193.79938,-10.56128,-41.33627,85.09400
158967437.18400,22.55757,73.80309,193.79931,-10.56127,-41.27571,85.12431
158967438.18400,22.59232,73.76168,193.79923,-10.56127,-41.21514,85.15458
158967439.18400,22.62707,73.72027,193.79915,-10.56127,-41.15457,85.12908
158967440.18400,22.66182,73.67885,193.79907,-10.56126,-41.09401,84.83070
158967441.18400,22.69657,73.63744,193.79899,-10.56126,-41.03344,84.33755
158967442.18400,22.73131,73.59603,193.79890,-10.56126,-40.97288,83.98987
158967443.18400,22.76606,73.55462,193.79880,-10.56125,-40.91231,83.78590
158967444.18400,22.80081,73.51321,193.79870,-10.56125,-40.85174,83.64459
158967445.18400,22.83556,73.47180,193.79860,-10.56125,-40.79118,83.57957
158967446.18400,22.87031,73.43039,193.79850,-10.56124,-40.73061,83.65599
158967447.18400,22.90506,73.38898,193.79840,-10.56124,-40.67005,83.83339
158967448.18400,22.93981,73.34757,193.79830,-10.56124,-40.60948,83.94630
158967449.18400,22.97456,73.30616,193.79821,-10.56123,-40.54891,83.94947
158967450.18400,23.00953,73.26496,193.79811,-10.56123,-40.50966,83.73531
158967451.18400,23.04523,73.22445,193.79801,-10.56122,-40.54190,83.39343
158967452.18400,23.08093,73.18395,193.79791,-10.56122,-40.57413,83.23164
158967453.18400,23.11663,73.14345,193.79780,-10.56122,-40.60636,83.23139
158967454.18400,23.15233,73.10295,193.79770,-10.56121,-40.63859,83.21913
158967455.18400,23.18803,73.06245,193.79759,-10.56121,-40.67082,83.19311
158967456.18400,23.22373,73.02194,193.79748,-10.56121,-40.70306,83.20517
158967457.18400,23.25943,72.98144,193.79738,-10.56120,-40.73529,83.25743
158967458.18400,23.29513,72.94094,193.79727,-10.56120,-40.76752,83.39880
158967459.18400,23.33082,72.90044,193.79717,-10.56119,-40.79975,83.57053
158967460.18400,23.36652,72.85994,193.79707,-10.56119,-40.83198,83.53958
158967461.18400,23.40222,72.81943,193.79697,-10.56119,-40.86422,83.34368
158967462.18400,23.43792,72.77893,193.79686,-10.56118,-40.89645,83.15944
158967463.18400,23.47362,72.73843,193.79675,-10.56118,-40.92868,82.99798
158967464.18400,23.50932,72.69793,193.79664,-10.56118,-40.96091,82.85812
158967465.18400,23.54527,72.65732,193.79652,-10.56117,-40.97219,82.76931
158967466.18400,23.58203,72.61633,193.79641,-10.56117,-40.91320,82.84182
158967467.18400,23.61880,72.57534,193.79630,-10.56117,-40.85421,83.05779
158967468.18400,23.65557,72.53436,193.79619,-10.56116,-40.79521,83.27404
158967469.18400,23.69234,72.49337,193.79609,-10.56116,-40.73622,83.43605
158967470.18400,23.72911,72.45239,193.79598,-10.56116,-40.67723,83.37907
158967471.18400,23.76588,72.41140,193.79588,-10.56115,-40.61824,83.15451
158967472.18400,23.80265,72.37041,193.79577,-10.56115,-40.55925,82.98559
158967473.18400,23.83942,72.32943,193.79566,-10.56114,-40.50025,82.88512
158967474.18400,23.87618,72.28844,193.79555,-10.56114,-40.44126,82.86032
158967475.18400,23.91295,72.24746,193.79544,-10.56114,-40.38227,82.90665
158967476.18400,23.94972,72.20647,193.79533,-10.56113,-40.32328,82.98032
158967477.18400,23.98649,72.16548,193.79522,-10.56113,-40.26429,83.06881
158967478.18400,24.02326,72.12450,193.79511,-10.56113,-40.20529,83.13385
158967479.18400,24.06003,72.08351,193.79500,-10.56112,-40.14630,83.16834
158967480.18400,24.09699,72.04273,193.79490,-10.56112,-40.09055,83.15297
158967481.18400,24.13462,72.00263,193.79479,-10.56112,-40.04567,83.07709
158967482.18400,24.17225,71.96253,193.79468,-10.56111,-40.00078,82.92163
158967483.18400,24.20988,71.92243,193.79457,-10.56111,-39.95590,82.71854
158967484.18400,24.24751,71.88233,193.79446,-10.56111,-39.91102,82.59581
158967485.18400,24.28514,71.84223,193.79435,-10.56110,-39.86613,82.57334
158967486.18400,24.32277,71.80212,193.79423,-10.56110,-39.82125,82.66860
158967487.18400,24.36040,71.76202,193.79412,-10.56110,-39.77637,82.86033
158967488.18400,24.39803,71.72192,193.79401,-10.56109,-39.73148,83.11552
158967489.18400,24.43566,71.68182,193.79391,-10.56109,-39.68660,83.36153
158967490.18400,24.47329,71.64172,193.79381,-10.56109,-39.64172,83.31849
158967491.18400,24.51092,71.60162,193.79370,-10.56108,-39.59683,83.03216
158967492.18400,24.54855,71.56152,193.79360,-10.56108,-39.55195,82.71846
158967493.18400,24.58618,71.52142,193.79348,-10.56108,-39.50707,82.42066
158967494.18400,24.62381,71.48132,193.79336,-10.56107,-39.46218,82.24377
158967495.18400,24.66164,71.44137,193.79325,-10.56107,-39.40676,82.17549
158967496.18400,24.70015,71.40195,193.79313,-10.56107,-39.31600,82.15310
158967497.18400,24.73865,71.36252,193.79301,-10.56106,-39.22525,82.15436
158967498.18400,24.77716,71.32309,193.79289,-10.56106,-39.13449,82.11773
158967499.18400,24.81566,71.28366,193.79277,-10.56105,-39.04373,82.03967
158967500.18400,24.85417,71.24423,193.79265,-10.56105,-38.95297,81.93157
158967501.18400,24.89267,71.20481,193.79252,-10.56105,-38.86221,81.74014
158967502.18400,24.93118,71.16538,193.79240,-10.56104,-38.77145,81.23251
158967503.18400,24.96968,71.12595,193.79226,-10.56104,-38.68069,80.51974
158967504.18400,25.00819,71.08652,193.79211,-10.56103,-38.58993,80.06557
158967505.18400,25.04669,71.04709,193.79196,-10.56103,-38.49918,79.84472
158967506.18400,25.08520,71.00767,193.79181,-10.56102,-38.40842,79.61353
158967507.18400,25.12370,70.96824,193.79165,-10.56102,-38.31766,79.36344
158967508.18400,25.16221,70.92881,193.79149,-10.56101,-38.22690,79.12416
158967509.18400,25.20071,70.88938,193.79133,-10.56101,-38.13614,78.86994
158967510.18400,25.23924,70.85027,193.79116,-10.56100,-38.04276,78.51614
158967511.18400,25.27785,70.81220,193.79099,-10.56099,-37.94056,78.08720
158967512.18400,25.31645,70.77413,193.79081,-10.56099,-37.83837,77.70607
158967513.18400,25.35506,70.73607,193.79063,-10.56098,-37.73617,77.33063
158967514.18400,25.39366,70.69800,193.79044,-10.56097,-37.63397,76.77909
158967515.18400,25.43227,70.65994,193.79024,-10.56097,-37.53178,76.12760
158967516.18400,25.47087,70.62187,193.79003,-10.56096,-37.42958,75.68617
158967517.18400,25.50948,70.58380,193.78982,-10.56095,-37.32739,75.41874
158967518.18400,25.54809,70.54574,193.78960,-10.56094,-37.22519,75.11049
158967519.18400,25.58669,70.50767,193.78938,-10.56093,-37.12300,74.75122
158967520.18400,25.62530,70.46961,193.78916,-10.56093,-37.02080,74.36520
158967521.18400,25.66390,70.43154,193.78893,-10.56092,-36.91861,73.94935
158967522.18400,25.70251,70.39347,193.78869,-10.56091,-36.81641,73.49098
158967523.18400,25.74111,70.35541,193.78845,-10.56090,-36.71422,72.98696
158967524.18400,25.77972,70.31734,193.78819,-10.56089,-36.61202,72.45941
158967525.18400,25.81843,70.27963,193.78794,-10.56088,-36.53351,71.94710
158967526.18400,25.85749,70.24309,193.78767,-10.56087,-36.53445,71.55499
158967527.18400,25.89654,70.20656,193.78740,-10.56086,-36.53538,71.23408
158967528.18400,25.93560,70.17003,193.78712,-10.56085,-36.53631,70.88700
158967529.18400,25.97466,70.13349,193.78684,-10.56084,-36.53724,70.52041
158967530.18400,26.01372,70.09696,193.78655,-10.56083,-36.53818,70.18727
158967531.18400,26.05278,70.06043,193.78626,-10.56082,-36.53911,69.86359
158967532.18400,26.09184,70.02389,193.78596,-10.56081,-36.54004,69.45708
158967533.18400,26.13089,69.98736,193.78566,-10.56080,-36.54098,68.99815
158967534.18400,26.16995,69.95083,193.78535,-10.56079,-36.54191,68.62587
158967535.18400,26.20901,69.91429,193.78503,-10.56078,-36.54284,68.32121
158967536.18400,26.24807,69.87776,193.78471,-10.56077,-36.54377,68.01049
158967537.18400,26.28713,69.84123,193.78438,-10.56076,-36.54471,67.70715
158967538.18400,26.32619,69.80469,193.78405,-10.56075,-36.54564,67.46526
158967539.18400,26.36524,69.76816,193.78371,-10.56074,-36.54657,67.29765
158967540.18400,26.40444,69.73163,193.78337,-10.56073,-36.52562,67.21021
158967541.18400,26.44410,69.69508,193.78303,-10.56072,-36.43126,67.13167
158967542.18400,26.48377,69.65853,193.78270,-10.56071,-36.33690,66.92781
158967543.18400,26.52343,69.62198,193.78235,-10.56070,-36.24254,66.61108
158967544.18400,26.56309,69.58544,193.78201,-10.56069,-36.14818,66.28739
158967545.18400,26.60276,69.54889,193.78165,-10.56067,-36.05382,65.96429
158967546.18400,26.64242,69.51234,193.78130,-10.56066,-35.95946,65.64126
158967547.18400,26.68208,69.47579,193.78094,-10.56065,-35.86510,65.31720
158967548.18400,26.72174,69.43925,193.78057,-10.56064,-35.77074,64.99379
158967549.18400,26.76141,69.40270,193.78020,-10.56062,-35.67638,64.66793
158967550.18400,26.80107,69.36615,193.77983,-10.56061,-35.58202,64.34379
158967551.18400,26.84073,69.32960,193.77945,-10.56059,-35.48766,64.02114
158967552.18400,26.88039,69.29306,193.77907,-10.56058,-35.39330,63.69839
158967553.18400,26.92006,69.25651,193.77868,-10.56057,-35.29894,63.37517
158967554.18400,26.95972,69.21996,193.77829,-10.56055,-35.20458,63.05214
158967555.18400,26.99943,69.18374,193.77789,-10.56054,-35.12085,62.73618
158967556.18400,27.03927,69.14861,193.77749,-10.56052,-35.07276,62.44217
158967557.18400,27.07912,69.11348,193.77708,-10.56051,-35.02467,62.15127
158967558.18400,27.11897,69.07834,193.77667,-10.56049,-34.97657,61.86394
158967559.18400,27.15882,69.04321,193.77626,-10.56048,-34.92848,61.57216
158967560.18400,27.19867,69.00808,193.77584,-10.56046,-34.88039,61.28302
158967561.18400,27.23852,68.97295,193.77542,-10.56045,-34.83229,60.99591
158967562.18400,27.27837,68.93782,193.77499,-10.56043,-34.78420,60.70953
158967563.18400,27.31822,68.90268,193.77456,-10.56042,-34.73611,60.42284
158967564.18400,27.35807,68.86755,193.77412,-10.56040,-34.68801,60.13593
158967565.18400,27.39792,68.83242,193.77368,-10.56038,-34.63992,59.85148
158967566.18400,27.43777,68.79729,193.77323,-10.56037,-34.59183,59.56742
158967567.18400,27.47762,68.76216,193.77278,-10.56035,-34.54373,59.28804
158967568.18400,27.51746,68.72702,193.77233,-10.56034,-34.49564,59.00395
158967569.18400,27.55731,68.69189,193.77187,-10.56032,-34.44755,58.72030
158967570.18400,27.59751,68.65693,193.77141,-10.56030,-34.42142,58.45927
158967571.18400,27.63890,68.62252,193.77094,-10.56029,-34.46895,58.25154
158967572.18400,27.68028,68.58811,193.77047,-10.56027,-34.51647,58.04306
158967573.18400,27.72166,68.55370,193.76999,-10.56025,-34.56400,57.83875
158967574.18400,27.76304,68.51929,193.76951,-10.56023,-34.61153,57.63552
158967575.18400,27.80442,68.48488,193.76902,-10.56022,-34.65906,57.43365
158967576.18400,27.84580,68.45047,193.76853,-10.56020,-34.70659,57.23314
158967577.18400,27.88718,68.41606,193.76804,-10.56018,-34.75411,57.03206
158967578.18400,27.92857,68.38165,193.76754,-10.56016,-34.80164,56.83455
158967579.18400,27.96995,68.34724,193.76704,-10.56015,-34.84917,56.63838
158967580.18400,28.01133,68.31283,193.76653,-10.56013,-34.89670,56.44368
158967581.18400,28.05271,68.27842,193.76602,-10.56011,-34.94423,56.25093
158967582.18400,28.09409,68.24401,193.76550,-10.56009,-34.99175,56.05960
158967583.18400,28.13547,68.20960,193.76498,-10.56007,-35.03928,55.86869
158967584.18400,28.17685,68.17519,193.76445,-10.56005,-35.08681,55.67705
158967585.18400,28.21863,68.14061,193.76392,-10.56003,-35.11103,55.47181
158967586.18400,28.26172,68.10549,193.76339,-10.56002,-35.05710,55.20861
158967587.18400,28.30481,68.07036,193.76285,-10.56000,-35.00318,54.94376
158967588.18400,28.34790,68.03524,193.76231,-10.55998,-34.94925,54.68100
158967589.18400,28.39099,68.00012,193.76176,-10.55996,-34.89532,54.42186
158967590.18400,28.43408,67.96499,193.76121,-10.55994,-34.84139,54.15982
158967591.18400,28.47717,67.92987,193.76065,-10.55992,-34.78746,53.89985
158967592.18400,28.52026,67.89474,193.76009,-10.55990,-34.73354,53.64154
158967593.18400,28.56335,67.85962,193.75952,-10.55988,-34.67961,53.38226
158967594.18400,28.60644,67.82450,193.75895,-10.55986,-34.62568,53.12554
158967595.18400,28.64953,67.78937,193.75838,-10.55984,-34.57175,52.86990
158967596.18400,28.69262,67.75425,193.75780,-10.55982,-34.51782,52.61456
158967597.18400,28.73571,67.71912,193.75722,-10.55980,-34.46390,52.36093
158967598.18400,28.77880,67.68400,193.75663,-10.55978,-34.40997,52.10809
158967599.18400,28.82189,67.64888,193.75604,-10.55975,-34.35604,51.85412
158967600.18400,28.86505,67.61394,193.75544,-10.55973,-34.28985,51.59166
158967601.18400,28.90845,67.57962,193.75484,-10.55971,-34.18253,51.29925
158967602.18400,28.95185,67.54531,193.75423,-10.55969,-34.07521,51.00609
158967603.18400,28.99526,67.51100,193.75362,-10.55967,-33.96790,50.71185
158967604.18400,29.03866,67.47668,193.75301,-10.55965,-33.86058,50.41960
158967605.18400,29.08206,67.44237,193.75239,-10.55963,-33.75326,50.12824
158967606.18400,29.12546,67.40805,193.75176,-10.55960,-33.64594,49.83812
158967607.18400,29.16886,67.37374,193.75114,-10.55958,-33.53862,49.54602
158967608.18400,29.21226,67.33943,193.75050,-10.55956,-33.43131,49.25616
158967609.18400,29.25566,67.30511,193.74987,-10.55954,-33.32399,48.96814
158967610.18400,29.29906,67.27080,193.74922,-10.55951,-33.21667,48.67821
158967611.18400,29.34246,67.23648,193.74858,-10.55949,-33.10935,48.39031
158967612.18400,29.38587,67.20217,193.74793,-10.55947,-33.00203,48.10324
158967613.18400,29.42927,67.16786,193.74727,-10.55945,-32.89472,47.81740
158967614.18400,29.47267,67.13354,193.74661,-10.55942,-32.78740,47.53226
158967615.18400,29.51630,67.09960,193.74595,-10.55940,-32.70377,47.26657
158967616.18400,29.56073,67.06689,193.74528,-10.55938,-32.69960,47.07310
158967617.18400,29.60516,67.03419,193.74461,-10.55935,-32.69544,46.88111
158967618.18400,29.64959,67.00148,193.74393,-10.55933,-32.69127,46.68943
158967619.18400,29.69402,66.96878,193.74325,-10.55930,-32.68710,46.49801
158967620.18400,29.73845,66.93607,193.74256,-10.55928,-32.68293,46.30922
158967621.18400,29.78288,66.90337,193.74187,-10.55926,-32.67876,46.10996
158967622.18400,29.82731,66.87067,193.74118,-10.55923,-32.67460,45.85884
158967623.18400,29.87174,66.83796,193.74047,-10.55921,-32.67043,45.58254
158967624.18400,29.91617,66.80526,193.73977,-10.55918,-32.66626,45.38168
158967625.18400,29.96060,66.77255,193.73905,-10.55915,-32.66209,45.24970
158967626.18400,30.00503,66.73985,193.73834,-10.55913,-32.65792,45.13471
158967627.18400,30.04946,66.70714,193.73762,-10.55910,-32.65376,45.03542
158967628.18400,30.09389,66.67444,193.73690,-10.55908,-32.64959,44.95036
158967629.18400,30.13831,66.64173,193.73618,-10.55905,-32.64542,44.87203
158967630.18400,30.18302,66.60904,193.73545,-10.55902,-32.62544,44.76386
158967631.18400,30.22864,66.57640,193.73473,-10.55900,-32.55241,44.57947
158967632.18400,30.27426,66.54376,193.73400,-10.55897,-32.47938,44.34094
158967633.18400,30.31987,66.51111,193.73326,-10.55894,-32.40635,44.06207
158967634.18400,30.36549,66.47847,193.73252,-10.55892,-32.33332,43.78519
158967635.18400,30.41111,66.44583,193.73177,-10.55889,-32.26029,43.53439
158967636.18400,30.45673,66.41319,193.73102,-10.55886,-32.18726,43.36395
158967637.18400,30.50235,66.38054,193.73027,-10.55883,-32.11423,43.24485
158967638.18400,30.54797,66.34790,193.72952,-10.55881,-32.04120,43.08143
158967639.18400,30.59359,66.31526,193.72876,-10.55878,-31.96817,42.89062
158967640.18400,30.63921,66.28262,193.72800,-10.55875,-31.89514,42.76475
158967641.18400,30.68483,66.24997,193.72724,-10.55873,-31.82211,42.69770
158967642.18400,30.73045,66.21733,193.72648,-10.55870,-31.74908,42.62111
158967643.18400,30.77607,66.18469,193.72572,-10.55867,-31.67605,42.52495
158967644.18400,30.82169,66.15204,193.72496,-10.55864,-31.60302,42.40537
158967645.18400,30.86743,66.11965,193.72419,-10.55862,-31.53854,42.26556
158967646.18400,30.91358,66.08811,193.72343,-10.55859,-31.50269,42.11742
158967647.18400,30.95974,66.05656,193.72265,-10.55856,-31.46684,41.95315
158967648.18400,31.00589,66.02501,193.72188,-10.55853,-31.43099,41.82313
158967649.18400,31.05205,65.99347,193.72111,-10.55850,-31.39514,41.72366
158967650.18400,31.09820,65.96192,193.72033,-10.55848,-31.35929,41.62124
158967651.18400,31.14435,65.93037,193.71955,-10.55845,-31.32344,41.52753
158967652.18400,31.19051,65.89883,193.71877,-10.55842,-31.28759,41.50218
158967653.18400,31.23666,65.86728,193.71799,-10.55839,-31.25174,41.53346
158967654.18400,31.28282,65.83573,193.71721,-10.55837,-31.21589,41.56197
158967655.18400,31.32897,65.80419,193.71644,-10.55834,-31.18004,41.57539
158967656.18400,31.37513,65.77264,193.71566,-10.55831,-31.14419,41.54587
158967657.18400,31.42128,65.74109,193.71489,-10.55828,-31.10834,41.47373
158967658.18400,31.46743,65.70955,193.71411,-10.55825,-31.07249,41.37390
158967659.18400,31.51359,65.67800,193.71333,-10.55823,-31.03664,41.26478
158967660.18400,31.56009,65.64658,193.71255,-10.55820,-31.00910,41.21083
158967661.18400,31.60775,65.61557,193.71177,-10.55817,-31.00943,41.22606
158967662.18400,31.65540,65.58456,193.71099,-10.55814,-31.00977,41.25112
158967663.18400,31.70306,65.55355,193.71021,-10.55811,-31.01011,41.28314
158967664.18400,31.75072,65.52254,193.70943,-10.55809,-31.01045,41.32740
158967665.18400,31.79837,65.49153,193.70865,-10.55806,-31.01078,41.37131
158967666.18400,31.84603,65.46053,193.70788,-10.55803,-31.01112,41.36672
158967667.18400,31.89369,65.42952,193.70710,-10.55800,-31.01146,41.32659
158967668.18400,31.94134,65.39851,193.70632,-10.55798,-31.01180,41.31544
158967669.18400,31.98900,65.36750,193.70554,-10.55795,-31.01213,41.32467
158967670.18400,32.03666,65.33649,193.70476,-10.55792,-31.01247,41.31692
158967671.18400,32.08431,65.30548,193.70399,-10.55789,-31.01281,41.29545
158967672.18400,32.13197,65.27447,193.70321,-10.55787,-31.01315,41.27085
158967673.18400,32.17963,65.24346,193.70243,-10.55784,-31.01348,41.25314
158967674.18400,32.22728,65.21246,193.70165,-10.55781,-31.01382,41.25912
158967675.18400,32.27533,65.18145,193.70087,-10.55778,-31.00540,41.27837
158967676.18400,32.32466,65.15043,193.70009,-10.55776,-30.96763,41.27942
158967677.18400,32.37399,65.11942,193.69931,-10.55773,-30.92986,41.27937
158967678.18400,32.42332,65.08840,193.69853,-10.55770,-30.89209,41.26161
158967679.18400,32.47266,65.05739,193.69776,-10.55767,-30.85432,41.23084
158967680.18400,32.52199,65.02637,193.69698,-10.55765,-30.81655,41.20442
158967681.18400,32.57132,64.99536,193.69620,-10.55762,-30.77878,41.17958
158967682.18400,32.62066,64.96434,193.69543,-10.55759,-30.74101,41.14178
158967683.18400,32.66999,64.93333,193.69465,-10.55756,-30.70324,41.09020
158967684.18400,32.71932,64.90231,193.69387,-10.55754,-30.66547,41.01955
158967685.18400,32.76865,64.87130,193.69310,-10.55751,-30.62770,40.93961
158967686.18400,32.81799,64.84028,193.69232,-10.55748,-30.58993,40.89277
158967687.18400,32.86732,64.80927,193.69154,-10.55745,-30.55216,40.87497
158967688.18400,32.91665,64.77826,193.69076,-10.55743,-30.51439,40.85839
158967689.18400,32.96598,64.74724,193.68998,-10.55740,-30.47661,40.84110
158967690.18400,33.01549,64.71636,193.68920,-10.55737,-30.43057,40.81313
158967691.18400,33.06558,64.68591,193.68842,-10.55735,-30.35679,40.76000
158967692.18400,33.11566,64.65546,193.68765,-10.55732,-30.28301,40.72699
158967693.18400,33.16575,64.62501,193.68687,-10.55729,-30.20922,40.70643
158967694.18400,33.21584,64.59457,193.68610,-10.55726,-30.13544,40.68042
158967695.18400,33.26592,64.56412,193.68533,-10.55724,-30.06166,40.63699
158967696.18400,33.31601,64.53367,193.68455,-10.55721,-29.98787,40.53789
158967697.18400,33.36610,64.50322,193.68378,-10.55718,-29.91409,40.39528
158967698.18400,33.41618,64.47278,193.68300,-10.55716,-29.84031,40.25875
158967699.18400,33.46627,64.44233,193.68222,-10.55713,-29.76652,40.14184
158967700.18400,33.51636,64.41188,193.68144,-10.55710,-29.69274,40.06257
158967701.18400,33.56644,64.38144,193.68066,-10.55707,-29.61896,40.01553
158967702.18400,33.61653,64.35099,193.67989,-10.55705,-29.54517,39.98170
158967703.18400,33.66662,64.32054,193.67911,-10.55702,-29.47139,39.95970
158967704.18400,33.71670,64.29009,193.67833,-10.55699,-29.39761,39.93981
158967705.18400,33.76697,64.25990,193.67756,-10.55697,-29.33038,39.91161
158967706.18400,33.81785,64.23056,193.67679,-10.55694,-29.28517,39.84729
158967707.18400,33.86873,64.20122,193.67601,-10.55691,-29.23995,39.75162
158967708.18400,33.91961,64.17188,193.67523,-10.55689,-29.19473,39.70673
158967709.18400,33.97048,64.14254,193.67446,-10.55686,-29.14952,39.69472
158967710.18400,34.02136,64.11320,193.67368,-10.55683,-29.10430,39.63757
158967711.18400,34.07224,64.08386,193.67291,-10.55681,-29.05908,39.54818
158967712.18400,34.12312,64.05452,193.67213,-10.55678,-29.01387,39.49418
158967713.18400,34.17400,64.02518,193.67135,-10.55675,-28.96865,39.46524
158967714.18400,34.22487,63.99583,193.67058,-10.55672,-28.92343,39.42762
158967715.18400,34.27575,63.96649,193.66980,-10.55670,-28.87822,39.38164
158967716.18400,34.32663,63.93715,193.66902,-10.55667,-28.83300,39.34702
158967717.18400,34.37751,63.90781,193.66825,-10.55664,-28.78778,39.31755
158967718.18400,34.42839,63.87847,193.66747,-10.55662,-28.74257,39.25607
158967719.18400,34.47926,63.84913,193.66670,-10.55659,-28.69735,39.16162
158967720.18400,34.53036,63.81995,193.66592,-10.55656,-28.65307,39.02798
158967721.18400,34.58220,63.79128,193.66514,-10.55654,-28.61192,38.88032
158967722.18400,34.63403,63.76262,193.66435,-10.55651,-28.57077,38.79207
158967723.18400,34.68587,63.73396,193.66357,-10.55648,-28.52962,38.75202
158967724.18400,34.73771,63.70530,193.66278,-10.55646,-28.48847,38.70947
158967725.18400,34.78954,63.67663,193.66200,-10.55643,-28.44732,38.66067
158967726.18400,34.84138,63.64797,193.66121,-10.55640,-28.40617,38.61160
158967727.18400,34.89321,63.61931,193.66043,-10.55638,-28.36502,38.56306
158967728.18400,34.94505,63.59064,193.65964,-10.55635,-28.32387,38.51398
158967729.18400,34.99688,63.56198,193.65886,-10.55632,-28.28272,38.46428
158967730.18400,35.04872,63.53332,193.65807,-10.55630,-28.24157,38.41509
158967731.18400,35.10056,63.50466,193.65728,-10.55627,-28.20043,38.36649
158967732.18400,35.15239,63.47599,193.65650,-10.55624,-28.15928,38.31552
158967733.18400,35.20423,63.44733,193.65571,-10.55622,-28.11813,38.26623
158967734.18400,35.25606,63.41867,193.65492,-10.55619,-28.07698,38.21891
158967735.18400,35.30811,63.39015,193.65414,-10.55616,-28.03851,38.17155
158967736.18400,35.36084,63.36210,193.65335,-10.55614,-28.00902,38.13374
158967737.18400,35.41357,63.33406,193.65256,-10.55611,-27.97954,38.09589
158967738.18400,35.46631,63.30601,193.65177,-10.55608,-27.95006,38.05681
158967739.18400,35.51904,63.27797,193.65098,-10.55606,-27.92057,38.01914
158967740.18400,35.57178,63.24992,193.65019,-10.55603,-27.89109,37.98250
158967741.18400,35.62451,63.22188,193.64941,-10.55600,-27.86161,37.94443
158967742.18400,35.67725,63.19383,193.64862,-10.55598,-27.83212,37.90529
158967743.18400,35.72998,63.16579,193.64783,-10.55595,-27.80264,37.86754
158967744.18400,35.78272,63.13774,193.64704,-10.55593,-27.77316,37.82907
158967745.18400,35.83545,63.10969,193.64625,-10.55590,-27.74367,37.79164
158967746.18400,35.88819,63.08165,193.64546,-10.55587,-27.71419,37.75345
158967747.18400,35.94092,63.05360,193.64467,-10.55585,-27.68471,37.71494
158967748.18400,35.99366,63.02556,193.64388,-10.55582,-27.65522,37.67891
158967749.18400,36.04639,62.99751,193.64309,-10.55579,-27.62574,37.63966
158967750.18400,36.09938,62.96957,193.64230,-10.55577,-27.59790,37.60262
158967751.18400,36.15321,62.94197,193.64150,-10.55574,-27.57558,37.57194
158967752.18400,36.20704,62.91436,193.64071,-10.55571,-27.55326,37.54183
158967753.18400,36.26087,62.88676,193.63992,-10.55569,-27.53094,37.51086
158967754.18400,36.31470,62.85916,193.63913,-10.55566,-27.50862,37.47826
158967755.18400,36.36853,62.83156,193.63834,-10.55563,-27.48630,37.44863
158967756.18400,36.42236,62.80395,193.63754,-10.55561,-27.46398,37.41827
158967757.18400,36.47619,62.77635,193.63675,-10.55558,-27.44166,37.38667
158967758.18400,36.53002,62.74875,193.63596,-10.55556,-27.41934,37.35594
158967759.18400,36.58385,62.72115,193.63516,-10.55553,-27.39702,37.32573
158967760.18400,36.63767,62.69354,193.63437,-10.55550,-27.37470,37.29416
158967761.18400,36.69150,62.66594,193.63358,-10.55548,-27.35238,37.26202
158967762.18400,36.74533,62.63834,193.63278,-10.55545,-27.33006,37.23105
158967763.18400,36.79916,62.61073,193.63199,-10.55542,-27.30774,37.20133
158967764.18400,36.85299,62.58313,193.63119,-10.55540,-27.28542,37.17038
158967765.18400,36.90711,62.55561,193.63040,-10.55537,-27.26482,37.14009
158967766.18400,36.96217,62.52834,193.62960,-10.55535,-27.24998,37.11670
158967767.18400,37.01724,62.50107,193.62881,-10.55532,-27.23515,37.09430
158967768.18400,37.07230,62.47380,193.62801,-10.55529,-27.22031,37.07083
158967769.18400,37.12736,62.44653,193.62722,-10.55527,-27.20547,37.04638
158967770.18400,37.18243,62.41926,193.62642,-10.55524,-27.19063,37.02296
158967771.18400,37.23749,62.39199,193.62562,-10.55521,-27.17579,36.99894
158967772.18400,37.29256,62.36473,193.62483,-10.55519,-27.16096,36.97630
158967773.18400,37.34762,62.33746,193.62403,-10.55516,-27.14612,36.95292
158967774.18400,37.40269,62.31019,193.62323,-10.55513,-27.13128,36.92890
158967775.18400,37.45775,62.28292,193.62244,-10.55511,-27.11644,36.90729
158967776.18400,37.51282,62.25565,193.62164,-10.55508,-27.10160,36.88287
158967777.18400,37.56788,62.22838,193.62084,-10.55505,-27.08677,36.85897
158967778.18400,37.62295,62.20111,193.62004,-10.55503,-27.07193,36.83558
158967779.18400,37.67801,62.17385,193.61924,-10.55500,-27.05709,36.81168
158967780.18400,37.73318,62.14663,193.61845,-10.55498,-27.02763,36.77446
158967781.18400,37.78869,62.11958,193.61765,-10.55495,-26.94911,36.68557
158967782.18400,37.84419,62.09254,193.61685,-10.55492,-26.87060,36.59740
158967783.18400,37.89970,62.06549,193.61605,-10.55490,-26.79209,36.50890
158967784.18400,37.95521,62.03845,193.61525,-10.55487,-26.71357,36.42009
158967785.18400,38.01072,62.01140,193.61445,-10.55484,-26.63506,36.33215
158967786.18400,38.06622,61.98436,193.61365,-10.55482,-26.55655,36.24150
158967787.18400,38.12173,61.95731,193.61285,-10.55479,-26.47803,36.15326
158967788.18400,38.17724,61.93027,193.61205,-10.55477,-26.39952,36.06487
158967789.18400,38.23274,61.90322,193.61125,-10.55474,-26.32101,35.97378
158967790.18400,38.28825,61.87617,193.61045,-10.55471,-26.24249,35.88513
158967791.18400,38.34376,61.84913,193.60964,-10.55469,-26.16398,35.79567
158967792.18400,38.39927,61.82208,193.60884,-10.55466,-26.08547,35.70485
158967793.18400,38.45477,61.79504,193.60804,-10.55463,-26.00695,35.61490
158967794.18400,38.51028,61.76799,193.60724,-10.55461,-25.92844,35.52482
158967795.18400,38.56588,61.74122,193.60644,-10.55458,-25.86585,35.45123
158967796.18400,38.62180,61.71535,193.60563,-10.55456,-25.85665,35.43384
158967797.18400,38.67772,61.68948,193.60483,-10.55453,-25.84745,35.41615
158967798.18400,38.73364,61.66361,193.60403,-10.55450,-25.83826,35.39809
158967799.18400,38.78956,61.63775,193.60322,-10.55448,-25.82906,35.38034
158967800.18400,38.84548,61.61188,193.60242,-10.55445,-25.81986,35.36256
158967801.18400,38.90140,61.58601,193.60162,-10.55443,-25.81066,35.34801
158967802.18400,38.95732,61.56014,193.60081,-10.55440,-25.80147,35.34556
158967803.18400,39.01324,61.53427,193.60001,-10.55438,-25.79227,35.36962
158967804.18400,39.06916,61.50841,193.59921,-10.55435,-25.78307,35.46311
158967805.18400,39.12508,61.48254,193.59841,-10.55432,-25.77387,35.58007
158967806.18400,39.18100,61.45667,193.59761,-10.55430,-25.76468,35.56024
158967807.18400,39.23692,61.43080,193.59682,-10.55427,-25.75548,35.43366
158967808.18400,39.29284,61.40493,193.59602,-10.55425,-25.74628,35.34690
158967809.18400,39.34876,61.37907,193.59521,-10.55422,-25.73708,35.29204
158967810.18400,39.40494,61.35323,193.59441,-10.55419,-25.72578,35.20114
158967811.18400,39.46200,61.32750,193.59360,-10.55417,-25.70740,35.06935
158967812.18400,39.51906,61.30177,193.59279,-10.55414,-25.68902,34.93532
158967813.18400,39.57612,61.27604,193.59198,-10.55412,-25.67064,34.80375
158967814.18400,39.63318,61.25031,193.59116,-10.55409,-25.65226,34.67821
158967815.18400,39.69023,61.22458,193.59034,-10.55406,-25.63388,34.56813
158967816.18400,39.74729,61.19885,193.58951,-10.55404,-25.61550,34.49577
158967817.18400,39.80435,61.17312,193.58869,-10.55401,-25.59712,34.46891
158967818.18400,39.86141,61.14739,193.58787,-10.55398,-25.57874,34.49831
158967819.18400,39.91847,61.12166,193.58705,-10.55396,-25.56036,34.56460
158967820.18400,39.97553,61.09593,193.58623,-10.55393,-25.54198,34.59229
158967821.18400,40.03259,61.07020,193.58541,-10.55391,-25.52361,34.58287
158967822.18400,40.08965,61.04447,193.58459,-10.55388,-25.50523,34.57458
158967823.18400,40.14670,61.01874,193.58377,-10.55385,-25.48685,34.55779
158967824.18400,40.20376,60.99301,193.58295,-10.55383,-25.46847,34.48760
158967825.18400,40.26099,60.96734,193.58213,-10.55380,-25.44761,34.38202
158967826.18400,40.31879,60.94189,193.58131,-10.55378,-25.41845,34.31908
158967827.18400,40.37659,60.91644,193.58049,-10.55375,-25.38929,34.29388
158967828.18400,40.43439,60.89098,193.57967,-10.55372,-25.36013,34.24570
158967829.18400,40.49219,60.86553,193.57884,-10.55370,-25.33097,34.18092
158967830.18400,40.54999,60.84007,193.57802,-10.55367,-25.30181,34.13548
158967831.18400,40.60779,60.81462,193.57719,-10.55364,-25.27265,34.11150
158967832.18400,40.66559,60.78917,193.57637,-10.55362,-25.24349,34.09848
158967833.18400,40.72339,60.76371,193.57554,-10.55359,-25.21433,34.09655
158967834.18400,40.78120,60.73826,193.57472,-10.55356,-25.18517,34.10802
158967835.18400,40.83900,60.71280,193.57390,-10.55354,-25.15601,34.12226
158967836.18400,40.89680,60.68735,193.57308,-10.55351,-25.12685,34.10947
158967837.18400,40.95460,60.66190,193.57226,-10.55349,-25.09769,34.06688
158967838.18400,41.01240,60.63644,193.57144,-10.55346,-25.06853,33.99547
158967839.18400,41.07020,60.61099,193.57062,-10.55343,-25.03937,33.90712
158967840.18400,41.12825,60.58563,193.56979,-10.55341,-25.01671,33.85092
158967841.18400,41.18718,60.56062,193.56897,-10.55338,-25.01584,33.83837
158967842.18400,41.24610,60.53560,193.56814,-10.55335,-25.01497,33.81698
158967843.18400,41.30502,60.51058,193.56732,-10.55333,-25.01409,33.78667
158967844.18400,41.36394,60.48556,193.56649,-10.55330,-25.01322,33.75498
158967845.18400,41.42287,60.46055,193.56566,-10.55328,-25.01235,33.72764
158967846.18400,41.48179,60.43553,193.56484,-10.55325,-25.01148,33.71632
158967847.18400,41.54071,60.41051,193.56401,-10.55322,-25.01061,33.72017
158967848.18400,41.59963,60.38549,193.56318,-10.55320,-25.00973,33.73099
158967849.18400,41.65855,60.36048,193.56235,-10.55317,-25.00886,33.74378
158967850.18400,41.71748,60.33546,193.56152,-10.55314,-25.00799,33.75179
158967851.18400,41.77640,60.31044,193.56070,-10.55312,-25.00712,33.75399
158967852.18400,41.83532,60.28543,193.55987,-10.55309,-25.00625,33.74996
158967853.18400,41.89424,60.26041,193.55904,-10.55307,-25.00537,33.74481
158967854.18400,41.95316,60.23539,193.55821,-10.55304,-25.00450,33.74846
158967855.18400,42.01231,60.21038,193.55739,-10.55301,-24.99356,33.74831
158967856.18400,42.07222,60.18537,193.55656,-10.55299,-24.94887,33.70392
158967857.18400,42.13212,60.16037,193.55573,-10.55296,-24.90417,33.64846
158967858.18400,42.19203,60.13536,193.55491,-10.55294,-24.85948,33.59264
158967859.18400,42.25194,60.11036,193.55408,-10.55291,-24.81478,33.53885
158967860.18400,42.31184,60.08536,193.55325,-10.55288,-24.77009,33.49031
158967861.18400,42.37175,60.06035,193.55242,-10.55286,-24.72539,33.45520
158967862.18400,42.43165,60.03535,193.55160,-10.55283,-24.68070,33.45034
158967863.18400,42.49156,60.01034,193.55077,-10.55281,-24.63600,33.46130
158967864.18400,42.55147,59.98534,193.54995,-10.55278,-24.59131,33.43449
158967865.18400,42.61137,59.96034,193.54913,-10.55275,-24.54661,33.37108
158967866.18400,42.67128,59.93533,193.54830,-10.55273,-24.50191,33.29597
158967867.18400,42.73118,59.91033,193.54748,-10.55270,-24.45722,33.20752
158967868.18400,42.79109,59.88532,193.54665,-10.55268,-24.41252,33.08803
158967869.18400,42.85100,59.86032,193.54582,-10.55265,-24.36783,32.94751
158967870.18400,42.91104,59.83547,193.54499,-10.55262,-24.32959,32.82681
158967871.18400,42.97156,59.81114,193.54415,-10.55260,-24.31299,32.76383
158967872.18400,43.03208,59.78680,193.54332,-10.55257,-24.29639,32.79233
158967873.18400,43.09260,59.76247,193.54248,-10.55255,-24.27979,32.88903
158967874.18400,43.15312,59.73814,193.54166,-10.55252,-24.26319,32.97486
158967875.18400,43.21365,59.71380,193.54083,-10.55250,-24.24659,33.03273
158967876.18400,43.27417,59.68947,193.54001,-10.55247,-24.22999,33.04441
158967877.18400,43.33469,59.66514,193.53918,-10.55244,-24.21339,33.02290
158967878.18400,43.39521,59.64080,193.53836,-10.55242,-24.19679,32.99645
158967879.18400,43.45573,59.61647,193.53754,-10.55239,-24.18019,32.97448
158967880.18400,43.51625,59.59214,193.53671,-10.55237,-24.16359,32.97323
158967881.18400,43.57677,59.56780,193.53589,-10.55234,-24.14699,32.98311
158967882.18400,43.63729,59.54347,193.53507,-10.55232,-24.13040,32.97013
158967883.18400,43.69781,59.51914,193.53424,-10.55229,-24.11380,32.93126
158967884.18400,43.75833,59.49480,193.53342,-10.55226,-24.09720,32.88545
158967885.18400,43.81910,59.47053,193.53260,-10.55224,-24.08461,32.83864
158967886.18400,43.88071,59.44644,193.53177,-10.55221,-24.08549,32.79955
158967887.18400,43.94231,59.42236,193.53094,-10.55219,-24.08638,32.76572
158967888.18400,44.00392,59.39828,193.53011,-10.55216,-24.08726,32.76169
158967889.18400,44.06553,59.37419,193.52929,-10.55214,-24.08814,32.78031
158967890.18400,44.12713,59.35011,193.52846,-10.55211,-24.08902,32.79279
158967891.18400,44.18874,59.32602,193.52763,-10.55208,-24.08990,32.79369
158967892.18400,44.25034,59.30194,193.52681,-10.55206,-24.09079,32.77630
158967893.18400,44.31195,59.27786,193.52598,-10.55203,-24.09167,32.73579
158967894.18400,44.37356,59.25377,193.52515,-10.55201,-24.09255,32.65844
158967895.18400,44.43516,59.22969,193.52432,-10.55198,-24.09343,32.55496
158967896.18400,44.49677,59.20560,193.52348,-10.55195,-24.09431,32.46043
158967897.18400,44.55838,59.18152,193.52264,-10.55193,-24.09520,32.37763
158967898.18400,44.61998,59.15744,193.52180,-10.55190,-24.09608,32.29663
158967899.18400,44.68159,59.13335,193.52096,-10.55188,-24.09696,32.23811
158967900.18400,44.74339,59.10926,193.52011,-10.55185,-24.09114,32.26189
158967901.18400,44.80585,59.08517,193.51927,-10.55183,-24.06284,32.32489
158967902.18400,44.86830,59.06107,193.51843,-10.55180,-24.03455,32.35029
158967903.18400,44.93075,59.03697,193.51759,-10.55177,-24.00625,32.34552
158967904.18400,44.99321,59.01287,193.51675,-10.55175,-23.97796,32.36701
158967905.18400,45.05566,58.98877,193.51592,-10.55172,-23.94966,32.40766
158967906.18400,45.11812,58.96468,193.51508,-10.55170,-23.92136,32.42407
158967907.18400,45.18057,58.94058,193.51425,-10.55167,-23.89307,32.41609
158967908.18400,45.24302,58.91648,193.51342,-10.55165,-23.86477,32.40753
158967909.18400,45.30548,58.89238,193.51259,-10.55162,-23.83648,32.39874
158967910.18400,45.36793,58.86828,193.51176,-10.55160,-23.80818,32.38771
158967911.18400,45.43039,58.84419,193.51093,-10.55157,-23.77988,32.37828
158967912.18400,45.49284,58.82009,193.51010,-10.55154,-23.75159,32.36957
158967913.18400,45.55530,58.79599,193.50927,-10.55152,-23.72329,32.36079
158967914.18400,45.61775,58.77189,193.50844,-10.55149,-23.69500,32.35129
158967915.18400,45.68019,58.74789,193.50761,-10.55147,-23.66018,32.33383
158967916.18400,45.74260,58.72422,193.50679,-10.55144,-23.60351,32.29295
158967917.18400,45.80500,58.70055,193.50596,-10.55142,-23.54684,32.25299
158967918.18400,45.86741,58.67687,193.50514,-10.55139,-23.49018,32.21227
158967919.18400,45.92981,58.65320,193.50431,-10.55137,-23.43351,32.17048
158967920.18400,45.99222,58.62953,193.50349,-10.55135,-23.37684,32.13001
158967921.18400,46.05462,58.60585,193.50267,-10.55132,-23.32017,32.08804
158967922.18400,46.11703,58.58218,193.50184,-10.55130,-23.26350,32.04687
158967923.18400,46.17943,58.55851,193.50102,-10.55127,-23.20683,32.00609
158967924.18400,46.24184,58.53483,193.50020,-10.55125,-23.15016,31.96444
158967925.18400,46.30424,58.51116,193.49938,-10.55122,-23.09349,31.92214
158967926.18400,46.36665,58.48749,193.49856,-10.55120,-23.03682,31.88036
158967927.18400,46.42905,58.46381,193.49774,-10.55117,-22.98015,31.83911
158967928.18400,46.49146,58.44014,193.49692,-10.55115,-22.92348,31.79790
158967929.18400,46.55386,58.41647,193.49611,-10.55112,-22.86681,31.75595
158967930.18400,46.61644,58.39299,193.49529,-10.55110,-22.82556,31.72951
158967931.18400,46.67961,58.37016,193.49447,-10.55107,-22.83603,31.76339
158967932.18400,46.74278,58.34734,193.49366,-10.55105,-22.84649,31.79743
158967933.18400,46.80594,58.32452,193.49284,-10.55103,-22.85695,31.82993
158967934.18400,46.86911,58.30170,193.49203,-10.55100,-22.86741,31.86327
158967935.18400,46.93228,58.27887,193.49122,-10.55098,-22.87788,31.89661
158967936.18400,46.99544,58.25605,193.49040,-10.55095,-22.88834,31.93060
158967937.18400,47.05861,58.23323,193.48959,-10.55093,-22.89880,31.96396
158967938.18400,47.12178,58.21041,193.48878,-10.55090,-22.90926,31.99596
158967939.18400,47.18494,58.18758,193.48797,-10.55088,-22.91973,32.03004
158967940.18400,47.24811,58.16476,193.48716,-10.55086,-22.93019,32.06431
158967941.18400,47.31128,58.14194,193.48635,-10.55083,-22.94065,32.09876
158967942.18400,47.37444,58.11912,193.48554,-10.55081,-22.95112,32.13135
158967943.18400,47.43761,58.09629,193.48473,-10.55079,-22.96158,32.16412
158967944.18400,47.50078,58.07347,193.48392,-10.55076,-22.97204,32.19933
158967945.18400,47.56423,58.05061,193.48312,-10.55074,-22.97410,32.22256
158967946.18400,47.62862,58.02763,193.48231,-10.55071,-22.94801,32.21522
158967947.18400,47.69302,58.00465,193.48151,-10.55069,-22.92191,32.20772
158967948.18400,47.75742,57.98167,193.48070,-10.55067,-22.89581,32.20002
158967949.18400,47.82182,57.95869,193.47990,-10.55064,-22.86971,32.19250
158967950.18400,47.88622,57.93571,193.47909,-10.55062,-22.84361,32.18496
158967951.18400,47.95061,57.91273,193.47829,-10.55060,-22.81751,32.17813
158967952.18400,48.01501,57.88975,193.47749,-10.55057,-22.79141,32.17052
158967953.18400,48.07941,57.86677,193.47669,-10.55055,-22.76531,32.16290
158967954.18400,48.14381,57.84379,193.47589,-10.55053,-22.73921,32.15445
158967955.18400,48.20821,57.82081,193.47509,-10.55050,-22.71311,32.14677
158967956.18400,48.27260,57.79783,193.47429,-10.55048,-22.68701,32.13990
158967957.18400,48.33700,57.77485,193.47349,-10.55046,-22.66091,32.13223
158967958.18400,48.40140,57.75187,193.47269,-10.55043,-22.63481,32.12437
158967959.18400,48.46580,57.72889,193.47189,-10.55041,-22.60871,32.11662
158967960.18400,48.53036,57.70600,193.47110,-10.55038,-22.58571,32.11263
158967961.18400,48.59547,57.68341,193.47030,-10.55036,-22.57309,32.12020
158967962.18400,48.66058,57.66082,193.46951,-10.55034,-22.56047,32.12875
158967963.18400,48.72569,57.63824,193.46871,-10.55031,-22.54784,32.13653
158967964.18400,48.79079,57.61565,193.46792,-10.55029,-22.53522,32.14267
158967965.18400,48.85590,57.59306,193.46712,-10.55027,-22.52260,32.15126
158967966.18400,48.92101,57.57047,193.46633,-10.55025,-22.50998,32.15968
158967967.18400,48.98612,57.54788,193.46554,-10.55022,-22.49736,32.16745
158967968.18400,49.05123,57.52529,193.46475,-10.55020,-22.48473,32.17540
158967969.18400,49.11634,57.50270,193.46396,-10.55018,-22.47211,32.18318
158967970.18400,49.18144,57.48011,193.46317,-10.55015,-22.45949,32.19080
158967971.18400,49.24655,57.45753,193.46238,-10.55013,-22.44687,32.19860
158967972.18400,49.31166,57.43494,193.46159,-10.55011,-22.43425,32.20718
158967973.18400,49.37677,57.41235,193.46080,-10.55009,-22.42162,32.21416
158967974.18400,49.44188,57.38976,193.46001,-10.55006,-22.40900,32.22198
158967975.18400,49.50720,57.36721,193.45923,-10.55004,-22.39571,32.22905
158967976.18400,49.57326,57.34482,193.45844,-10.55002,-22.38016,32.23337
158967977.18400,49.63932,57.32242,193.45766,-10.54999,-22.36462,32.23868
158967978.18400,49.70538,57.30002,193.45687,-10.54997,-22.34908,32.24337
158967979.18400,49.77143,57.27762,193.45609,-10.54995,-22.33353,32.24786
158967980.18400,49.83749,57.25522,193.45531,-10.54993,-22.31799,32.25143
158967981.18400,49.90355,57.23282,193.45452,-10.54990,-22.30244,32.25437
158967982.18400,49.96960,57.21042,193.45374,-10.54988,-22.28690,32.24588
158967983.18400,50.03566,57.18802,193.45296,-10.54986,-22.27135,32.21446
158967984.18400,50.10172,57.16562,193.45218,-10.54984,-22.25581,32.12722
158967985.18400,50.16777,57.14322,193.45139,-10.54981,-22.24026,32.01902
158967986.18400,50.23383,57.12082,193.45060,-10.54979,-22.22472,32.00523
158967987.18400,50.29989,57.09842,193.44982,-10.54977,-22.20917,32.06124
158967988.18400,50.36595,57.07602,193.44903,-10.54975,-22.19363,32.08423
158967989.18400,50.43200,57.05362,193.44825,-10.54973,-22.17808,32.07528
158967990.18400,50.49823,57.03128,193.44747,-10.54970,-22.16127,32.08121
158967991.18400,50.56504,57.00911,193.44668,-10.54968,-22.14018,32.08627
158967992.18400,50.63184,56.98695,193.44590,-10.54966,-22.11909,32.03313
158967993.18400,50.69864,56.96478,193.44512,-10.54964,-22.09800,31.93564
158967994.18400,50.76545,56.94261,193.44433,-10.54962,-22.07692,31.86050
158967995.18400,50.83225,56.92045,193.44355,-10.54960,-22.05583,31.82040
158967996.18400,50.89905,56.89828,193.44276,-10.54957,-22.03474,31.82465
158967997.18400,50.96586,56.87612,193.44197,-10.54955,-22.01365,31.85831
158967998.18400,51.03266,56.85395,193.44119,-10.54953,-21.99257,31.87049
158967999.18400,51.09947,56.83178,193.44041,-10.54951,-21.97148,31.85840
158968000.18400,51.16627,56.80962,193.43963,-10.54949,-21.95039,31.84465
158968001.18400,51.23307,56.78745,193.43884,-10.54947,-21.92931,31.83564
158968002.18400,51.29988,56.76529,193.43806,-10.54945,-21.90822,31.84042
158968003.18400,51.36668,56.74312,193.43728,-10.54942,-21.88713,31.85244
158968004.18400,51.43349,56.72095,193.43650,-10.54940,-21.86604,31.83996
158968005.18400,51.50040,56.69886,193.43572,-10.54938,-21.84432,31.82376
158968006.18400,51.56769,56.67701,193.43494,-10.54936,-21.82044,31.87854
158968007.18400,51.63497,56.65516,193.43417,-10.54934,-21.79657,31.99382
158968008.18400,51.70225,56.63331,193.43340,-10.54932,-21.77270,32.10221
158968009.18400,51.76954,56.61146,193.43263,-10.54930,-21.74883,32.18415
158968010.18400,51.83682,56.58961,193.43187,-10.54928,-21.72496,32.21281
158968011.18400,51.90411,56.56776,193.43111,-10.54926,-21.70108,32.19445
158968012.18400,51.97139,56.54591,193.43034,-10.54924,-21.67721,32.14906
158968013.18400,52.03868,56.52406,193.42958,-10.54922,-21.65334,32.08881
158968014.18400,52.10596,56.50221,193.42881,-10.54919,-21.62947,32.04915
158968015.18400,52.17325,56.48036,193.42805,-10.54917,-21.60560,32.03310
158968016.18400,52.24053,56.45851,193.42729,-10.54915,-21.58172,32.03554
158968017.18400,52.30782,56.43666,193.42652,-10.54913,-21.55785,32.04556
158968018.18400,52.37510,56.41481,193.42576,-10.54911,-21.53398,32.02994
158968019.18400,52.44239,56.39296,193.42500,-10.54909,-21.51011,31.98830
158968020.18400,52.50980,56.37119,193.42424,-10.54907,-21.48849,31.94074
158968021.18400,52.57763,56.34970,193.42347,-10.54905,-21.47441,31.90311
158968022.18400,52.64547,56.32821,193.42271,-10.54903,-21.46034,31.88584
158968023.18400,52.71331,56.30672,193.42194,-10.54901,-21.44627,31.88522
158968024.18400,52.78114,56.28523,193.42118,-10.54899,-21.43219,31.87077
158968025.18400,52.84898,56.26373,193.42042,-10.54897,-21.41812,31.85011
158968026.18400,52.91682,56.24224,193.41965,-10.54895,-21.40404,31.86797
158968027.18400,52.98465,56.22075,193.41889,-10.54893,-21.38997,31.91288
158968028.18400,53.05249,56.19926,193.41813,-10.54891,-21.37590,31.93882
158968029.18400,53.12033,56.17777,193.41737,-10.54889,-21.36182,31.94463
158968030.18400,53.18816,56.15627,193.41662,-10.54887,-21.34775,31.93522
158968031.18400,53.25600,56.13478,193.41586,-10.54885,-21.33367,31.92154
158968032.18400,53.32383,56.11329,193.41510,-10.54883,-21.31960,31.93025
158968033.18400,53.39167,56.09180,193.41434,-10.54881,-21.30553,31.96143
158968034.18400,53.45951,56.07031,193.41359,-10.54879,-21.29145,32.00577
158968035.18400,53.52756,56.04886,193.41283,-10.54877,-21.27880,32.05821
158968036.18400,53.59631,56.02758,193.41208,-10.54875,-21.27093,32.10741
158968037.18400,53.66507,56.00630,193.41133,-10.54873,-21.26306,32.14571
158968038.18400,53.73382,55.98502,193.41058,-10.54871,-21.25519,32.17619
158968039.18400,53.80258,55.96374,193.40984,-10.54869,-21.24731,32.19657
158968040.18400,53.87133,55.94246,193.40909,-10.54867,-21.23944,32.20071
158968041.18400,53.94009,55.92118,193.40834,-10.54865,-21.23157,32.19689
158968042.18400,54.00884,55.89990,193.40760,-10.54863,-21.22370,32.22131
158968043.18400,54.07760,55.87862,193.40685,-10.54861,-21.21583,32.25776
158968044.18400,54.14635,55.85734,193.40611,-10.54859,-21.20795,32.24911
158968045.18400,54.21511,55.83606,193.40536,-10.54857,-21.20008,32.20939
158968046.18400,54.28386,55.81477,193.40462,-10.54855,-21.19221,32.18775
158968047.18400,54.35262,55.79349,193.40387,-10.54853,-21.18434,32.18448
158968048.18400,54.42138,55.77221,193.40313,-10.54852,-21.17647,32.17808
158968049.18400,54.49013,55.75093,193.40238,-10.54850,-21.16859,32.17079
158968050.18400,54.55917,55.72968,193.40164,-10.54848,-21.16193,32.18712
158968051.18400,54.62915,55.70852,193.40089,-10.54846,-21.15930,32.23689
158968052.18400,54.69912,55.68736,193.40015,-10.54844,-21.15667,32.31825
158968053.18400,54.76910,55.66619,193.39941,-10.54842,-21.15405,32.42103
158968054.18400,54.83908,55.64503,193.39867,-10.54840,-21.15142,32.51518
158968055.18400,54.90906,55.62387,193.39794,-10.54838,-21.14880,32.57730
158968056.18400,54.97903,55.60271,193.39721,-10.54836,-21.14617,32.55697
158968057.18400,55.04901,55.58155,193.39647,-10.54834,-21.14354,32.47026
158968058.18400,55.11899,55.56038,193.39574,-10.54832,-21.14092,32.38099
158968059.18400,55.18897,55.53922,193.39500,-10.54830,-21.13829,32.30276
158968060.18400,55.25894,55.51806,193.39426,-10.54829,-21.13567,32.24853
158968061.18400,55.32892,55.49690,193.39351,-10.54827,-21.13304,32.20452
158968062.18400,55.39890,55.47574,193.39277,-10.54825,-21.13041,32.12838
158968063.18400,55.46888,55.45457,193.39202,-10.54823,-21.12779,32.04826
158968064.18400,55.53886,55.43341,193.39127,-10.54821,-21.12516,32.05618
158968065.18400,55.60896,55.41226,193.39053,-10.54819,-21.11460,32.11880
158968066.18400,55.67948,55.39113,193.38978,-10.54817,-21.07739,32.11270
158968067.18400,55.75000,55.37001,193.38904,-10.54815,-21.04019,32.07569
158968068.18400,55.82052,55.34889,193.38830,-10.54814,-21.00299,32.06377
158968069.18400,55.89105,55.32776,193.38756,-10.54812,-20.96579,32.07911
158968070.18400,55.96157,55.30664,193.38682,-10.54810,-20.92859,32.10703
158968071.18400,56.03209,55.28552,193.38608,-10.54808,-20.89139,32.14108
158968072.18400,56.10261,55.26439,193.38534,-10.54806,-20.85419,32.16669
158968073.18400,56.17313,55.24327,193.38461,-10.54804,-20.81699,32.17413
158968074.18400,56.24365,55.22215,193.38388,-10.54802,-20.77979,32.14388
158968075.18400,56.31417,55.20102,193.38314,-10.54801,-20.74259,32.09115
158968076.18400,56.38470,55.17990,193.38241,-10.54799,-20.70539,32.06407
158968077.18400,56.45522,55.15878,193.38168,-10.54797,-20.66819,32.04753
158968078.18400,56.52574,55.13765,193.38095,-10.54795,-20.63099,31.97426
158968079.18400,56.59626,55.11653,193.38022,-10.54793,-20.59379,31.86023
158968080.18400,56.66689,55.09554,193.37948,-10.54791,-20.56341,31.78500
158968081.18400,56.73788,55.07497,193.37875,-10.54790,-20.55592,31.77464
158968082.18400,56.80887,55.05441,193.37801,-10.54788,-20.54843,31.79637
158968083.18400,56.87986,55.03384,193.37728,-10.54786,-20.54094,31.83720
158968084.18400,56.95085,55.01327,193.37654,-10.54784,-20.53346,31.85799
158968085.18400,57.02184,54.99271,193.37581,-10.54782,-20.52597,31.85710
158968086.18400,57.09284,54.97214,193.37508,-10.54781,-20.51848,31.85499
158968087.18400,57.16383,54.95158,193.37435,-10.54779,-20.51099,31.85479
158968088.18400,57.23482,54.93101,193.37362,-10.54777,-20.50350,31.85089
158968089.18400,57.30581,54.91045,193.37289,-10.54775,-20.49601,31.84685
158968090.18400,57.37680,54.88988,193.37216,-10.54773,-20.48852,31.84647
158968091.18400,57.44779,54.86932,193.37143,-10.54771,-20.48103,31.84435
158968092.18400,57.51878,54.84875,193.37070,-10.54770,-20.47355,31.84049
158968093.18400,57.58977,54.82819,193.36997,-10.54768,-20.46606,31.83960
158968094.18400,57.66076,54.80762,193.36924,-10.54766,-20.45857,31.83816
158968095.18400,57.73182,54.78708,193.36851,-10.54764,-20.44405,31.82593
158968096.18400,57.80309,54.76663,193.36778,-10.54762,-20.40597,31.78464
158968097.18400,57.87436,54.74618,193.36705,-10.54761,-20.36788,31.74397
158968098.18400,57.94563,54.72572,193.36632,-10.54759,-20.32979,31.70250
158968099.18400,58.01691,54.70527,193.36559,-10.54757,-20.29171,31.66171
158968100.18400,58.08818,54.68482,193.36486,-10.54755,-20.25362,31.62156
158968101.18400,58.15945,54.66437,193.36413,-10.54754,-20.21554,31.57961
158968102.18400,58.23072,54.64391,193.36340,-10.54752,-20.17745,31.53868
158968103.18400,58.30199,54.62346,193.36267,-10.54750,-20.13936,31.49803
158968104.18400,58.37327,54.60301,193.36195,-10.54748,-20.10128,31.45591
158968105.18400,58.44454,54.58256,193.36122,-10.54746,-20.06319,31.41481
158968106.18400,58.51581,54.56210,193.36049,-10.54745,-20.02511,31.37365
158968107.18400,58.58708,54.54165,193.35976,-10.54743,-19.98702,31.33240
158968108.18400,58.65836,54.52120,193.35903,-10.54741,-19.94893,31.29109
158968109.18400,58.72963,54.50074,193.35831,-10.54739,-19.91085,31.24973
158968110.18400,58.80107,54.48042,193.35758,-10.54738,-19.88427,31.22233
158968111.18400,58.87307,54.46054,193.35685,-10.54736,-19.89631,31.24363
158968112.18400,58.94506,54.44066,193.35613,-10.54734,-19.90834,31.26688
158968113.18400,59.01706,54.42078,193.35540,-10.54732,-19.92038,31.28965
158968114.18400,59.08906,54.40090,193.35467,-10.54731,-19.93241,31.31146
158968115.18400,59.16106,54.38102,193.35395,-10.54729,-19.94444,31.33401
158968116.18400,59.23306,54.36114,193.35322,-10.54727,-19.95648,31.35645
158968117.18400,59.30506,54.34125,193.35250,-10.54725,-19.96851,31.37905
158968118.18400,59.37706,54.32137,193.35177,-10.54724,-19.98055,31.40112
158968119.18400,59.44906,54.30149,193.35105,-10.54722,-19.99258,31.42372
158968120.18400,59.52105,54.28161,193.35032,-10.54720,-20.00461,31.44702
158968121.18400,59.59305,54.26173,193.34960,-10.54719,-20.01665,31.46940
158968122.18400,59.66505,54.24185,193.34887,-10.54717,-20.02868,31.49018
158968123.18400,59.73705,54.22197,193.34815,-10.54715,-20.04072,31.51294
158968124.18400,59.80905,54.20208,193.34742,-10.54713,-20.05275,31.53536
158968125.18400,59.88140,54.18216,193.34670,-10.54712,-20.05965,31.55139
158968126.18400,59.95492,54.16210,193.34598,-10.54710,-20.04936,31.54572
158968127.18400,60.02845,54.14204,193.34525,-10.54708,-20.03906,31.53971
158968128.18400,60.10197,54.12198,193.34453,-10.54707,-20.02876,31.53388
158968129.18400,60.17550,54.10191,193.34381,-10.54705,-20.01846,31.52643
158968130.18400,60.24902,54.08185,193.34308,-10.54703,-20.00816,31.52216
158968131.18400,60.32255,54.06179,193.34236,-10.54701,-19.99787,31.51634
158968132.18400,60.39607,54.04173,193.34164,-10.54700,-19.98757,31.50871
158968133.18400,60.46960,54.02167,193.34091,-10.54698,-19.97727,31.50285
158968134.18400,60.54312,54.00160,193.34019,-10.54696,-19.96697,31.49699
158968135.18400,60.61665,53.98154,193.33947,-10.54695,-19.95667,31.49108
158968136.18400,60.69017,53.96148,193.33875,-10.54693,-19.94638,31.48521
158968137.18400,60.76370,53.94142,193.33803,-10.54691,-19.93608,31.47935
158968138.18400,60.83722,53.92136,193.33730,-10.54690,-19.92578,31.47347
158968139.18400,60.91074,53.90129,193.33658,-10.54688,-19.91548,31.46687
158968140.18400,60.98443,53.88127,193.33586,-10.54686,-19.90308,31.45718
158968141.18400,61.05865,53.86136,193.33514,-10.54685,-19.88362,31.44022
158968142.18400,61.13286,53.84145,193.33442,-10.54683,-19.86416,31.42290
158968143.18400,61.20708,53.82154,193.33370,-10.54681,-19.84470,31.40393
158968144.18400,61.28130,53.80164,193.33298,-10.54680,-19.82524,31.38636
158968145.18400,61.35552,53.78173,193.33226,-10.54678,-19.80578,31.36863
158968146.18400,61.42974,53.76182,193.33154,-10.54676,-19.78632,31.35089
158968147.18400,61.50396,53.74191,193.33082,-10.54675,-19.76686,31.33243
158968148.18400,61.57817,53.72200,193.33010,-10.54673,-19.74740,31.31414
158968149.18400,61.65239,53.70210,193.32938,-10.54672,-19.72794,31.29760
158968150.18400,61.72661,53.68219,193.32866,-10.54670,-19.70848,31.27910
158968151.18400,61.80083,53.66228,193.32794,-10.54668,-19.68902,31.26003
158968152.18400,61.87505,53.64237,193.32722,-10.54667,-19.66956,31.24238
158968153.18400,61.94926,53.62246,193.32651,-10.54665,-19.65010,31.22524
158968154.18400,62.02348,53.60256,193.32579,-10.54663,-19.63064,31.20717
158968155.18400,62.09778,53.58271,193.32507,-10.54662,-19.61126,31.18799
158968156.18400,62.17237,53.56310,193.32435,-10.54660,-19.59215,31.17070
158968157.18400,62.24695,53.54348,193.32363,-10.54659,-19.57305,31.15395
158968158.18400,62.32154,53.52387,193.32292,-10.54657,-19.55394,31.13631
158968159.18400,62.39612,53.50425,193.32220,-10.54655,-19.53483,31.11880
158968160.18400,62.47071,53.48464,193.32148,-10.54654,-19.51573,31.09952
158968161.18400,62.54529,53.46502,193.32076,-10.54652,-19.49662,31.07967
158968162.18400,62.61988,53.44541,193.32005,-10.54651,-19.47751,31.05802
158968163.18400,62.69446,53.42579,193.31933,-10.54649,-19.45841,31.03316
158968164.18400,62.76905,53.40618,193.31861,-10.54647,-19.43930,31.01025
158968165.18400,62.84363,53.38656,193.31790,-10.54646,-19.42019,30.98559
158968166.18400,62.91822,53.36695,193.31718,-10.54644,-19.40109,30.96093
158968167.18400,62.99281,53.34733,193.31646,-10.54643,-19.38198,30.93820
158968168.18400,63.06739,53.32772,193.31575,-10.54641,-19.36287,30.91594
158968169.18400,63.14198,53.30810,193.31503,-10.54639,-19.34377,30.94307
158968170.18400,63.21679,53.28855,193.31431,-10.54638,-19.32992,30.99099
158968171.18400,63.29237,53.26922,193.31360,-10.54636,-19.33370,31.00715
158968172.18400,63.36795,53.24989,193.31289,-10.54635,-19.33749,31.02260
158968173.18400,63.44353,53.23056,193.31218,-10.54633,-19.34127,31.05136
158968174.18400,63.51911,53.21123,193.31146,-10.54632,-19.34505,31.06524
158968175.18400,63.59469,53.19190,193.31075,-10.54630,-19.34884,31.07472
158968176.18400,63.67027,53.17257,193.31004,-10.54629,-19.35262,31.08452
158968177.18400,63.74585,53.15324,193.30933,-10.54627,-19.35640,31.09322
158968178.18400,63.82143,53.13392,193.30862,-10.54626,-19.36019,31.10498
158968179.18400,63.89701,53.11459,193.30791,-10.54624,-19.36397,31.15669
158968180.18400,63.97259,53.09526,193.30720,-10.54622,-19.36775,31.25082
158968181.18400,64.04817,53.07593,193.30649,-10.54621,-19.37154,31.33625
158968182.18400,64.12375,53.05660,193.30579,-10.54619,-19.37532,31.40995
158968183.18400,64.19933,53.03727,193.30508,-10.54618,-19.37910,31.48410
158968184.18400,64.27491,53.01794,193.30438,-10.54616,-19.38289,31.55613
158968185.18400,64.35073,52.99860,193.30368,-10.54615,-19.38170,31.62225
158968186.18400,64.42735,52.97921,193.30299,-10.54613,-19.36386,31.65816
158968187.18400,64.50396,52.95983,193.30229,-10.54612,-19.34602,31.67268
158968188.18400,64.58058,52.94044,193.30160,-10.54610,-19.32818,31.66346
158968189.18400,64.65720,52.92106,193.30090,-10.54609,-19.31034,31.66029
158968190.18400,64.73381,52.90167,193.30021,-10.54607,-19.29251,31.65418
158968191.18400,64.81043,52.88229,193.29951,-10.54606,-19.27467,31.60990
158968192.18400,64.88704,52.86290,193.29882,-10.54604,-19.25683,31.56101
158968193.18400,64.96366,52.84351,193.29812,-10.54603,-19.23899,31.51991
158968194.18400,65.04028,52.82413,193.29743,-10.54601,-19.22115,31.48305
158968195.18400,65.11689,52.80474,193.29673,-10.54600,-19.20331,31.46065
158968196.18400,65.19351,52.78536,193.29604,-10.54599,-19.18547,31.43789
158968197.18400,65.27012,52.76597,193.29534,-10.54597,-19.16763,31.39975
158968198.18400,65.34674,52.74659,193.29464,-10.54596,-19.14979,31.35325
158968199.18400,65.42336,52.72720,193.29395,-10.54594,-19.13195,31.30969
158968200.18400,65.49992,52.70788,193.29325,-10.54593,-19.11026,31.26499
158968201.18400,65.57630,52.68876,193.29255,-10.54591,-19.07567,31.20714
158968202.18400,65.65269,52.66964,193.29185,-10.54590,-19.04107,31.15294
158968203.18400,65.72907,52.65052,193.29115,-10.54588,-19.00648,31.09977
158968204.18400,65.80546,52.63140,193.29046,-10.54587,-18.97188,31.04638
158968205.18400,65.88184,52.61229,193.28976,-10.54585,-18.93729,30.99133
158968206.18400,65.95822,52.59317,193.28906,-10.54584,-18.90270,30.93697
158968207.18400,66.03461,52.57405,193.28836,-10.54582,-18.86810,30.88960
158968208.18400,66.11099,52.55493,193.28766,-10.54581,-18.83351,30.85179
158968209.18400,66.18738,52.53581,193.28696,-10.54579,-18.79891,30.84008
158968210.18400,66.26376,52.51669,193.28626,-10.54578,-18.76432,30.84461
158968211.18400,66.34014,52.49757,193.28557,-10.54577,-18.72972,30.82764
158968212.18400,66.41653,52.47845,193.28487,-10.54575,-18.69513,30.78600
158968213.18400,66.49291,52.45934,193.28417,-10.54574,-18.66053,30.73580
158968214.18400,66.56930,52.44022,193.28348,-10.54572,-18.62594,30.72680
158968215.18400,66.64580,52.42122,193.28278,-10.54571,-18.60088,30.76926
158968216.18400,66.72272,52.40262,193.28209,-10.54569,-18.60778,30.83089
158968217.18400,66.79963,52.38402,193.28140,-10.54568,-18.61468,30.87751
158968218.18400,66.87654,52.36542,193.28071,-10.54567,-18.62159,30.91633
158968219.18400,66.95346,52.34682,193.28002,-10.54565,-18.62849,30.92811
158968220.18400,67.03037,52.32822,193.27933,-10.54564,-18.63539,30.92614
158968221.18400,67.10728,52.30962,193.27864,-10.54562,-18.64230,30.92638
158968222.18400,67.18419,52.29102,193.27795,-10.54561,-18.64920,30.95664
158968223.18400,67.26111,52.27242,193.27726,-10.54560,-18.65610,31.03375
158968224.18400,67.33802,52.25382,193.27658,-10.54558,-18.66301,31.13002
158968225.18400,67.41493,52.23522,193.27589,-10.54557,-18.66991,31.22472
158968226.18400,67.49185,52.21663,193.27521,-10.54556,-18.67681,31.28588
158968227.18400,67.56876,52.19803,193.27453,-10.54554,-18.68372,31.33825
158968228.18400,67.64567,52.17943,193.27385,-10.54553,-18.69062,31.37349
158968229.18400,67.72259,52.16083,193.27317,-10.54551,-18.69752,31.34978
158968230.18400,67.79987,52.14220,193.27249,-10.54550,-18.70256,31.32492
158968231.18400,67.87837,52.12350,193.27181,-10.54549,-18.70133,31.32294
158968232.18400,67.95688,52.10480,193.27113,-10.54547,-18.70011,31.33997
158968233.18400,68.03538,52.08610,193.27044,-10.54546,-18.69888,31.36428
158968234.18400,68.11389,52.06739,193.26976,-10.54545,-18.69766,31.38773
158968235.18400,68.19240,52.04869,193.26909,-10.54543,-18.69644,31.41047
158968236.18400,68.27090,52.02999,193.26841,-10.54542,-18.69521,31.43582
158968237.18400,68.34941,52.01129,193.26773,-10.54541,-18.69399,31.47047
158968238.18400,68.42792,51.99258,193.26705,-10.54539,-18.69276,31.51729
158968239.18400,68.50642,51.97388,193.26638,-10.54538,-18.69154,31.56498
158968240.18400,68.58493,51.95518,193.26570,-10.54537,-18.69031,31.60463
158968241.18400,68.66343,51.93647,193.26503,-10.54536,-18.68909,31.64193
158968242.18400,68.74194,51.91777,193.26436,-10.54534,-18.68786,31.67971
158968243.18400,68.82045,51.89907,193.26369,-10.54533,-18.68664,31.71645
158968244.18400,68.89895,51.88037,193.26302,-10.54532,-18.68541,31.75880
158968245.18400,68.97756,51.86167,193.26235,-10.54530,-18.67798,31.80148
158968246.18400,69.05653,51.84298,193.26168,-10.54529,-18.64970,31.81934
158968247.18400,69.13549,51.82430,193.26101,-10.54528,-18.62143,31.82088
158968248.18400,69.21446,51.80561,193.26035,-10.54527,-18.59315,31.79425
158968249.18400,69.29342,51.78693,193.25968,-10.54525,-18.56488,31.75813
158968250.18400,69.37239,51.76824,193.25902,-10.54524,-18.53661,31.72291
158968251.18400,69.45135,51.74956,193.25835,-10.54523,-18.50833,31.68730
158968252.18400,69.53031,51.73088,193.25769,-10.54522,-18.48006,31.65433
158968253.18400,69.60928,51.71219,193.25702,-10.54520,-18.45178,31.67623
158968254.18400,69.68824,51.69351,193.25636,-10.54519,-18.42351,31.73579
158968255.18400,69.76721,51.67482,193.25570,-10.54518,-18.39524,31.74301
158968256.18400,69.84617,51.65614,193.25504,-10.54517,-18.36696,31.71392
158968257.18400,69.92514,51.63745,193.25438,-10.54516,-18.33869,31.68632
158968258.18400,70.00410,51.61877,193.25372,-10.54514,-18.31041,31.65673
158968259.18400,70.08306,51.60008,193.25306,-10.54513,-18.28214,31.62710
158968260.18400,70.16229,51.58150,193.25241,-10.54512,-18.26411,31.61432
158968261.18400,70.24238,51.56324,193.25175,-10.54511,-18.28043,31.65351
158968262.18400,70.32246,51.54498,193.25109,-10.54510,-18.29676,31.70052
158968263.18400,70.40255,51.52672,193.25043,-10.54508,-18.31308,31.74934
158968264.18400,70.48264,51.50846,193.24978,-10.54507,-18.32941,31.79779
158968265.18400,70.56273,51.49020,193.24912,-10.54506,-18.34573,31.84783
158968266.18400,70.64282,51.47194,193.24847,-10.54505,-18.36205,31.89678
158968267.18400,70.72291,51.45368,193.24781,-10.54504,-18.37838,31.94716
158968268.18400,70.80300,51.43542,193.24716,-10.54502,-18.39470,31.99739
158968269.18400,70.88308,51.41716,193.24651,-10.54501,-18.41103,32.04469
158968270.18400,70.96317,51.39890,193.24585,-10.54500,-18.42735,32.09522
158968271.18400,71.04326,51.38064,193.24520,-10.54499,-18.44367,32.14540
158968272.18400,71.12335,51.36238,193.24455,-10.54498,-18.46000,32.19480
158968273.18400,71.20344,51.34412,193.24390,-10.54497,-18.47632,32.24429
158968274.18400,71.28353,51.32586,193.24325,-10.54496,-18.49265,32.29422
158968275.18400,71.36373,51.30754,193.24260,-10.54494,-18.49483,32.32521
158968276.18400,71.44433,51.28903,193.24195,-10.54493,-18.44961,32.28704
158968277.18400,71.52493,51.27053,193.24131,-10.54492,-18.40438,32.25137
158968278.18400,71.60553,51.25202,193.24066,-10.54491,-18.35916,32.21538
158968279.18400,71.68613,51.23352,193.24001,-10.54490,-18.31393,32.17847
158968280.18400,71.76673,51.21501,193.23937,-10.54489,-18.26871,32.14285
158968281.18400,71.84733,51.19651,193.23872,-10.54488,-18.22348,32.10490
158968282.18400,71.92793,51.17800,193.23808,-10.54487,-18.17826,32.06701
158968283.18400,72.00853,51.15950,193.23744,-10.54486,-18.13303,32.03043
158968284.18400,72.08913,51.14099,193.23679,-10.54485,-18.08781,31.99434
158968285.18400,72.16973,51.12249,193.23615,-10.54483,-18.04259,31.95675
158968286.18400,72.25033,51.10398,193.23551,-10.54482,-17.99736,31.91886
158968287.18400,72.33093,51.08548,193.23487,-10.54481,-17.95214,31.88207
158968288.18400,72.41153,51.06697,193.23423,-10.54480,-17.90691,31.84495
158968289.18400,72.49213,51.04846,193.23359,-10.54479,-17.86169,31.80633
158968290.18400,72.57279,51.03012,193.23295,-10.54478,-17.82933,31.78672
158968291.18400,72.65369,51.01229,193.23231,-10.54477,-17.84010,31.83039
158968292.18400,72.73458,50.99446,193.23168,-10.54476,-17.85088,31.87228
158968293.18400,72.81547,50.97664,193.23104,-10.54475,-17.86166,31.91584
158968294.18400,72.89637,50.95881,193.23040,-10.54474,-17.87243,31.95967
158968295.18400,72.97726,50.94098,193.22977,-10.54473,-17.88321,32.00068
158968296.18400,73.05815,50.92316,193.22913,-10.54472,-17.89399,32.04396
158968297.18400,73.13905,50.90533,193.22850,-10.54471,-17.90477,32.08792
158968298.18400,73.21994,50.88750,193.22786,-10.54470,-17.91554,32.13049
158968299.18400,73.30083,50.86968,193.22723,-10.54469,-17.92632,32.17289
158968300.18400,73.38173,50.85185,193.22660,-10.54467,-17.93710,32.21723
158968301.18400,73.46262,50.83402,193.22597,-10.54466,-17.94788,32.26101
158968302.18400,73.54351,50.81620,193.22534,-10.54465,-17.95865,32.30385
158968303.18400,73.62441,50.79837,193.22471,-10.54464,-17.96943,32.34633
158968304.18400,73.70530,50.78054,193.22408,-10.54463,-17.98021,32.38885
158968305.18400,73.78645,50.76268,193.22345,-10.54462,-17.98403,32.42343
158968306.18400,73.86848,50.74469,193.22282,-10.54461,-17.96453,32.42441
158968307.18400,73.95050,50.72670,193.22219,-10.54460,-17.94503,32.42475
158968308.18400,74.03253,50.70871,193.22157,-10.54459,-17.92552,32.42366
158968309.18400,74.11456,50.69072,193.22094,-10.54458,-17.90602,32.42297
158968310.18400,74.19658,50.67273,193.22032,-10.54457,-17.88652,32.42351
158968311.18400,74.27861,50.65475,193.21969,-10.54456,-17.86702,32.42285
158968312.18400,74.36063,50.63676,193.21907,-10.54455,-17.84752,32.42216
158968313.18400,74.44266,50.61877,193.21845,-10.54455,-17.82801,32.42270
158968314.18400,74.52469,50.60078,193.21782,-10.54454,-17.80851,32.42326
158968315.18400,74.60671,50.58279,193.21720,-10.54453,-17.78901,32.42256
158968316.18400,74.68874,50.56480,193.21658,-10.54452,-17.76951,32.42121
158968317.18400,74.77077,50.54681,193.21596,-10.54451,-17.75001,32.42236
158968318.18400,74.85279,50.52883,193.21534,-10.54450,-17.73050,32.42289
158968319.18400,74.93482,50.51084,193.21472,-10.54449,-17.71100,32.42153
158968320.18400,75.01693,50.49292,193.21410,-10.54448,-17.69387,32.42469
158968321.18400,75.09932,50.47522,193.21348,-10.54447,-17.68467,32.44035
158968322.18400,75.18172,50.45752,193.21287,-10.54446,-17.67548,32.45438
158968323.18400,75.26411,50.43983,193.21225,-10.54445,-17.66628,32.47014
158968324.18400,75.34650,50.42213,193.21163,-10.54444,-17.65709,32.48633
158968325.18400,75.42890,50.40444,193.21102,-10.54443,-17.64789,32.49915
158968326.18400,75.51129,50.38674,193.21040,-10.54442,-17.63870,32.51497
158968327.18400,75.59368,50.36904,193.20979,-10.54441,-17.62951,32.53060
158968328.18400,75.67608,50.35135,193.20918,-10.54440,-17.62031,32.54479
158968329.18400,75.75847,50.33365,193.20856,-10.54439,-17.61112,32.56135
158968330.18400,75.84087,50.31596,193.20795,-10.54438,-17.60192,32.57579
158968331.18400,75.92326,50.29826,193.20734,-10.54437,-17.59273,32.59048
158968332.18400,76.00565,50.28056,193.20673,-10.54437,-17.58353,32.60646
158968333.18400,76.08805,50.26287,193.20612,-10.54436,-17.57434,32.62248
158968334.18400,76.17044,50.24517,193.20551,-10.54435,-17.56514,32.63728
158968335.18400,76.25297,50.22751,193.20490,-10.54434,-17.55547,32.65092
158968336.18400,76.33594,50.20995,193.20430,-10.54433,-17.54417,32.66392
158968337.18400,76.41891,50.19239,193.20369,-10.54432,-17.53288,32.67715
158968338.18400,76.50188,50.17483,193.20308,-10.54431,-17.52159,32.68889
158968339.18400,76.58485,50.15727,193.20248,-10.54430,-17.51029,32.70027
158968340.18400,76.66782,50.13972,193.20187,-10.54429,-17.49900,32.71401
158968341.18400,76.75079,50.12216,193.20127,-10.54429,-17.48771,32.72582
158968342.18400,76.83377,50.10460,193.20066,-10.54428,-17.47641,32.73832
158968343.18400,76.91674,50.08704,193.20006,-10.54427,-17.46512,32.75127
158968344.18400,76.99971,50.06948,193.19946,-10.54426,-17.45383,32.75624
158968345.18400,77.08268,50.05193,193.19886,-10.54425,-17.44253,32.75257
158968346.18400,77.16565,50.03437,193.19825,-10.54424,-17.43124,32.72290
158968347.18400,77.24862,50.01681,193.19765,-10.54423,-17.41995,32.65656
158968348.18400,77.33159,49.99925,193.19705,-10.54423,-17.40865,32.58066
158968349.18400,77.41457,49.98169,193.19644,-10.54422,-17.39736,32.51743
158968350.18400,77.49773,49.96418,193.19584,-10.54421,-17.38774,32.46325
158968351.18400,77.58152,49.94679,193.19523,-10.54420,-17.38375,32.41711
158968352.18400,77.66531,49.92940,193.19462,-10.54419,-17.37976,32.37235
158968353.18400,77.74910,49.91201,193.19401,-10.54418,-17.37578,32.32534
158968354.18400,77.83290,49.89462,193.19340,-10.54418,-17.37179,32.29941
158968355.18400,77.91669,49.87723,193.19279,-10.54417,-17.36780,32.30658
158968356.18400,78.00048,49.85984,193.19218,-10.54416,-17.36381,32.32458
158968357.18400,78.08428,49.84246,193.19157,-10.54415,-17.35982,32.34197
158968358.18400,78.16807,49.82507,193.19096,-10.54414,-17.35583,32.35960
158968359.18400,78.25186,49.80768,193.19036,-10.54413,-17.35184,32.37960
158968360.18400,78.33565,49.79029,193.18975,-10.54413,-17.34785,32.39663
158968361.18400,78.41945,49.77290,193.18914,-10.54412,-17.34386,32.41223
158968362.18400,78.50324,49.75551,193.18854,-10.54411,-17.33987,32.43578
158968363.18400,78.58703,49.73812,193.18793,-10.54410,-17.33588,32.45806
158968364.18400,78.67083,49.72073,193.18733,-10.54409,-17.33189,32.45829
158968365.18400,78.75480,49.70336,193.18672,-10.54409,-17.32543,32.44108
158968366.18400,78.83936,49.68603,193.18612,-10.54408,-17.31068,32.42730
158968367.18400,78.92392,49.66870,193.18551,-10.54407,-17.29593,32.43068
158968368.18400,79.00848,49.65137,193.18491,-10.54406,-17.28118,32.40272
158968369.18400,79.09304,49.63404,193.18430,-10.54405,-17.26642,32.31230
158968370.18400,79.17760,49.61672,193.18369,-10.54405,-17.25167,32.20136
158968371.18400,79.26216,49.59939,193.18308,-10.54404,-17.23692,32.13917
158968372.18400,79.34672,49.58206,193.18248,-10.54403,-17.22217,32.13298
158968373.18400,79.43128,49.56473,193.18187,-10.54402,-17.20742,32.14073
158968374.18400,79.51584,49.54740,193.18126,-10.54401,-17.19266,32.15424
158968375.18400,79.60040,49.53007,193.18065,-10.54401,-17.17791,32.17631
158968376.18400,79.68496,49.51274,193.18005,-10.54400,-17.16316,32.18073
158968377.18400,79.76952,49.49542,193.17944,-10.54399,-17.14841,32.15618
158968378.18400,79.85409,49.47809,193.17884,-10.54398,-17.13366,32.15633
158968379.18400,79.93865,49.46076,193.17823,-10.54397,-17.11890,32.14280
158968380.18400,80.02341,49.44348,193.17763,-10.54397,-17.10706,32.11386
158968381.18400,80.10885,49.42637,193.17702,-10.54396,-17.10497,32.17497
158968382.18400,80.19430,49.40926,193.17642,-10.54395,-17.10288,32.28525
158968383.18400,80.27974,49.39216,193.17582,-10.54394,-17.10078,32.39650
158968384.18400,80.36519,49.37505,193.17522,-10.54394,-17.09869,32.50433
158968385.18400,80.45063,49.35794,193.17463,-10.54393,-17.09660,32.57424
158968386.18400,80.53608,49.34083,193.17403,-10.54392,-17.09451,32.58110
158968387.18400,80.62152,49.32372,193.17344,-10.54392,-17.09242,32.58337
158968388.18400,80.70697,49.30662,193.17285,-10.54391,-17.09032,32.61739
158968389.18400,80.79241,49.28951,193.17225,-10.54390,-17.08823,32.66424
158968390.18400,80.87786,49.27240,193.17166,-10.54389,-17.08614,32.70971
158968391.18400,80.96330,49.25529,193.17107,-10.54389,-17.08405,32.73780
158968392.18400,81.04874,49.23818,193.17048,-10.54388,-17.08196,32.74121
158968393.18400,81.13419,49.22108,193.16989,-10.54387,-17.07986,32.73379
158968394.18400,81.21963,49.20397,193.16930,-10.54387,-17.07777,32.72638
158968395.18400,81.30553,49.18687,193.16871,-10.54386,-17.07929,32.72448
158968396.18400,81.39296,49.16979,193.16812,-10.54385,-17.09291,32.74101
158968397.18400,81.48039,49.15272,193.16753,-10.54385,-17.10653,32.75956
158968398.18400,81.56782,49.13564,193.16694,-10.54384,-17.12015,32.83248
158968399.18400,81.65526,49.11856,193.16635,-10.54383,-17.13377,32.98459
158968400.18400,81.74269,49.10149,193.16577,-10.54383,-17.14739,33.10068
158968401.18400,81.83012,49.08441,193.16518,-10.54382,-17.16101,33.10599
158968402.18400,81.91755,49.06734,193.16460,-10.54381,-17.17463,33.06785
158968403.18400,82.00498,49.05026,193.16401,-10.54381,-17.18825,33.06939
158968404.18400,82.09241,49.03318,193.16343,-10.54380,-17.20187,33.13062
158968405.18400,82.17984,49.01611,193.16284,-10.54379,-17.21550,33.21686
158968406.18400,82.26727,48.99903,193.16226,-10.54379,-17.22912,33.30973
158968407.18400,82.35470,48.98196,193.16168,-10.54378,-17.24274,33.40541
158968408.18400,82.44213,48.96488,193.16110,-10.54378,-17.25636,33.49913
158968409.18400,82.52956,48.94780,193.16052,-10.54377,-17.26998,33.59547
158968410.18400,82.61710,48.93068,193.15994,-10.54376,-17.27155,33.66633
158968411.18400,82.70500,48.91340,193.15937,-10.54376,-17.23270,33.56075
158968412.18400,82.79291,48.89612,193.15879,-10.54375,-17.19386,33.42726
158968413.18400,82.88081,48.87884,193.15821,-10.54375,-17.15501,33.46593
158968414.18400,82.96872,48.86156,193.15764,-10.54374,-17.11616,33.52782
158968415.18400,83.05662,48.84428,193.15706,-10.54373,-17.07732,33.48830
158968416.18400,83.14453,48.82700,193.15649,-10.54373,-17.03847,33.42731
158968417.18400,83.23244,48.80972,193.15592,-10.54372,-16.99963,33.37518
158968418.18400,83.32034,48.79244,193.15534,-10.54372,-16.96078,33.32503
158968419.18400,83.40825,48.77515,193.15477,-10.54371,-16.92193,33.24178
158968420.18400,83.49615,48.75787,193.15420,-10.54371,-16.88309,33.15326
158968421.18400,83.58406,48.74059,193.15362,-10.54370,-16.84424,33.06657
158968422.18400,83.67196,48.72331,193.15305,-10.54369,-16.80540,32.91950
158968423.18400,83.75987,48.70603,193.15247,-10.54369,-16.76655,32.79253
158968424.18400,83.84778,48.68875,193.15189,-10.54368,-16.72770,32.75771
158968425.18400,83.93565,48.67160,193.15131,-10.54368,-16.69748,32.72272
158968426.18400,84.02341,48.65491,193.15074,-10.54367,-16.69619,32.65464
158968427.18400,84.11117,48.63821,193.15016,-10.54366,-16.69490,32.58949
158968428.18400,84.19894,48.62151,193.14958,-10.54366,-16.69361,32.57487
158968429.18400,84.28670,48.60482,193.14900,-10.54365,-16.69232,32.57684
158968430.18400,84.37446,48.58812,193.14842,-10.54365,-16.69103,32.57725
158968431.18400,84.46223,48.57142,193.14783,-10.54364,-16.68974,32.57989
158968432.18400,84.54999,48.55472,193.14725,-10.54363,-16.68845,32.58032
158968433.18400,84.63775,48.53803,193.14667,-10.54363,-16.68716,32.57894
158968434.18400,84.72552,48.52133,193.14609,-10.54362,-16.68587,32.57889
158968435.18400,84.81328,48.50463,193.14551,-10.54362,-16.68458,32.56611
158968436.18400,84.90104,48.48793,193.14493,-10.54361,-16.68329,32.52939
158968437.18400,84.98880,48.47124,193.14435,-10.54361,-16.68200,32.48535
158968438.18400,85.07657,48.45454,193.14377,-10.54360,-16.68071,32.44033
158968439.18400,85.16433,48.43784,193.14319,-10.54360,-16.67942,32.42850
158968440.18400,85.25231,48.42115,193.14260,-10.54359,-16.67593,32.46061
158968441.18400,85.34102,48.40447,193.14202,-10.54358,-16.66502,32.48328
158968442.18400,85.42973,48.38779,193.14144,-10.54358,-16.65411,32.49437
158968443.18400,85.51845,48.37111,193.14086,-10.54357,-16.64321,32.49698
158968444.18400,85.60716,48.35443,193.14028,-10.54357,-16.63230,32.49623
158968445.18400,85.69587,48.33776,193.13970,-10.54356,-16.62140,32.49703
158968446.18400,85.78458,48.32108,193.13912,-10.54356,-16.61049,32.49563
158968447.18400,85.87329,48.30440,193.13854,-10.54355,-16.59959,32.49286
158968448.18400,85.96200,48.28772,193.13796,-10.54355,-16.58868,32.49120
158968449.18400,86.05071,48.27104,193.13738,-10.54354,-16.57778,32.49204
158968450.18400,86.13943,48.25436,193.13681,-10.54354,-16.56687,32.49128
158968451.18400,86.22814,48.23768,193.13623,-10.54353,-16.55597,32.48965
158968452.18400,86.31685,48.22100,193.13565,-10.54352,-16.54506,32.48847
158968453.18400,86.40556,48.20433,193.13507,-10.54352,-16.53416,32.48726
158968454.18400,86.49427,48.18765,193.13450,-10.54351,-16.52325,32.48609
158968455.18400,86.58308,48.17101,193.13392,-10.54351,-16.51186,32.48436
158968456.18400,86.67221,48.15449,193.13334,-10.54350,-16.49882,32.47983
158968457.18400,86.76134,48.13798,193.13277,-10.54350,-16.48579,32.47485
158968458.18400,86.85047,48.12146,193.13219,-10.54349,-16.47276,32.47029
158968459.18400,86.93960,48.10495,193.13162,-10.54349,-16.45973,32.46621
158968460.18400,87.02874,48.08843,193.13104,-10.54348,-16.44670,32.46166
158968461.18400,87.11787,48.07192,193.13047,-10.54348,-16.43366,32.45707
158968462.18400,87.20700,48.05540,193.12990,-10.54347,-16.42063,32.45247
158968463.18400,87.29613,48.03889,193.12932,-10.54347,-16.40760,32.44787
158968464.18400,87.38526,48.02237,193.12875,-10.54346,-16.39457,32.44507
158968465.18400,87.47439,48.00586,193.12818,-10.54346,-16.38154,32.44023
158968466.18400,87.56352,47.98935,193.12760,-10.54345,-16.36850,32.43404
158968467.18400,87.65265,47.97283,193.12703,-10.54345,-16.35547,32.42965
158968468.18400,87.74178,47.95632,193.12646,-10.54345,-16.34244,32.42661
158968469.18400,87.83091,47.93980,193.12589,-10.54344,-16.32941,32.42199
158968470.18400,87.92025,47.92333,193.12532,-10.54344,-16.31928,32.41993
158968471.18400,88.01027,47.90701,193.12475,-10.54343,-16.31891,32.43540
158968472.18400,88.10030,47.89069,193.12418,-10.54343,-16.31854,32.45295
158968473.18400,88.19032,47.87437,193.12361,-10.54342,-16.31816,32.46845
158968474.18400,88.28034,47.85805,193.12304,-10.54342,-16.31779,32.48440
158968475.18400,88.37037,47.84173,193.12247,-10.54341,-16.31742,32.49970
158968476.18400,88.46039,47.82542,193.12190,-10.54341,-16.31704,32.51478
158968477.18400,88.55042,47.80910,193.12133,-10.54340,-16.31667,32.53056
158968478.18400,88.64044,47.79278,193.12076,-10.54340,-16.31630,32.54636
158968479.18400,88.73046,47.77646,193.12019,-10.54339,-16.31592,32.56194
158968480.18400,88.82049,47.76014,193.11963,-10.54339,-16.31555,32.57733
158968481.18400,88.91051,47.74382,193.11906,-10.54339,-16.31518,32.59502
158968482.18400,89.00053,47.72750,193.11849,-10.54338,-16.31480,32.60858
158968483.18400,89.09056,47.71118,193.11793,-10.54338,-16.31443,32.62423
158968484.18400,89.18058,47.69486,193.11736,-10.54337,-16.31406,32.64220
158968485.18400,89.27077,47.67854,193.11679,-10.54337,-16.30995,32.64962
158968486.18400,89.36150,47.66223,193.11623,-10.54336,-16.29335,32.63939
158968487.18400,89.45223,47.64591,193.11566,-10.54336,-16.27674,32.63123
158968488.18400,89.54296,47.62960,193.11510,-10.54335,-16.26013,32.62121
158968489.18400,89.63369,47.61329,193.11453,-10.54335,-16.24352,32.61115
158968490.18400,89.72443,47.59697,193.11397,-10.54335,-16.22691,32.60063
158968491.18400,89.81516,47.58066,193.11341,-10.54334,-16.21030,32.58802
158968492.18400,89.90589,47.56434,193.11284,-10.54334,-16.19369,32.57769
158968493.18400,89.99662,47.54803,193.11228,-10.54333,-16.17708,32.56943
158968494.18400,90.08735,47.53172,193.11172,-10.54333,-16.16047,32.55906
158968495.18400,90.17809,47.51540,193.11116,-10.54333,-16.14386,32.54893
158968496.18400,90.26882,47.49909,193.11059,-10.54332,-16.12725,32.53854
158968497.18400,90.35955,47.48277,193.11003,-10.54332,-16.11064,32.52765
158968498.18400,90.45028,47.46646,193.10947,-10.54331,-16.09403,32.51722
158968499.18400,90.54101,47.45015,193.10891,-10.54331,-16.07742,32.50725
158968500.18400,90.63186,47.43389,193.10835,-10.54331,-16.06394,32.50392
158968501.18400,90.72308,47.41783,193.10779,-10.54330,-16.06093,32.51544
158968502.18400,90.81430,47.40176,193.10723,-10.54330,-16.05792,32.52467
158968503.18400,90.90552,47.38570,193.10667,-10.54330,-16.05491,32.53622
158968504.18400,90.99674,47.36963,193.10611,-10.54329,-16.05190,32.54803
158968505.18400,91.08796,47.35357,193.10555,-10.54329,-16.04890,32.55961
158968506.18400,91.17918,47.33750,193.10499,-10.54328,-16.04589,32.57306
158968507.18400,91.27040,47.32144,193.10444,-10.54328,-16.04288,32.58467
158968508.18400,91.36162,47.30537,193.10388,-10.54328,-16.03987,32.59650
158968509.18400,91.45284,47.28931,193.10332,-10.54327,-16.03686,32.60790
158968510.18400,91.54406,47.27324,193.10276,-10.54327,-16.03385,32.61767
158968511.18400,91.63528,47.25718,193.10221,-10.54327,-16.03084,32.63117
158968512.18400,91.72650,47.24111,193.10165,-10.54326,-16.02783,32.64282
158968513.18400,91.81772,47.22505,193.10110,-10.54326,-16.02483,32.65261
158968514.18400,91.90894,47.20898,193.10054,-10.54326,-16.02182,32.66615
158968515.18400,92.00046,47.19293,193.09998,-10.54325,-16.01903,32.68030
158968516.18400,92.09296,47.17691,193.09943,-10.54325,-16.01697,32.69142
158968517.18400,92.18546,47.16089,193.09888,-10.54325,-16.01491,32.70491
158968518.18400,92.27797,47.14487,193.09832,-10.54324,-16.01285,32.72029
158968519.18400,92.37047,47.12885,193.09777,-10.54324,-16.01080,32.73122
158968520.18400,92.46297,47.11283,193.09721,-10.54323,-16.00874,32.74474
158968521.18400,92.55547,47.09681,193.09666,-10.54323,-16.00668,32.75806
158968522.18400,92.64798,47.08080,193.09611,-10.54323,-16.00462,32.77116
158968523.18400,92.74048,47.06478,193.09556,-10.54322,-16.00256,32.78545
158968524.18400,92.83298,47.04876,193.09500,-10.54322,-16.00051,32.75112
158968525.18400,92.92548,47.03274,193.09445,-10.54322,-15.99845,32.64497
158968526.18400,93.01799,47.01672,193.09389,-10.54321,-15.99639,32.49798
158968527.18400,93.11049,47.00070,193.09333,-10.54321,-15.99433,32.32744
158968528.18400,93.20299,46.98468,193.09277,-10.54321,-15.99227,32.34181
158968529.18400,93.29549,46.96866,193.09221,-10.54321,-15.99022,32.56353
158968530.18400,93.38804,46.95265,193.09166,-10.54320,-15.98218,32.66115
158968531.18400,93.48072,46.93666,193.09110,-10.54320,-15.95407,32.55717
158968532.18400,93.57340,46.92067,193.09055,-10.54320,-15.92597,32.44550
158968533.18400,93.66609,46.90468,193.08999,-10.54319,-15.89787,32.36010
158968534.18400,93.75877,46.88869,193.08943,-10.54319,-15.86977,32.25653
158968535.18400,93.85145,46.87270,193.08887,-10.54319,-15.84167,32.17624
158968536.18400,93.94414,46.85672,193.08831,-10.54319,-15.81357,32.15270
158968537.18400,94.03682,46.84073,193.08775,-10.54318,-15.78547,32.15176
158968538.18400,94.12950,46.82474,193.08720,-10.54318,-15.75737,32.19371
158968539.18400,94.22219,46.80875,193.08664,-10.54318,-15.72927,32.29967
158968540.18400,94.31487,46.79276,193.08609,-10.54317,-15.70117,32.38473
158968541.18400,94.40755,46.77677,193.08554,-10.54317,-15.67307,32.40283
158968542.18400,94.50024,46.76078,193.08499,-10.54317,-15.64497,32.50884
158968543.18400,94.59292,46.74479,193.08445,-10.54317,-15.61687,32.63385
158968544.18400,94.68560,46.72881,193.08391,-10.54316,-15.58877,32.56225
158968545.18400,94.77837,46.71291,193.08336,-10.54316,-15.56840,32.40585
158968546.18400,94.87141,46.69735,193.08282,-10.54316,-15.57398,32.36424
158968547.18400,94.96446,46.68178,193.08227,-10.54316,-15.57956,32.43092
158968548.18400,95.05750,46.66621,193.08173,-10.54315,-15.58513,32.54274
158968549.18400,95.15054,46.65064,193.08118,-10.54315,-15.59071,32.65274
158968550.18400,95.24358,46.63508,193.08064,-10.54315,-15.59629,32.76187
158968551.18400,95.33663,46.61951,193.08011,-10.54315,-15.60187,32.76870
158968552.18400,95.42967,46.60394,193.07957,-10.54314,-15.60744,32.61723
158968553.18400,95.52271,46.58838,193.07902,-10.54314,-15.61302,32.46925
158968554.18400,95.61576,46.57281,193.07848,-10.54314,-15.61860,32.40673
158968555.18400,95.70880,46.55724,193.07793,-10.54314,-15.62417,32.37851
158968556.18400,95.80184,46.54167,193.07738,-10.54313,-15.62975,32.35010
158968557.18400,95.89488,46.52611,193.07683,-10.54313,-15.63533,32.32177
158968558.18400,95.98793,46.51054,193.07628,-10.54313,-15.64091,32.29420
158968559.18400,96.08097,46.49497,193.07573,-10.54313,-15.64648,32.30521
158968560.18400,96.17437,46.47939,193.07518,-10.54313,-15.65028,32.37410
158968561.18400,96.26898,46.46373,193.07463,-10.54312,-15.64811,32.45514
158968562.18400,96.36358,46.44808,193.07409,-10.54312,-15.64594,32.49492
158968563.18400,96.45818,46.43243,193.07354,-10.54312,-15.64378,32.46701
158968564.18400,96.55279,46.41678,193.07299,-10.54312,-15.64161,32.44578
158968565.18400,96.64739,46.40113,193.07245,-10.54312,-15.63944,32.47178
158968566.18400,96.74200,46.38548,193.07190,-10.54311,-15.63727,32.51828
158968567.18400,96.83660,46.36983,193.07136,-10.54311,-15.63510,32.56754
158968568.18400,96.93121,46.35418,193.07081,-10.54311,-15.63293,32.62629
158968569.18400,97.02581,46.33853,193.07027,-10.54311,-15.63076,32.67226
158968570.18400,97.12042,46.32288,193.06973,-10.54311,-15.62860,32.68996
158968571.18400,97.21502,46.30723,193.06919,-10.54310,-15.62643,32.69589
158968572.18400,97.30962,46.29158,193.06865,-10.54310,-15.62426,32.68474
158968573.18400,97.40423,46.27593,193.06811,-10.54310,-15.62209,32.65198
158968574.18400,97.49883,46.26028,193.06756,-10.54310,-15.61992,32.60776
158968575.18400,97.59356,46.24463,193.06702,-10.54310,-15.61451,32.55846
158968576.18400,97.68868,46.22901,193.06648,-10.54310,-15.59821,32.49329
158968577.18400,97.78380,46.21340,193.06593,-10.54309,-15.58190,32.42586
158968578.18400,97.87892,46.19778,193.06538,-10.54309,-15.56560,32.35922
158968579.18400,97.97405,46.18216,193.06484,-10.54309,-15.54930,32.37306
158968580.18400,98.06917,46.16654,193.06429,-10.54309,-15.53300,32.50608
158968581.18400,98.16429,46.15092,193.06375,-10.54309,-15.51670,32.56657
158968582.18400,98.25942,46.13531,193.06321,-10.54309,-15.50040,32.47795
158968583.18400,98.35454,46.11969,193.06267,-10.54309,-15.48410,32.37025
158968584.18400,98.44966,46.10407,193.06213,-10.54308,-15.46780,32.28148
158968585.18400,98.54478,46.08845,193.06158,-10.54308,-15.45150,32.19509
158968586.18400,98.63991,46.07283,193.06104,-10.54308,-15.43520,32.10893
158968587.18400,98.73503,46.05722,193.06049,-10.54308,-15.41890,32.03311
158968588.18400,98.83015,46.04160,193.05994,-10.54308,-15.40260,32.00509
158968589.18400,98.92528,46.02598,193.05939,-10.54308,-15.38630,32.04221
158968590.18400,99.02047,46.01042,193.05885,-10.54308,-15.37237,32.11330
158968591.18400,99.11590,45.99504,193.05830,-10.54307,-15.36641,32.19818
158968592.18400,99.21133,45.97967,193.05776,-10.54307,-15.36045,32.28400
158968593.18400,99.30676,45.96430,193.05722,-10.54307,-15.35448,32.37727
158968594.18400,99.40220,45.94892,193.05668,-10.54307,-15.34852,32.47085
158968595.18400,99.49763,45.93355,193.05615,-10.54307,-15.34256,32.53535
158968596.18400,99.59306,45.91817,193.05562,-10.54307,-15.33659,32.55408
158968597.18400,99.68849,45.90280,193.05508,-10.54307,-15.33063,32.59088
158968598.18400,99.78392,45.88743,193.05455,-10.54307,-15.32467,32.62902
158968599.18400,99.87936,45.87205,193.05402,-10.54306,-15.31871,32.59097
158968600.18400,99.97479,45.85668,193.05348,-10.54306,-15.31274,32.51063
158968601.18400,100.07022,45.84130,193.05295,-10.54306,-15.30678,32.45020
158968602.18400,100.16565,45.82593,193.05241,-10.54306,-15.30082,32.39621
158968603.18400,100.26108,45.81056,193.05188,-10.54306,-15.29486,32.30670
158968604.18400,100.35652,45.79518,193.05134,-10.54306,-15.28889,32.23529
158968605.18400,100.45193,45.77983,193.05080,-10.54306,-15.27819,32.22237
158968606.18400,100.54728,45.76455,193.05026,-10.54306,-15.25158,32.20865
158968607.18400,100.64263,45.74926,193.04972,-10.54306,-15.22496,32.19513
158968608.18400,100.73798,45.73398,193.04918,-10.54306,-15.19835,32.18349
158968609.18400,100.83333,45.71869,193.04865,-10.54305,-15.17174,32.16966
158968610.18400,100.92867,45.70341,193.04811,-10.54305,-15.14513,32.15579
158968611.18400,101.02402,45.68813,193.04758,-10.54305,-15.11852,32.14189
158968612.18400,101.11937,45.67284,193.04704,-10.54305,-15.09190,32.12794
158968613.18400,101.21472,45.65756,193.04651,-10.54305,-15.06529,32.11396
158968614.18400,101.31007,45.64227,193.04597,-10.54305,-15.03868,32.12438
158968615.18400,101.40542,45.62699,193.04544,-10.54305,-15.01207,32.17130
158968616.18400,101.50077,45.61171,193.04491,-10.54305,-14.98546,32.23269
158968617.18400,101.59612,45.59642,193.04438,-10.54305,-14.95884,32.22262
158968618.18400,101.69147,45.58114,193.04386,-10.54305,-14.93223,32.10061
158968619.18400,101.78682,45.56585,193.04333,-10.54305,-14.90562,31.93830
158968620.18400,101.88225,45.55066,193.04279,-10.54305,-14.88615,31.78944
158968621.18400,101.97797,45.53578,193.04226,-10.54305,-14.89063,31.68240
158968622.18400,102.07369,45.52089,193.04172,-10.54305,-14.89512,31.57655
158968623.18400,102.16941,45.50600,193.04118,-10.54305,-14.89960,31.65687
158968624.18400,102.26513,45.49112,193.04064,-10.54305,-14.90408,31.88496
158968625.18400,102.36085,45.47623,193.04011,-10.54305,-14.90857,32.00096
158968626.18400,102.45657,45.46135,193.03958,-10.54305,-14.91305,32.03314
158968627.18400,102.55229,45.44646,193.03905,-10.54305,-14.91753,32.06778
158968628.18400,102.64801,45.43158,193.03852,-10.54305,-14.92202,32.10467
158968629.18400,102.74373,45.41669,193.03800,-10.54304,-14.92650,32.13696
158968630.18400,102.83945,45.40181,193.03747,-10.54304,-14.93098,32.17199
158968631.18400,102.93517,45.38692,193.03694,-10.54304,-14.93547,32.20682
158968632.18400,103.03089,45.37204,193.03641,-10.54304,-14.93995,32.24145
158968633.18400,103.12660,45.35715,193.03589,-10.54304,-14.94443,32.27637
158968634.18400,103.22232,45.34227,193.03536,-10.54304,-14.94892,32.31134
158968635.18400,103.31836,45.32737,193.03483,-10.54304,-14.95183,32.34364
158968636.18400,103.41549,45.31241,193.03431,-10.54304,-14.94950,32.36689
158968637.18400,103.51261,45.29746,193.03379,-10.54304,-14.94717,32.39017
158968638.18400,103.60973,45.28251,193.03326,-10.54304,-14.94484,32.41350
158968639.18400,103.70685,45.26755,193.03274,-10.54304,-14.94251,32.43661
158968640.18400,103.80397,45.25260,193.03222,-10.54304,-14.94017,32.46025
158968641.18400,103.90109,45.23765,193.03169,-10.54305,-14.93784,32.48369
158968642.18400,103.99821,45.22270,193.03117,-10.54305,-14.93551,32.50691
158968643.18400,104.09533,45.20774,193.03065,-10.54305,-14.93318,32.53041
158968644.18400,104.19245,45.19279,193.03013,-10.54305,-14.93085,32.55421
158968645.18400,104.28957,45.17784,193.02961,-10.54305,-14.92851,32.57779
158968646.18400,104.38669,45.16289,193.02909,-10.54305,-14.92618,32.59865
158968647.18400,104.48381,45.14793,193.02857,-10.54305,-14.92385,32.62231
158968648.18400,104.58093,45.13298,193.02805,-10.54305,-14.92152,32.64851
158968649.18400,104.67805,45.11803,193.02754,-10.54305,-14.91919,32.67224
158968650.18400,104.77531,45.10308,193.02702,-10.54305,-14.91432,32.68906
158968651.18400,104.87306,45.08817,193.02650,-10.54305,-14.90094,32.69332
158968652.18400,104.97081,45.07325,193.02599,-10.54305,-14.88757,32.70035
158968653.18400,105.06856,45.05833,193.02547,-10.54305,-14.87419,32.70513
158968654.18400,105.16631,45.04341,193.02496,-10.54305,-14.86081,32.70712
158968655.18400,105.26405,45.02850,193.02444,-10.54305,-14.84744,32.71141
158968656.18400,105.36180,45.01358,193.02393,-10.54305,-14.83406,32.71849
158968657.18400,105.45955,44.99866,193.02341,-10.54305,-14.82069,32.72330
158968658.18400,105.55730,44.98374,193.02290,-10.54305,-14.80731,32.72507
158968659.18400,105.65505,44.96883,193.02239,-10.54305,-14.79393,32.72964
158968660.18400,105.75280,44.95391,193.02188,-10.54306,-14.78056,32.73422
158968661.18400,105.85055,44.93899,193.02137,-10.54306,-14.76718,32.73881
158968662.18400,105.94830,44.92408,193.02085,-10.54306,-14.75381,32.74341
158968663.18400,106.04605,44.90916,193.02034,-10.54306,-14.74043,32.74801
158968664.18400,106.14379,44.89424,193.01984,-10.54306,-14.72705,32.75263
158968665.18400,106.24197,44.87937,193.01933,-10.54306,-14.72159,32.77101
158968666.18400,106.34156,44.86465,193.01882,-10.54306,-14.74264,32.83667
158968667.18400,106.44115,44.84994,193.01831,-10.54306,-14.76370,32.90263
158968668.18400,106.54074,44.83522,193.01780,-10.54306,-14.78475,32.96838
158968669.18400,106.64034,44.82050,193.01730,-10.54306,-14.80580,33.03391
158968670.18400,106.73993,44.80579,193.01679,-10.54307,-14.82686,33.09975
158968671.18400,106.83952,44.79107,193.01628,-10.54307,-14.84791,33.16563
158968672.18400,106.93911,44.77635,193.01578,-10.54307,-14.86897,33.23155
158968673.18400,107.03870,44.76164,193.01527,-10.54307,-14.89002,33.29752
158968674.18400,107.13830,44.74692,193.01477,-10.54307,-14.91108,33.36353
158968675.18400,107.23789,44.73220,193.01427,-10.54307,-14.93213,33.42958
158968676.18400,107.33748,44.71749,193.01376,-10.54307,-14.95319,33.49568
158968677.18400,107.43707,44.70277,193.01326,-10.54307,-14.97424,33.55919
158968678.18400,107.53667,44.68805,193.01276,-10.54308,-14.99530,33.62510
158968679.18400,107.63626,44.67334,193.01226,-10.54308,-15.01635,33.69395
158968680.18400,107.73605,44.65855,193.01176,-10.54308,-15.02554,33.73959
158968681.18400,107.83649,44.64351,193.01126,-10.54308,-14.99495,33.71200
158968682.18400,107.93694,44.62848,193.01076,-10.54308,-14.96435,33.68724
158968683.18400,108.03739,44.61345,193.01026,-10.54308,-14.93376,33.66507
158968684.18400,108.13784,44.59842,193.00976,-10.54309,-14.90316,33.64017
158968685.18400,108.23828,44.58338,193.00926,-10.54309,-14.87257,33.61282
158968686.18400,108.33873,44.56835,193.00876,-10.54309,-14.84197,33.58752
158968687.18400,108.43918,44.55332,193.00827,-10.54309,-14.81138,33.56481
158968688.18400,108.53963,44.53829,193.00777,-10.54309,-14.78079,33.53963
158968689.18400,108.64008,44.52325,193.00728,-10.54310,-14.75019,33.51199
158968690.18400,108.74052,44.50822,193.00678,-10.54310,-14.71960,33.48667
158968691.18400,108.84097,44.49319,193.00629,-10.54310,-14.68900,33.46368
158968692.18400,108.94142,44.47816,193.00579,-10.54310,-14.65841,33.43581
158968693.18400,109.04187,44.46312,193.00530,-10.54310,-14.62781,33.41001
158968694.18400,109.14231,44.44809,193.00480,-10.54310,-14.59722,33.38707
158968695.18400,109.24264,44.43316,193.00431,-10.54311,-14.57239,33.36940
158968696.18400,109.34257,44.41859,193.00382,-10.54311,-14.56690,33.38878
158968697.18400,109.44249,44.40402,193.00333,-10.54311,-14.56141,33.40846
158968698.18400,109.54242,44.38944,193.00284,-10.54311,-14.55592,33.42818
158968699.18400,109.64234,44.37487,193.00235,-10.54311,-14.55043,33.44793
158968700.18400,109.74227,44.36030,193.00186,-10.54312,-14.54495,33.46745
158968701.18400,109.84219,44.34572,193.00137,-10.54312,-14.53946,33.48755
158968702.18400,109.94212,44.33115,193.00088,-10.54312,-14.53397,33.45268
158968703.18400,110.04204,44.31658,193.00039,-10.54312,-14.52848,33.33473
158968704.18400,110.14197,44.30200,192.99990,-10.54312,-14.52299,33.18418
158968705.18400,110.24189,44.28743,192.99940,-10.54313,-14.51750,33.18475
158968706.18400,110.34182,44.27286,192.99891,-10.54313,-14.51201,33.21406
158968707.18400,110.44175,44.25828,192.99841,-10.54313,-14.50653,33.09227
158968708.18400,110.54167,44.24371,192.99792,-10.54313,-14.50104,32.98962
158968709.18400,110.64160,44.22914,192.99742,-10.54313,-14.49555,32.93227
158968710.18400,110.74160,44.21458,192.99692,-10.54314,-14.48796,32.87440
158968711.18400,110.84186,44.20009,192.99642,-10.54314,-14.47331,32.80107
158968712.18400,110.94212,44.18560,192.99592,-10.54314,-14.45866,32.72788
158968713.18400,111.04237,44.17111,192.99542,-10.54314,-14.44401,32.65744
158968714.18400,111.14263,44.15662,192.99492,-10.54314,-14.42936,32.58711
158968715.18400,111.24289,44.14212,192.99442,-10.54315,-14.41471,32.51691
158968716.18400,111.34315,44.12763,192.99391,-10.54315,-14.40006,32.48137
158968717.18400,111.44341,44.11314,192.99341,-10.54315,-14.38541,32.50517
158968718.18400,111.54367,44.09865,192.99291,-10.54315,-14.37077,32.54874
158968719.18400,111.64393,44.08416,192.99241,-10.54316,-14.35612,32.62193
158968720.18400,111.74419,44.06967,192.99191,-10.54316,-14.34147,32.74306
158968721.18400,111.84444,44.05518,192.99142,-10.54316,-14.32682,32.87289
158968722.18400,111.94470,44.04069,192.99092,-10.54316,-14.31217,32.97218
158968723.18400,112.04496,44.02619,192.99043,-10.54317,-14.29752,33.04193
158968724.18400,112.14522,44.01170,192.98995,-10.54317,-14.28287,33.10644
158968725.18400,112.24583,43.99726,192.98946,-10.54317,-14.27523,33.18174
158968726.18400,112.34759,43.98299,192.98897,-10.54317,-14.29105,33.28705
158968727.18400,112.44936,43.96872,192.98849,-10.54318,-14.30688,33.37391
158968728.18400,112.55112,43.95445,192.98801,-10.54318,-14.32270,33.45225
158968729.18400,112.65289,43.94018,192.98753,-10.54318,-14.33853,33.52801
158968730.18400,112.75466,43.92591,192.98704,-10.54318,-14.35436,33.60690
158968731.18400,112.85642,43.91163,192.98656,-10.54319,-14.37018,33.69091
158968732.18400,112.95819,43.89736,192.98609,-10.54319,-14.38601,33.77235
158968733.18400,113.05995,43.88309,192.98561,-10.54319,-14.40183,33.85452
158968734.18400,113.16172,43.86882,192.98513,-10.54319,-14.41766,33.92349
158968735.18400,113.26349,43.85455,192.98465,-10.54320,-14.43349,33.96997
158968736.18400,113.36525,43.84028,192.98418,-10.54320,-14.44931,34.01037
158968737.18400,113.46702,43.82601,192.98370,-10.54320,-14.46514,34.04795
158968738.18400,113.56879,43.81173,192.98322,-10.54321,-14.48096,34.08552
158968739.18400,113.67055,43.79746,192.98275,-10.54321,-14.49679,34.12589
158968740.18400,113.77237,43.78314,192.98227,-10.54321,-14.50039,34.14382
158968741.18400,113.87434,43.76863,192.98180,-10.54322,-14.46300,34.08366
158968742.18400,113.97632,43.75412,192.98132,-10.54322,-14.42561,34.01807
158968743.18400,114.07829,43.73961,192.98084,-10.54322,-14.38822,33.94119
158968744.18400,114.18027,43.72510,192.98037,-10.54322,-14.35083,33.85617
158968745.18400,114.28225,43.71059,192.97989,-10.54323,-14.31343,33.84709
158968746.18400,114.38422,43.69608,192.97942,-10.54323,-14.27604,33.94926
158968747.18400,114.48620,43.68157,192.97895,-10.54323,-14.23865,34.00838
158968748.18400,114.58817,43.66706,192.97848,-10.54324,-14.20126,33.94662
158968749.18400,114.69015,43.65255,192.97801,-10.54324,-14.16387,33.84323
158968750.18400,114.79212,43.63804,192.97754,-10.54324,-14.12648,33.72388
158968751.18400,114.89410,43.62353,192.97707,-10.54325,-14.08909,33.57917
158968752.18400,114.99608,43.60903,192.97659,-10.54325,-14.05170,33.42867
158968753.18400,115.09805,43.59452,192.97612,-10.54325,-14.01430,33.34618
158968754.18400,115.20003,43.58001,192.97565,-10.54326,-13.97691,33.36054
158968755.18400,115.30210,43.56563,192.97517,-10.54326,-13.95255,33.43174
158968756.18400,115.40449,43.55168,192.97471,-10.54326,-13.97186,33.52023
158968757.18400,115.50687,43.53773,192.97424,-10.54326,-13.99118,33.50571
158968758.18400,115.60926,43.52378,192.97376,-10.54327,-14.01049,33.45269
158968759.18400,115.71165,43.50983,192.97329,-10.54327,-14.02981,33.39995
158968760.18400,115.81403,43.49589,192.97282,-10.54327,-14.04912,33.29332
158968761.18400,115.91642,43.48194,192.97234,-10.54328,-14.06844,33.20818
158968762.18400,116.01881,43.46799,192.97186,-10.54328,-14.08775,33.26166
158968763.18400,116.12120,43.45404,192.97138,-10.54328,-14.10707,33.37413
158968764.18400,116.22358,43.44009,192.97091,-10.54329,-14.12638,33.48255
158968765.18400,116.32597,43.42615,192.97043,-10.54329,-14.14570,33.59351
158968766.18400,116.42836,43.41220,192.96996,-10.54329,-14.16502,33.72831
158968767.18400,116.53075,43.39825,192.96949,-10.54330,-14.18433,33.89557
158968768.18400,116.63313,43.38430,192.96902,-10.54330,-14.20365,34.04452
158968769.18400,116.73552,43.37035,192.96855,-10.54330,-14.22296,34.15366
158968770.18400,116.83829,43.35634,192.96809,-10.54331,-14.23456,34.23237
158968771.18400,116.94237,43.34210,192.96762,-10.54331,-14.22028,34.24442
158968772.18400,117.04644,43.32786,192.96716,-10.54331,-14.20600,34.23096
158968773.18400,117.15052,43.31363,192.96669,-10.54332,-14.19172,34.20427
158968774.18400,117.25459,43.29939,192.96623,-10.54332,-14.17744,34.17443
158968775.18400,117.35866,43.28515,192.96576,-10.54332,-14.16316,34.14231
158968776.18400,117.46274,43.27091,192.96530,-10.54333,-14.14888,34.11018
158968777.18400,117.56681,43.25667,192.96483,-10.54333,-14.13460,34.12812
158968778.18400,117.67089,43.24244,192.96437,-10.54333,-14.12033,34.16480
158968779.18400,117.77496,43.22820,192.96391,-10.54334,-14.10605,34.13715
158968780.18400,117.87903,43.21396,192.96344,-10.54334,-14.09177,34.07906
158968781.18400,117.98311,43.19972,192.96298,-10.54335,-14.07749,34.02044
158968782.18400,118.08718,43.18548,192.96251,-10.54335,-14.06321,33.96217
158968783.18400,118.19125,43.17125,192.96205,-10.54335,-14.04893,33.95703
158968784.18400,118.29533,43.15701,192.96159,-10.54336,-14.03465,34.02898
158968785.18400,118.39937,43.14282,192.96112,-10.54336,-14.02022,34.13112
158968786.18400,118.50329,43.12880,192.96067,-10.54336,-14.00530,34.23307
158968787.18400,118.60720,43.11477,192.96021,-10.54337,-13.99038,34.25752
158968788.18400,118.71112,43.10075,192.95975,-10.54337,-13.97546,34.16643
158968789.18400,118.81504,43.08673,192.95929,-10.54337,-13.96054,34.03133
158968790.18400,118.91896,43.07270,192.95883,-10.54338,-13.94562,33.99727
158968791.18400,119.02288,43.05868,192.95837,-10.54338,-13.93069,34.08470
158968792.18400,119.12680,43.04466,192.95791,-10.54338,-13.91577,34.11586
158968793.18400,119.23072,43.03063,192.95746,-10.54339,-13.90085,34.05432
158968794.18400,119.33463,43.01661,192.95700,-10.54339,-13.88593,33.96797
158968795.18400,119.43855,43.00259,192.95654,-10.54340,-13.87101,33.87630
158968796.18400,119.54247,42.98856,192.95608,-10.54340,-13.85609,33.72155
158968797.18400,119.64639,42.97454,192.95561,-10.54340,-13.84117,33.62267
158968798.18400,119.75031,42.96052,192.95515,-10.54341,-13.82625,33.72327
158968799.18400,119.85423,42.94649,192.95469,-10.54341,-13.81132,33.86245
158968800.18400,119.95816,42.93252,192.95424,-10.54341,-13.79782,33.92361
158968801.18400,120.06214,42.91872,192.95378,-10.54342,-13.78906,33.94617
158968802.18400,120.16612,42.90492,192.95332,-10.54342,-13.78030,33.95274
158968803.18400,120.27009,42.89112,192.95287,-10.54343,-13.77155,33.96194
158968804.18400,120.37407,42.87732,192.95241,-10.54343,-13.76279,33.97202
158968805.18400,120.47805,42.86352,192.95196,-10.54343,-13.75403,33.97337
158968806.18400,120.58203,42.84972,192.95150,-10.54344,-13.74527,33.97939
158968807.18400,120.68600,42.83592,192.95105,-10.54344,-13.73652,33.98304
158968808.18400,120.78998,42.82212,192.95060,-10.54344,-13.72776,33.98378
158968809.18400,120.89396,42.80832,192.95014,-10.54345,-13.71900,33.99041
158968810.18400,120.99794,42.79452,192.94969,-10.54345,-13.71025,33.99412
158968811.18400,121.10191,42.78072,192.94924,-10.54346,-13.70149,33.99487
158968812.18400,121.20589,42.76692,192.94879,-10.54346,-13.69273,33.99859
158968813.18400,121.30987,42.75312,192.94833,-10.54346,-13.68397,34.00526
158968814.18400,121.41385,42.73932,192.94788,-10.54347,-13.67522,34.00899
158968815.18400,121.51822,42.72555,192.94743,-10.54347,-13.67193,34.02044
158968816.18400,121.62394,42.71188,192.94698,-10.54348,-13.68699,34.07046
158968817.18400,121.72965,42.69821,192.94653,-10.54348,-13.70206,34.12318
158968818.18400,121.83537,42.68454,192.94608,-10.54348,-13.71712,34.17326
158968819.18400,121.94108,42.67088,192.94563,-10.54349,-13.73218,34.22100
158968820.18400,122.04680,42.65721,192.94518,-10.54349,-13.74724,34.27084
158968821.18400,122.15251,42.64354,192.94473,-10.54350,-13.76231,34.32095
158968822.18400,122.25823,42.62987,192.94428,-10.54350,-13.77737,34.37140
158968823.18400,122.36394,42.61620,192.94384,-10.54350,-13.79243,34.42367
158968824.18400,122.46966,42.60253,192.94339,-10.54351,-13.80749,34.47148
158968825.18400,122.57537,42.58886,192.94294,-10.54351,-13.82256,34.52138
158968826.18400,122.68109,42.57519,192.94249,-10.54352,-13.83762,34.57398
158968827.18400,122.78680,42.56153,192.94205,-10.54352,-13.85268,34.62211
158968828.18400,122.89252,42.54786,192.94160,-10.54352,-13.86774,34.67235
158968829.18400,122.99823,42.53419,192.94115,-10.54353,-13.88281,34.72202
158968830.18400,123.10422,42.52047,192.94071,-10.54353,-13.89011,34.75731
158968831.18400,123.21112,42.50657,192.94026,-10.54354,-13.87140,34.74294
158968832.18400,123.31802,42.49268,192.93982,-10.54354,-13.85269,34.72800
158968833.18400,123.42493,42.47879,192.93937,-10.54354,-13.83398,34.71239
158968834.18400,123.53183,42.46489,192.93893,-10.54355,-13.81528,34.69735
158968835.18400,123.63873,42.45100,192.93848,-10.54355,-13.79657,34.68289
158968836.18400,123.74563,42.43710,192.93804,-10.54356,-13.77786,34.66745
158968837.18400,123.85253,42.42321,192.93760,-10.54356,-13.75915,34.65199
158968838.18400,123.95943,42.40932,192.93715,-10.54357,-13.74044,34.63442
158968839.18400,124.06634,42.39542,192.93671,-10.54357,-13.72173,34.61890
158968840.18400,124.17324,42.38153,192.93627,-10.54357,-13.70302,34.60641
158968841.18400,124.28014,42.36763,192.93583,-10.54358,-13.68431,34.59147
158968842.18400,124.38704,42.35374,192.93539,-10.54358,-13.66560,34.57617
158968843.18400,124.49394,42.33985,192.93494,-10.54359,-13.64689,34.56056
158968844.18400,124.60084,42.32595,192.93450,-10.54359,-13.62818,34.54250
158968845.18400,124.70763,42.31212,192.93406,-10.54360,-13.61070,34.52956
158968846.18400,124.81401,42.29851,192.93362,-10.54360,-13.59731,34.52707
158968847.18400,124.92039,42.28489,192.93318,-10.54360,-13.58392,34.52242
158968848.18400,125.02678,42.27128,192.93274,-10.54361,-13.57054,34.51748
158968849.18400,125.13316,42.25767,192.93230,-10.54361,-13.55715,34.51223
158968850.18400,125.23955,42.24405,192.93186,-10.54362,-13.54376,34.50456
158968851.18400,125.34593,42.23044,192.93143,-10.54362,-13.53038,34.49990
158968852.18400,125.45231,42.21682,192.93099,-10.54363,-13.51699,34.49490
158968853.18400,125.55870,42.20321,192.93055,-10.54363,-13.50360,34.48961
158968854.18400,125.66508,42.18960,192.93011,-10.54364,-13.49022,34.48737
158968855.18400,125.77147,42.17598,192.92968,-10.54364,-13.47683,34.48237
158968856.18400,125.87785,42.16237,192.92924,-10.54364,-13.46344,34.47491
158968857.18400,125.98423,42.14875,192.92880,-10.54365,-13.45006,34.46986
158968858.18400,126.09062,42.13514,192.92837,-10.54365,-13.43667,34.46416
158968859.18400,126.19700,42.12153,192.92793,-10.54366,-13.42328,34.45879
158968860.18400,126.30357,42.10796,192.92750,-10.54366,-13.41371,34.46440
158968861.18400,126.41073,42.09455,192.92706,-10.54367,-13.41692,34.49031
158968862.18400,126.51790,42.08113,192.92663,-10.54367,-13.42014,34.51808
158968863.18400,126.62506,42.06772,192.92619,-10.54368,-13.42335,34.54865
158968864.18400,126.73223,42.05431,192.92576,-10.54368,-13.42657,34.57400
158968865.18400,126.83939,42.04090,192.92532,-10.54369,-13.42978,34.60216
158968866.18400,126.94656,42.02748,192.92489,-10.54369,-13.43300,34.63065
158968867.18400,127.05372,42.01407,192.92446,-10.54369,-13.43621,34.65887
158968868.18400,127.16089,42.00066,192.92402,-10.54370,-13.43943,34.68648
158968869.18400,127.26805,41.98725,192.92359,-10.54370,-13.44264,34.71474
158968870.18400,127.37522,41.97383,192.92316,-10.54371,-13.44586,34.74365
158968871.18400,127.48239,41.96042,192.92273,-10.54371,-13.44907,34.77197
158968872.18400,127.58955,41.94701,192.92230,-10.54372,-13.45228,34.79969
158968873.18400,127.69672,41.93359,192.92187,-10.54372,-13.45550,34.82806
158968874.18400,127.80388,41.92018,192.92144,-10.54373,-13.45871,34.85708
158968875.18400,127.91152,41.90676,192.92101,-10.54373,-13.46295,34.88473
158968876.18400,128.02076,41.89330,192.92058,-10.54374,-13.47062,34.92427
158968877.18400,128.13000,41.87984,192.92015,-10.54374,-13.47829,34.96164
158968878.18400,128.23923,41.86637,192.91972,-10.54374,-13.48596,34.99622
158968879.18400,128.34847,41.85291,192.91929,-10.54375,-13.49363,35.03615
158968880.18400,128.45770,41.83945,192.91886,-10.54375,-13.50130,35.07424
158968881.18400,128.56694,41.82599,192.91843,-10.54376,-13.50897,35.11200
158968882.18400,128.67618,41.81253,192.91800,-10.54376,-13.51664,35.14884
158968883.18400,128.78541,41.79907,192.91758,-10.54377,-13.52431,35.18349
158968884.18400,128.89465,41.78561,192.91715,-10.54377,-13.53198,35.22101
158968885.18400,129.00389,41.77214,192.91672,-10.54378,-13.53965,35.18371
158968886.18400,129.11312,41.75868,192.91630,-10.54378,-13.54732,35.10504
158968887.18400,129.22236,41.74522,192.91587,-10.54379,-13.55499,35.09687
158968888.18400,129.33160,41.73176,192.91544,-10.54379,-13.56266,35.13139
158968889.18400,129.44083,41.71830,192.91501,-10.54380,-13.57033,35.16880
158968890.18400,129.55035,41.70481,192.91458,-10.54380,-13.57375,35.19461
158968891.18400,129.66078,41.69123,192.91415,-10.54381,-13.56289,35.19453
158968892.18400,129.77121,41.67766,192.91372,-10.54381,-13.55203,35.19253
158968893.18400,129.88165,41.66408,192.91329,-10.54382,-13.54117,35.06727
158968894.18400,129.99208,41.65050,192.91286,-10.54382,-13.53031,34.91924
158968895.18400,130.10252,41.63693,192.91243,-10.54383,-13.51945,34.96111
158968896.18400,130.21295,41.62335,192.91200,-10.54383,-13.50859,35.00089
158968897.18400,130.32339,41.60977,192.91157,-10.54384,-13.49773,34.96655
158968898.18400,130.43382,41.59620,192.91114,-10.54384,-13.48687,34.98796
158968899.18400,130.54425,41.58262,192.91071,-10.54385,-13.47601,35.05153
158968900.18400,130.65469,41.56904,192.91029,-10.54385,-13.46515,35.06810
158968901.18400,130.76512,41.55547,192.90986,-10.54386,-13.45429,35.02285
158968902.18400,130.87556,41.54189,192.90943,-10.54386,-13.44343,34.97766
158968903.18400,130.98599,41.52831,192.90900,-10.54387,-13.43257,34.93722
158968904.18400,131.09643,41.51474,192.90857,-10.54387,-13.42171,34.89991
158968905.18400,131.20675,41.50120,192.90815,-10.54388,-13.40911,34.85915
158968906.18400,131.31673,41.48779,192.90772,-10.54388,-13.39066,34.80599
158968907.18400,131.42670,41.47437,192.90729,-10.54389,-13.37221,34.76691
158968908.18400,131.53668,41.46096,192.90686,-10.54389,-13.35376,34.74692
158968909.18400,131.64665,41.44755,192.90643,-10.54390,-13.33531,34.73278
158968910.18400,131.75663,41.43413,192.90600,-10.54390,-13.31686,34.72020
158968911.18400,131.86660,41.42072,192.90557,-10.54391,-13.29840,34.71074
158968912.18400,131.97657,41.40731,192.90515,-10.54391,-13.27995,34.69120
158968913.18400,132.08655,41.39389,192.90472,-10.54392,-13.26150,34.78307
158968914.18400,132.19652,41.38048,192.90430,-10.54392,-13.24305,34.86572
158968915.18400,132.30650,41.36707,192.90387,-10.54393,-13.22460,34.69969
158968916.18400,132.41647,41.35365,192.90344,-10.54393,-13.20615,34.42195
158968917.18400,132.52645,41.34024,192.90301,-10.54394,-13.18770,34.25856
158968918.18400,132.63642,41.32683,192.90258,-10.54394,-13.16924,34.26154
158968919.18400,132.74639,41.31341,192.90215,-10.54395,-13.15079,34.32440
158968920.18400,132.85648,41.30006,192.90172,-10.54395,-13.13736,34.40069
158968921.18400,132.96692,41.28693,192.90130,-10.54396,-13.14074,34.57783
158968922.18400,133.07737,41.27379,192.90088,-10.54396,-13.14412,34.85941
158968923.18400,133.18782,41.26065,192.90046,-10.54397,-13.14750,35.18510
158968924.18400,133.29827,41.24752,192.90004,-10.54397,-13.15088,35.39127
158968925.18400,133.40871,41.23438,192.89963,-10.54398,-13.15426,35.40030
158968926.18400,133.51916,41.22125,192.89922,-10.54398,-13.15764,35.33926
158968927.18400,133.62961,41.20811,192.89881,-10.54399,-13.16102,35.28066
158968928.18400,133.74005,41.19497,192.89839,-10.54400,-13.16440,35.14445
158968929.18400,133.85050,41.18184,192.89797,-10.54400,-13.16778,35.06394
158968930.18400,133.96095,41.16870,192.89756,-10.54401,-13.17116,35.06966
158968931.18400,134.07140,41.15557,192.89714,-10.54401,-13.17454,34.95204
158968932.18400,134.18184,41.14243,192.89672,-10.54402,-13.17792,34.76653
158968933.18400,134.29229,41.12929,192.89629,-10.54402,-13.18131,34.66564
158968934.18400,134.40274,41.11616,192.89587,-10.54403,-13.18469,34.68525
158968935.18400,134.51350,41.10301,192.89544,-10.54403,-13.18607,34.74483
158968936.18400,134.62531,41.08982,192.89502,-10.54404,-13.18078,34.79067
158968937.18400,134.73713,41.07664,192.89460,-10.54404,-13.17549,34.83440
158968938.18400,134.84894,41.06345,192.89418,-10.54405,-13.17020,34.98708
158968939.18400,134.96075,41.05026,192.89376,-10.54406,-13.16491,35.21273
158968940.18400,135.07257,41.03707,192.89334,-10.54406,-13.15962,35.32152
158968941.18400,135.18438,41.02389,192.89293,-10.54407,-13.15433,35.35262
158968942.18400,135.29620,41.01070,192.89252,-10.54407,-13.14904,35.39455
158968943.18400,135.40801,40.99751,192.89211,-10.54408,-13.14374,35.44848
158968944.18400,135.51982,40.98432,192.89170,-10.54408,-13.13845,35.66000
158968945.18400,135.63164,40.97114,192.89129,-10.54409,-13.13316,35.92468
158968946.18400,135.74345,40.95795,192.89089,-10.54409,-13.12787,36.02734
158968947.18400,135.85527,40.94476,192.89049,-10.54410,-13.12258,36.11050
158968948.18400,135.96708,40.93158,192.89009,-10.54411,-13.11729,36.23236
158968949.18400,136.07889,40.91839,192.88969,-10.54411,-13.11200,36.35815
158968950.18400,136.19086,40.90522,192.88929,-10.54412,-13.10643,36.39976
158968951.18400,136.30336,40.89211,192.88890,-10.54412,-13.09995,36.30598
158968952.18400,136.41585,40.87900,192.88850,-10.54413,-13.09347,36.16601
158968953.18400,136.52835,40.86590,192.88810,-10.54414,-13.08699,36.06830
158968954.18400,136.64084,40.85279,192.88770,-10.54414,-13.08050,36.06919
158968955.18400,136.75334,40.83968,192.88730,-10.54415,-13.07402,36.10798
158968956.18400,136.86583,40.82657,192.88690,-10.54415,-13.06754,36.11676
158968957.18400,136.97833,40.81346,192.88650,-10.54416,-13.06106,36.21990
158968958.18400,137.09082,40.80036,192.88611,-10.54417,-13.05458,36.35582
158968959.18400,137.20332,40.78725,192.88571,-10.54417,-13.04809,36.34303
158968960.18400,137.31581,40.77414,192.88532,-10.54418,-13.04161,36.30675
158968961.18400,137.42831,40.76103,192.88492,-10.54418,-13.03513,36.35664
158968962.18400,137.54080,40.74792,192.88453,-10.54419,-13.02865,36.43626
158968963.18400,137.65330,40.73482,192.88413,-10.54420,-13.02217,36.38490
158968964.18400,137.76579,40.72171,192.88374,-10.54420,-13.01568,36.18498
158968965.18400,137.87855,40.70862,192.88334,-10.54421,-13.01125,36.00373
158968966.18400,137.99216,40.69561,192.88294,-10.54422,-13.01370,35.87294
158968967.18400,138.10577,40.68260,192.88254,-10.54422,-13.01615,35.74569
158968968.18400,138.21939,40.66959,192.88214,-10.54423,-13.01860,35.69103
158968969.18400,138.33300,40.65658,192.88173,-10.54423,-13.02105,35.71817
158968970.18400,138.44661,40.64357,192.88133,-10.54424,-13.02350,35.74502
158968971.18400,138.56023,40.63056,192.88093,-10.54425,-13.02595,35.76645
158968972.18400,138.67384,40.61755,192.88052,-10.54425,-13.02840,35.79358
158968973.18400,138.78745,40.60454,192.88012,-10.54426,-13.03085,35.81909
158968974.18400,138.90106,40.59153,192.87972,-10.54426,-13.03330,35.84534
158968975.18400,139.01468,40.57851,192.87932,-10.54427,-13.03575,35.87427
158968976.18400,139.12829,40.56550,192.87892,-10.54427,-13.03820,35.90595
158968977.18400,139.24190,40.55249,192.87851,-10.54428,-13.04064,35.98051
158968978.18400,139.35552,40.53948,192.87812,-10.54429,-13.04309,36.04467
158968979.18400,139.46913,40.52647,192.87772,-10.54429,-13.04554,35.99914
158968980.18400,139.58283,40.51345,192.87731,-10.54430,-13.04350,35.89589
158968981.18400,139.69680,40.50041,192.87691,-10.54430,-13.02641,35.79575
158968982.18400,139.81077,40.48736,192.87651,-10.54431,-13.00931,35.74805
158968983.18400,139.92474,40.47431,192.87611,-10.54432,-12.99222,35.72227
158968984.18400,140.03871,40.46126,192.87570,-10.54432,-12.97512,35.69572
158968985.18400,140.15268,40.44822,192.87530,-10.54433,-12.95803,35.66748
158968986.18400,140.26665,40.43517,192.87490,-10.54433,-12.94094,35.63853
158968987.18400,140.38062,40.42212,192.87450,-10.54434,-12.92384,35.61283
158968988.18400,140.49459,40.40907,192.87410,-10.54435,-12.90675,35.58646
158968989.18400,140.60856,40.39603,192.87369,-10.54435,-12.88965,35.55740
158968990.18400,140.72253,40.38298,192.87329,-10.54436,-12.87256,35.53000
158968991.18400,140.83650,40.36993,192.87289,-10.54436,-12.85546,35.50319
158968992.18400,140.95047,40.35689,192.87249,-10.54437,-12.83837,35.47639
158968993.18400,141.06445,40.34384,192.87209,-10.54438,-12.82127,35.44825
158968994.18400,141.17842,40.33079,192.87169,-10.54438,-12.80418,35.41931
158968995.18400,141.29237,40.31780,192.87129,-10.54439,-12.79008,35.39876
158968996.18400,141.40628,40.30501,192.87089,-10.54440,-12.78603,35.39782
158968997.18400,141.52019,40.29222,192.87048,-10.54440,-12.78198,35.39955
158968998.18400,141.63410,40.27943,192.87008,-10.54441,-12.77793,35.40025
158968999.18400,141.74801,40.26664,192.86968,-10.54441,-12.77388,35.39960
158969000.18400,141.86192,40.25385,192.86928,-10.54442,-12.76983,35.39894
158969001.18400,141.97582,40.24105,192.86888,-10.54442,-12.76578,35.39856
158969002.18400,142.08973,40.22826,192.86848,-10.54443,-12.76173,35.40023
158969003.18400,142.20364,40.21547,192.86808,-10.54444,-12.75768,35.39950
158969004.18400,142.31755,40.20268,192.86768,-10.54444,-12.75363,35.39775
158969005.18400,142.43146,40.18989,192.86728,-10.54445,-12.74958,35.39940
158969006.18400,142.54537,40.17710,192.86688,-10.54446,-12.74553,35.40007
158969007.18400,142.65928,40.16431,192.86648,-10.54446,-12.74148,35.39840
158969008.18400,142.77319,40.15151,192.86608,-10.54447,-12.73743,35.39768
158969009.18400,142.88709,40.13872,192.86568,-10.54447,-12.73338,35.39701
158969010.18400,143.00101,40.12595,192.86528,-10.54448,-12.72657,35.39181
158969011.18400,143.11494,40.11322,192.86489,-10.54449,-12.71052,35.36796
158969012.18400,143.22887,40.10049,192.86449,-10.54449,-12.69446,35.34310
158969013.18400,143.34280,40.08776,192.86409,-10.54450,-12.67840,35.31576
158969014.18400,143.45673,40.07503,192.86369,-10.54450,-12.66235,35.28945
158969015.18400,143.57066,40.06230,192.86329,-10.54451,-12.64629,35.26549
158969016.18400,143.68459,40.04957,192.86289,-10.54452,-12.63024,35.23874
158969017.18400,143.79852,40.03684,192.86249,-10.54452,-12.61418,35.21268
158969018.18400,143.91245,40.02411,192.86210,-10.54453,-12.59812,35.18895
158969019.18400,144.02638,40.01138,192.86170,-10.54454,-12.58207,35.16243
158969020.18400,144.14031,39.99865,192.86130,-10.54454,-12.56601,35.13486
158969021.18400,144.25424,39.98592,192.86090,-10.54455,-12.54996,35.11068
158969022.18400,144.36817,39.97319,192.86050,-10.54455,-12.53390,35.08304
158969023.18400,144.48210,39.96046,192.86011,-10.54456,-12.51784,35.05501
158969024.18400,144.59603,39.94773,192.85971,-10.54457,-12.50179,35.03309
158969025.18400,144.71027,39.93505,192.85931,-10.54457,-12.49306,35.02250
158969026.18400,144.82556,39.92256,192.85891,-10.54458,-12.50892,35.06358
158969027.18400,144.94086,39.91007,192.85852,-10.54459,-12.52478,35.10701
158969028.18400,145.05615,39.89758,192.85812,-10.54459,-12.54064,35.14905
158969029.18400,145.17144,39.88509,192.85772,-10.54460,-12.55650,35.19315
158969030.18400,145.28674,39.87260,192.85733,-10.54460,-12.57236,35.23415
158969031.18400,145.40203,39.86012,192.85693,-10.54461,-12.58822,35.27786
158969032.18400,145.51733,39.84763,192.85653,-10.54462,-12.60408,35.32219
158969033.18400,145.63262,39.83514,192.85614,-10.54462,-12.61994,35.36147
158969034.18400,145.74791,39.82265,192.85574,-10.54463,-12.63580,35.40479
158969035.18400,145.86321,39.81016,192.85535,-10.54464,-12.65166,35.44841
158969036.18400,145.97850,39.79767,192.85495,-10.54464,-12.66752,35.48999
158969037.18400,146.09380,39.78518,192.85455,-10.54465,-12.68337,35.53428
158969038.18400,146.20909,39.77269,192.85416,-10.54466,-12.69923,35.57787
158969039.18400,146.32438,39.76020,192.85376,-10.54466,-12.71509,35.61866
158969040.18400,146.44012,39.74766,192.85337,-10.54467,-12.72558,35.64873
158969041.18400,146.55735,39.73493,192.85297,-10.54467,-12.71803,35.64066
158969042.18400,146.67457,39.72220,192.85258,-10.54468,-12.71049,35.63429
158969043.18400,146.79179,39.70947,192.85218,-10.54469,-12.70294,35.62726
158969044.18400,146.90902,39.69675,192.85179,-10.54469,-12.69540,35.61916
158969045.18400,147.02624,39.68402,192.85139,-10.54470,-12.68785,35.61382
158969046.18400,147.14347,39.67129,192.85100,-10.54471,-12.68031,35.60425
158969047.18400,147.26069,39.65857,192.85060,-10.54471,-12.67276,35.59506
158969048.18400,147.37791,39.64584,192.85021,-10.54472,-12.66522,35.59175
158969049.18400,147.49514,39.63311,192.84981,-10.54473,-12.65767,35.58355
158969050.18400,147.61236,39.62038,192.84942,-10.54473,-12.65013,35.57472
158969051.18400,147.72959,39.60766,192.84902,-10.54474,-12.64259,35.56764
158969052.18400,147.84681,39.59493,192.84863,-10.54475,-12.63504,35.55946
158969053.18400,147.96403,39.58220,192.84824,-10.54475,-12.62750,35.55370
158969054.18400,148.08126,39.56947,192.84784,-10.54476,-12.61995,35.54452
158969055.18400,148.19851,39.55677,192.84745,-10.54476,-12.61199,35.53443
158969056.18400,148.31588,39.54416,192.84706,-10.54477,-12.60262,35.52475
158969057.18400,148.43324,39.53154,192.84666,-10.54478,-12.59324,35.51499
158969058.18400,148.55061,39.51893,192.84627,-10.54478,-12.58387,35.50415
158969059.18400,148.66797,39.50631,192.84588,-10.54479,-12.57450,35.49093
158969060.18400,148.78534,39.49370,192.84548,-10.54480,-12.56513,35.47881
158969061.18400,148.90270,39.48108,192.84509,-10.54481,-12.55576,35.46569
158969062.18400,149.02006,39.46847,192.84470,-10.54481,-12.54639,35.45493
158969063.18400,149.13743,39.45586,192.84431,-10.54482,-12.53702,35.44627
158969064.18400,149.25479,39.44324,192.84391,-10.54483,-12.52765,35.46901
158969065.18400,149.37216,39.43063,192.84352,-10.54483,-12.51827,35.54994
158969066.18400,149.48952,39.41801,192.84313,-10.54484,-12.50890,35.64911
158969067.18400,149.60689,39.40540,192.84274,-10.54484,-12.49953,35.71460
158969068.18400,149.72425,39.39278,192.84236,-10.54485,-12.49016,35.72418
158969069.18400,149.84162,39.38017,192.84197,-10.54486,-12.48079,35.65800
158969070.18400,149.95881,39.36758,192.84158,-10.54486,-12.46885,35.55324
158969071.18400,150.07544,39.35511,192.84119,-10.54487,-12.44829,35.46623
158969072.18400,150.19206,39.34264,192.84080,-10.54488,-12.42774,35.40746
158969073.18400,150.30869,39.33016,192.84041,-10.54488,-12.40718,35.34893
158969074.18400,150.42532,39.31769,192.84002,-10.54489,-12.38663,35.28722
158969075.18400,150.54194,39.30522,192.83963,-10.54490,-12.36608,35.23177
158969076.18400,150.65857,39.29274,192.83924,-10.54490,-12.34552,35.17314
158969077.18400,150.77520,39.28027,192.83885,-10.54491,-12.32497,35.13689
158969078.18400,150.89182,39.26780,192.83846,-10.54492,-12.30441,35.14038
158969079.18400,151.00845,39.25532,192.83807,-10.54492,-12.28386,35.15632
158969080.18400,151.12507,39.24285,192.83768,-10.54493,-12.26330,35.17231
158969081.18400,151.24170,39.23038,192.83730,-10.54494,-12.24275,35.18984
158969082.18400,151.35833,39.21790,192.83691,-10.54494,-12.22219,35.20884
158969083.18400,151.47495,39.20543,192.83652,-10.54495,-12.20164,35.22406
158969084.18400,151.59158,39.19296,192.83614,-10.54496,-12.18108,35.23794
158969085.18400,151.70858,39.18056,192.83576,-10.54496,-12.17044,35.24749
158969086.18400,151.82682,39.16839,192.83537,-10.54497,-12.19303,35.28709
158969087.18400,151.94506,39.15622,192.83499,-10.54498,-12.21561,35.37450
158969088.18400,152.06330,39.14406,192.83460,-10.54499,-12.23820,35.56506
158969089.18400,152.18154,39.13189,192.83422,-10.54499,-12.26079,35.78855
158969090.18400,152.29978,39.11973,192.83385,-10.54500,-12.28337,36.00171
158969091.18400,152.41802,39.10756,192.83347,-10.54501,-12.30596,36.20281
158969092.18400,152.53626,39.09540,192.83310,-10.54501,-12.32855,36.27890
158969093.18400,152.65450,39.08323,192.83272,-10.54502,-12.35114,36.25538
158969094.18400,152.77274,39.07107,192.83235,-10.54503,-12.37372,36.30246
158969095.18400,152.89098,39.05890,192.83197,-10.54504,-12.39631,36.40453
158969096.18400,153.00923,39.04674,192.83160,-10.54504,-12.41890,36.50926
158969097.18400,153.12747,39.03457,192.83122,-10.54505,-12.44149,36.61417
158969098.18400,153.24571,39.02241,192.83085,-10.54506,-12.46407,36.71919
158969099.18400,153.36395,39.01024,192.83048,-10.54506,-12.48666,36.82286
158969100.18400,153.48263,38.99800,192.83011,-10.54507,-12.50040,36.90871
158969101.18400,153.60278,38.98549,192.82974,-10.54508,-12.48444,36.93047
158969102.18400,153.72294,38.97299,192.82937,-10.54509,-12.46849,36.95119
158969103.18400,153.84309,38.96049,192.82900,-10.54509,-12.45253,36.97085
158969104.18400,153.96325,38.94798,192.82863,-10.54510,-12.43658,36.98913
158969105.18400,154.08340,38.93548,192.82826,-10.54511,-12.42063,36.99770
158969106.18400,154.20356,38.92297,192.82789,-10.54512,-12.40467,37.05173
158969107.18400,154.32371,38.91047,192.82753,-10.54512,-12.38872,37.20894
158969108.18400,154.44387,38.89797,192.82717,-10.54513,-12.37276,37.36842
158969109.18400,154.56402,38.88546,192.82681,-10.54514,-12.35681,37.45988
158969110.18400,154.68418,38.87296,192.82645,-10.54515,-12.34086,37.50165
158969111.18400,154.80433,38.86045,192.82609,-10.54515,-12.32490,37.47823
158969112.18400,154.92449,38.84795,192.82573,-10.54516,-12.30895,37.41170
158969113.18400,155.04464,38.83545,192.82537,-10.54517,-12.29299,37.27600
158969114.18400,155.16480,38.82294,192.82501,-10.54518,-12.27704,37.16482
158969115.18400,155.28512,38.81049,192.82465,-10.54518,-12.26599,37.18743
158969116.18400,155.40602,38.79823,192.82429,-10.54519,-12.27141,37.24679
158969117.18400,155.52691,38.78596,192.82393,-10.54520,-12.27682,37.26635
158969118.18400,155.64781,38.77370,192.82357,-10.54521,-12.28223,37.27967
158969119.18400,155.76870,38.76143,192.82321,-10.54522,-12.28765,37.28964
158969120.18400,155.88960,38.74917,192.82285,-10.54522,-12.29306,37.29844
158969121.18400,156.01049,38.73690,192.82249,-10.54523,-12.29847,37.30924
158969122.18400,156.13139,38.72464,192.82213,-10.54524,-12.30389,37.31739
158969123.18400,156.25228,38.71238,192.82177,-10.54525,-12.30930,37.33013
158969124.18400,156.37317,38.70011,192.82141,-10.54525,-12.31471,37.33866
158969125.18400,156.49407,38.68785,192.82105,-10.54526,-12.32013,37.35055
158969126.18400,156.61496,38.67558,192.82069,-10.54527,-12.32554,37.37823
158969127.18400,156.73586,38.66332,192.82033,-10.54528,-12.33095,37.45821
158969128.18400,156.85675,38.65105,192.81997,-10.54529,-12.33637,37.60148
158969129.18400,156.97765,38.63879,192.81962,-10.54529,-12.34178,37.73621
158969130.18400,157.09851,38.62650,192.81926,-10.54530,-12.33990,37.88941
158969131.18400,157.21925,38.61416,192.81891,-10.54531,-12.31358,37.87622
158969132.18400,157.34000,38.60181,192.81856,-10.54532,-12.28726,37.58123
158969133.18400,157.46074,38.58947,192.81820,-10.54532,-12.26094,37.31429
158969134.18400,157.58149,38.57712,192.81784,-10.54533,-12.23462,37.28667
158969135.18400,157.70224,38.56477,192.81748,-10.54534,-12.20830,37.35479
158969136.18400,157.82298,38.55243,192.81713,-10.54535,-12.18198,37.41868
158969137.18400,157.94373,38.54008,192.81677,-10.54535,-12.15566,37.36256
158969138.18400,158.06447,38.52774,192.81642,-10.54536,-12.12934,37.17761
158969139.18400,158.18522,38.51539,192.81606,-10.54537,-12.10302,37.02563
158969140.18400,158.30597,38.50304,192.81570,-10.54538,-12.07670,36.91092
158969141.18400,158.42671,38.49070,192.81534,-10.54538,-12.05038,36.75092
158969142.18400,158.54746,38.47835,192.81498,-10.54539,-12.02406,36.52653
158969143.18400,158.66820,38.46601,192.81462,-10.54540,-11.99774,36.27508
158969144.18400,158.78895,38.45366,192.81425,-10.54541,-11.97142,36.02516
158969145.18400,158.90971,38.44140,192.81389,-10.54541,-11.95319,35.80026
158969146.18400,159.03053,38.42945,192.81351,-10.54542,-11.96206,35.72701
158969147.18400,159.15134,38.41750,192.81314,-10.54543,-11.97093,35.79162
158969148.18400,159.27216,38.40555,192.81277,-10.54544,-11.97980,35.90677
158969149.18400,159.39297,38.39360,192.81241,-10.54544,-11.98866,35.96953
158969150.18400,159.51379,38.38165,192.81204,-10.54545,-11.99753,35.94253
158969151.18400,159.63460,38.36970,192.81167,-10.54546,-12.00640,35.88430
158969152.18400,159.75542,38.35775,192.81130,-10.54547,-12.01527,35.91083
158969153.18400,159.87623,38.34579,192.81093,-10.54547,-12.02414,36.04241
158969154.18400,159.99704,38.33384,192.81056,-10.54548,-12.03301,36.17835
158969155.18400,160.11786,38.32189,192.81019,-10.54549,-12.04188,36.29551
158969156.18400,160.23867,38.30994,192.80983,-10.54550,-12.05075,36.39282
158969157.18400,160.35949,38.29799,192.80947,-10.54550,-12.05962,36.52700
158969158.18400,160.48030,38.28604,192.80910,-10.54551,-12.06849,36.72077
158969159.18400,160.60112,38.27409,192.80874,-10.54552,-12.07736,36.87922
158969160.18400,160.72226,38.26210,192.80839,-10.54553,-12.08228,36.99261
158969161.18400,160.84451,38.25002,192.80803,-10.54554,-12.07399,37.04968
158969162.18400,160.96676,38.23794,192.80767,-10.54554,-12.06569,37.06907
158969163.18400,161.08901,38.22585,192.80732,-10.54555,-12.05739,37.07603
158969164.18400,161.21126,38.21377,192.80696,-10.54556,-12.04910,37.08267
158969165.18400,161.33351,38.20168,192.80661,-10.54557,-12.04080,37.08667
158969166.18400,161.45576,38.18960,192.80625,-10.54557,-12.03250,37.08911
158969167.18400,161.57801,38.17752,192.80590,-10.54558,-12.02421,37.09353
158969168.18400,161.70026,38.16543,192.80554,-10.54559,-12.01591,37.09912
158969169.18400,161.82251,38.15335,192.80519,-10.54560,-12.00761,37.10198
158969170.18400,161.94476,38.14126,192.80483,-10.54561,-11.99932,37.10682
158969171.18400,162.06701,38.12918,192.80448,-10.54561,-11.99102,37.11507
158969172.18400,162.18926,38.11710,192.80413,-10.54562,-11.98272,37.11747
158969173.18400,162.31151,38.10501,192.80377,-10.54563,-11.97443,37.11954
158969174.18400,162.43376,38.09293,192.80342,-10.54564,-11.96613,37.12782
158969175.18400,162.55601,38.08087,192.80307,-10.54565,-11.95758,37.13161
158969176.18400,162.67824,38.06891,192.80272,-10.54565,-11.94815,37.13114
158969177.18400,162.80047,38.05695,192.80237,-10.54566,-11.93873,37.13541
158969178.18400,162.92269,38.04499,192.80201,-10.54567,-11.92931,37.13724
158969179.18400,163.04492,38.03303,192.80166,-10.54568,-11.91988,37.13912
158969180.18400,163.16715,38.02107,192.80131,-10.54569,-11.91046,37.14107
158969181.18400,163.28938,38.00911,192.80096,-10.54569,-11.90104,37.14296
158969182.18400,163.41161,37.99715,192.80061,-10.54570,-11.89161,37.14717
158969183.18400,163.53384,37.98519,192.80026,-10.54571,-11.88219,37.14672
158969184.18400,163.65606,37.97323,192.79991,-10.54572,-11.87277,37.14860
158969185.18400,163.77829,37.96127,192.79956,-10.54573,-11.86334,37.15247
158969186.18400,163.90052,37.94931,192.79921,-10.54574,-11.85392,37.15365
158969187.18400,164.02275,37.93735,192.79887,-10.54574,-11.84450,37.15596
158969188.18400,164.14498,37.92539,192.79852,-10.54575,-11.83507,37.15862
158969189.18400,164.26721,37.91343,192.79817,-10.54576,-11.82565,37.16053
158969190.18400,164.38965,37.90151,192.79782,-10.54577,-11.81940,37.16867
158969191.18400,164.51282,37.88969,192.79747,-10.54578,-11.82382,37.20291
158969192.18400,164.63599,37.87787,192.79713,-10.54578,-11.82823,37.23841
158969193.18400,164.75915,37.86605,192.79678,-10.54579,-11.83265,37.27390
158969194.18400,164.88232,37.85423,192.79643,-10.54580,-11.83706,37.30818
158969195.18400,165.00549,37.84242,192.79609,-10.54581,-11.84147,37.34292
158969196.18400,165.12865,37.83060,192.79574,-10.54582,-11.84589,37.37689
158969197.18400,165.25182,37.81878,192.79540,-10.54582,-11.85030,37.41130
158969198.18400,165.37499,37.80696,192.79505,-10.54583,-11.85472,37.44578
158969199.18400,165.49816,37.79514,192.79470,-10.54584,-11.85913,37.48024
158969200.18400,165.62132,37.78333,192.79436,-10.54585,-11.86354,37.51866
158969201.18400,165.74449,37.77151,192.79402,-10.54586,-11.86796,37.55147
158969202.18400,165.86766,37.75969,192.79367,-10.54587,-11.87237,37.58360
158969203.18400,165.99083,37.74787,192.79333,-10.54587,-11.87679,37.61969
158969204.18400,166.11399,37.73605,192.79298,-10.54588,-11.88120,37.65662
158969205.18400,166.23751,37.72422,192.79264,-10.54589,-11.88376,37.68525
158969206.18400,166.36222,37.71234,192.79230,-10.54590,-11.88011,37.69868
158969207.18400,166.48692,37.70045,192.79196,-10.54591,-11.87646,37.71819
158969208.18400,166.61162,37.68857,192.79161,-10.54591,-11.87281,37.73443
158969209.18400,166.73632,37.67668,192.79127,-10.54592,-11.86916,37.74796
158969210.18400,166.86103,37.66480,192.79093,-10.54593,-11.86551,37.76588
158969211.18400,166.98573,37.65291,192.79059,-10.54594,-11.86186,37.78223
158969212.18400,167.11043,37.64103,192.79025,-10.54595,-11.85821,37.79826
158969213.18400,167.23513,37.62914,192.78991,-10.54596,-11.85456,37.81624
158969214.18400,167.35984,37.61726,192.78957,-10.54596,-11.85091,37.82986
158969215.18400,167.48454,37.60537,192.78923,-10.54597,-11.84725,37.84586
158969216.18400,167.60924,37.59349,192.78889,-10.54598,-11.84360,37.86222
158969217.18400,167.73394,37.58160,192.78855,-10.54599,-11.83995,37.87783
158969218.18400,167.85864,37.56972,192.78821,-10.54600,-11.83630,37.89792
158969219.18400,167.98335,37.55783,192.78787,-10.54601,-11.83265,37.91436
158969220.18400,168.10824,37.54596,192.78753,-10.54602,-11.82902,37.92599
158969221.18400,168.23377,37.53413,192.78719,-10.54602,-11.82546,37.94236
158969222.18400,168.35930,37.52230,192.78685,-10.54603,-11.82190,37.96286
158969223.18400,168.48483,37.51047,192.78652,-10.54604,-11.81834,37.97922
158969224.18400,168.61036,37.49864,192.78618,-10.54605,-11.81478,37.99574
158969225.18400,168.73589,37.48681,192.78584,-10.54606,-11.81122,38.01221
158969226.18400,168.86142,37.47498,192.78550,-10.54607,-11.80766,38.02658
158969227.18400,168.98695,37.46315,192.78517,-10.54608,-11.80410,38.04521
158969228.18400,169.11248,37.45132,192.78483,-10.54608,-11.80054,38.06174
158969229.18400,169.23801,37.43949,192.78449,-10.54609,-11.79698,38.07787
158969230.18400,169.36353,37.42766,192.78416,-10.54610,-11.79342,38.09646
158969231.18400,169.48906,37.41583,192.78382,-10.54611,-11.78985,38.11147
158969232.18400,169.61459,37.40400,192.78349,-10.54612,-11.78629,38.12808
158969233.18400,169.74012,37.39217,192.78315,-10.54613,-11.78273,38.14847
158969234.18400,169.86565,37.38034,192.78282,-10.54614,-11.77917,38.16348
158969235.18400,169.99126,37.36852,192.78249,-10.54614,-11.77451,38.17542
158969236.18400,170.11712,37.35675,192.78215,-10.54615,-11.76614,38.18247
158969237.18400,170.24297,37.34497,192.78182,-10.54616,-11.75777,38.18983
158969238.18400,170.36883,37.33319,192.78149,-10.54617,-11.74940,38.19524
158969239.18400,170.49469,37.32142,192.78115,-10.54618,-11.74103,38.19685
158969240.18400,170.62055,37.30964,192.78082,-10.54619,-11.73266,38.20420
158969241.18400,170.74641,37.29786,192.78049,-10.54620,-11.72429,38.21124
158969242.18400,170.87227,37.28609,192.78016,-10.54620,-11.71592,38.21652
158969243.18400,170.99812,37.27431,192.77982,-10.54621,-11.70755,38.22180
158969244.18400,171.12398,37.26253,192.77949,-10.54622,-11.69918,38.22714
158969245.18400,171.24984,37.25076,192.77916,-10.54623,-11.69081,38.23244
158969246.18400,171.37570,37.23898,192.77883,-10.54624,-11.68244,38.19827
158969247.18400,171.50156,37.22720,192.77850,-10.54625,-11.67408,38.11230
158969248.18400,171.62742,37.21543,192.77817,-10.54626,-11.66571,38.00511
158969249.18400,171.75327,37.20365,192.77783,-10.54627,-11.65734,37.94974
158969250.18400,171.87918,37.19190,192.77750,-10.54627,-11.64946,37.85130
158969251.18400,172.00523,37.18025,192.77716,-10.54628,-11.64323,37.67009
158969252.18400,172.13128,37.16860,192.77683,-10.54629,-11.63700,37.58144
158969253.18400,172.25734,37.15695,192.77649,-10.54630,-11.63076,37.56874
158969254.18400,172.38339,37.14530,192.77615,-10.54631,-11.62453,37.54782
158969255.18400,172.50944,37.13365,192.77582,-10.54632,-11.61830,37.53115
158969256.18400,172.63550,37.12200,192.77548,-10.54633,-11.61207,37.51650
158969257.18400,172.76155,37.11035,192.77514,-10.54634,-11.60584,37.49573
158969258.18400,172.88760,37.09870,192.77480,-10.54634,-11.59961,37.48115
158969259.18400,173.01366,37.08705,192.77447,-10.54635,-11.59338,37.46641
158969260.18400,173.13971,37.07540,192.77413,-10.54636,-11.58715,37.49840
158969261.18400,173.26577,37.06375,192.77379,-10.54637,-11.58091,37.60847
158969262.18400,173.39182,37.05210,192.77346,-10.54638,-11.57468,37.70582
158969263.18400,173.51787,37.04045,192.77312,-10.54639,-11.56845,37.75492
158969264.18400,173.64393,37.02879,192.77279,-10.54640,-11.56222,37.80722
158969265.18400,173.77009,37.01717,192.77246,-10.54640,-11.55630,37.86785
158969266.18400,173.89662,37.00561,192.77213,-10.54641,-11.55143,37.89516
158969267.18400,174.02316,36.99405,192.77180,-10.54642,-11.54656,37.86797
158969268.18400,174.14969,36.98249,192.77147,-10.54643,-11.54169,37.81855
158969269.18400,174.27622,36.97094,192.77113,-10.54644,-11.53682,37.76971
158969270.18400,174.40276,36.95938,192.77080,-10.54645,-11.53194,37.72006
158969271.18400,174.52929,36.94782,192.77047,-10.54646,-11.52707,37.66889
158969272.18400,174.65582,36.93626,192.77014,-10.54646,-11.52220,37.62027
158969273.18400,174.78236,36.92471,192.76980,-10.54647,-11.51733,37.57118
158969274.18400,174.90889,36.91315,192.76947,-10.54648,-11.51246,37.51974
158969275.18400,175.03542,36.90159,192.76913,-10.54649,-11.50759,37.47547
158969276.18400,175.16196,36.89003,192.76880,-10.54650,-11.50272,37.50467
158969277.18400,175.28849,36.87848,192.76846,-10.54651,-11.49785,37.65606
158969278.18400,175.41502,36.86692,192.76813,-10.54652,-11.49297,37.85994
158969279.18400,175.54155,36.85536,192.76780,-10.54653,-11.48810,38.05904
158969280.18400,175.66807,36.84382,192.76748,-10.54654,-11.48161,38.19758
158969281.18400,175.79454,36.83234,192.76715,-10.54655,-11.46970,38.27102
158969282.18400,175.92100,36.82085,192.76683,-10.54656,-11.45779,38.37866
158969283.18400,176.04746,36.80937,192.76651,-10.54656,-11.44588,38.50322
158969284.18400,176.17393,36.79788,192.76619,-10.54657,-11.43396,38.62901
158969285.18400,176.30039,36.78640,192.76587,-10.54658,-11.42205,38.75139
158969286.18400,176.42685,36.77491,192.76555,-10.54659,-11.41014,38.81627
158969287.18400,176.55332,36.76343,192.76524,-10.54660,-11.39822,38.76803
158969288.18400,176.67978,36.75194,192.76492,-10.54661,-11.38631,38.64862
158969289.18400,176.80625,36.74046,192.76460,-10.54662,-11.37440,38.56739
158969290.18400,176.93271,36.72898,192.76428,-10.54663,-11.36249,38.52071
158969291.18400,177.05917,36.71749,192.76397,-10.54664,-11.35057,38.47886
158969292.18400,177.18564,36.70601,192.76365,-10.54665,-11.33866,38.47852
158969293.18400,177.31210,36.69452,192.76333,-10.54666,-11.32675,38.53042
158969294.18400,177.43856,36.68304,192.76301,-10.54667,-11.31484,38.46435
158969295.18400,177.56541,36.67159,192.76269,-10.54668,-11.30931,38.19480
158969296.18400,177.69354,36.66029,192.76237,-10.54668,-11.32519,38.00429
158969297.18400,177.82168,36.64898,192.76205,-10.54669,-11.34107,38.00388
158969298.18400,177.94981,36.63768,192.76172,-10.54670,-11.35695,38.08149
158969299.18400,178.07794,36.62637,192.76140,-10.54671,-11.37283,38.16088
158969300.18400,178.20607,36.61507,192.76108,-10.54672,-11.38871,38.35427
158969301.18400,178.33421,36.60376,192.76076,-10.54673,-11.40459,38.61527
158969302.18400,178.46234,36.59246,192.76044,-10.54674,-11.42047,38.74565
158969303.18400,178.59047,36.58115,192.76012,-10.54675,-11.43635,38.79609
158969304.18400,178.71860,36.56985,192.75981,-10.54676,-11.45223,38.85032
158969305.18400,178.84674,36.55854,192.75949,-10.54677,-11.46811,38.89807
158969306.18400,178.97487,36.54723,192.75917,-10.54678,-11.48399,38.94546
158969307.18400,179.10300,36.53593,192.75886,-10.54679,-11.49987,38.99753
158969308.18400,179.23113,36.52462,192.75854,-10.54680,-11.51575,39.04783
158969309.18400,179.35927,36.51332,192.75822,-10.54680,-11.53163,39.09759
158969310.18400,179.48778,36.50196,192.75791,-10.54681,-11.54083,39.13505
158969311.18400,179.61755,36.49041,192.75759,-10.54682,-11.52763,39.14305
158969312.18400,179.74733,36.47887,192.75727,-10.54683,-11.51444,39.10269
158969313.18400,179.87710,36.46733,192.75696,-10.54684,-11.50124,38.93367
158969314.18400,180.00688,36.45578,192.75664,-10.54685,-11.48804,38.76551
158969315.18400,180.13665,36.44424,192.75632,-10.54686,-11.47485,38.63520
158969316.18400,180.26643,36.43269,192.75600,-10.54687,-11.46165,38.47762
158969317.18400,180.39620,36.42115,192.75568,-10.54688,-11.44845,38.32905
158969318.18400,180.52598,36.40961,192.75535,-10.54689,-11.43526,38.20205
158969319.18400,180.65575,36.39806,192.75503,-10.54690,-11.42206,38.07851
158969320.18400,180.78553,36.38652,192.75470,-10.54691,-11.40886,37.95283
158969321.18400,180.91530,36.37497,192.75437,-10.54691,-11.39567,37.82744
158969322.18400,181.04508,36.36343,192.75405,-10.54692,-11.38247,37.70877
158969323.18400,181.17485,36.35189,192.75372,-10.54693,-11.36927,37.68012
158969324.18400,181.30462,36.34034,192.75339,-10.54694,-11.35608,37.78506
158969325.18400,181.43436,36.32884,192.75306,-10.54695,-11.34483,37.93436
158969326.18400,181.56395,36.31750,192.75274,-10.54696,-11.34010,38.03905
158969327.18400,181.69355,36.30615,192.75242,-10.54697,-11.33538,38.06671
158969328.18400,181.82314,36.29481,192.75209,-10.54698,-11.33066,38.00022
158969329.18400,181.95273,36.28346,192.75177,-10.54699,-11.32593,37.83564
158969330.18400,182.08233,36.27211,192.75144,-10.54700,-11.32121,37.71662
158969331.18400,182.21192,36.26077,192.75112,-10.54700,-11.31649,37.71904
158969332.18400,182.34151,36.24942,192.75079,-10.54701,-11.31176,37.78143
158969333.18400,182.47111,36.23808,192.75047,-10.54702,-11.30704,37.87615
158969334.18400,182.60070,36.22673,192.75014,-10.54703,-11.30232,37.98289
158969335.18400,182.73029,36.21538,192.74982,-10.54704,-11.29759,38.08340
158969336.18400,182.85989,36.20404,192.74950,-10.54705,-11.29287,38.18827
158969337.18400,182.98948,36.19269,192.74918,-10.54706,-11.28815,38.28555
158969338.18400,183.11907,36.18135,192.74886,-10.54707,-11.28342,38.26107
158969339.18400,183.24867,36.17000,192.74854,-10.54708,-11.27870,38.12821
158969340.18400,183.37872,36.15867,192.74822,-10.54709,-11.27782,38.05820
158969341.18400,183.51030,36.14740,192.74790,-10.54710,-11.28985,38.05975
158969342.18400,183.64188,36.13612,192.74758,-10.54711,-11.30188,38.04200
158969343.18400,183.77347,36.12485,192.74725,-10.54711,-11.31390,38.01629
158969344.18400,183.90505,36.11357,192.74693,-10.54712,-11.32593,37.98794
158969345.18400,184.03663,36.10230,192.74661,-10.54713,-11.33796,37.98453
158969346.18400,184.16821,36.09102,192.74628,-10.54714,-11.34999,38.02430
158969347.18400,184.29980,36.07975,192.74596,-10.54715,-11.36201,38.07962
158969348.18400,184.43138,36.06847,192.74564,-10.54716,-11.37404,38.13724
158969349.18400,184.56296,36.05720,192.74531,-10.54717,-11.38607,38.19520
158969350.18400,184.69455,36.04592,192.74499,-10.54718,-11.39810,38.25219
158969351.18400,184.82613,36.03465,192.74467,-10.54719,-11.41012,38.30927
158969352.18400,184.95771,36.02337,192.74435,-10.54720,-11.42215,38.36500
158969353.18400,185.08929,36.01210,192.74402,-10.54721,-11.43418,38.42254
158969354.18400,185.22088,36.00082,192.74370,-10.54722,-11.44621,38.48007
158969355.18400,185.35250,35.98951,192.74338,-10.54723,-11.44926,38.51573
158969356.18400,185.48425,35.97805,192.74306,-10.54723,-11.42223,38.47776
158969357.18400,185.61601,35.96660,192.74274,-10.54724,-11.39520,38.43823
158969358.18400,185.74776,35.95514,192.74242,-10.54725,-11.36817,38.40045
158969359.18400,185.87951,35.94369,192.74210,-10.54726,-11.34114,38.35981
158969360.18400,186.01127,35.93223,192.74178,-10.54727,-11.31410,38.32001
158969361.18400,186.14302,35.92078,192.74146,-10.54728,-11.28707,38.28406
158969362.18400,186.27478,35.90932,192.74114,-10.54729,-11.26004,38.24742
158969363.18400,186.40653,35.89787,192.74082,-10.54730,-11.23301,38.20689
158969364.18400,186.53828,35.88641,192.74051,-10.54731,-11.20598,38.16652
158969365.18400,186.67004,35.87496,192.74019,-10.54732,-11.17895,38.12734
158969366.18400,186.80179,35.86350,192.73987,-10.54733,-11.15192,38.08636
158969367.18400,186.93354,35.85204,192.73955,-10.54734,-11.12488,38.04987
158969368.18400,187.06530,35.84059,192.73924,-10.54735,-11.09785,38.01026
158969369.18400,187.19705,35.82913,192.73892,-10.54736,-11.07082,37.96889
158969370.18400,187.32851,35.81777,192.73860,-10.54737,-11.04922,37.94095
158969371.18400,187.45898,35.80672,192.73829,-10.54738,-11.04584,37.96103
158969372.18400,187.58946,35.79567,192.73797,-10.54739,-11.04246,37.98303
158969373.18400,187.71993,35.78462,192.73766,-10.54740,-11.03907,38.00363
158969374.18400,187.85040,35.77357,192.73734,-10.54741,-11.03569,38.02174
158969375.18400,187.98088,35.76252,192.73703,-10.54742,-11.03231,38.03980
158969376.18400,188.11135,35.75147,192.73671,-10.54743,-11.02892,38.06049
158969377.18400,188.24182,35.74042,192.73640,-10.54744,-11.02554,38.08001
158969378.18400,188.37229,35.72937,192.73608,-10.54744,-11.02216,38.10030
158969379.18400,188.50277,35.71832,192.73577,-10.54745,-11.01877,38.11899
158969380.18400,188.63324,35.70727,192.73546,-10.54746,-11.01539,38.13940
158969381.18400,188.76371,35.69622,192.73514,-10.54747,-11.01201,38.15979
158969382.18400,188.89418,35.68517,192.73483,-10.54748,-11.00862,38.17990
158969383.18400,189.02466,35.67412,192.73452,-10.54749,-11.00524,38.20033
158969384.18400,189.15513,35.66307,192.73421,-10.54750,-11.00186,38.21873
158969385.18400,189.28590,35.65203,192.73390,-10.54751,-10.99997,38.24311
158969386.18400,189.41765,35.64103,192.73358,-10.54752,-11.00313,38.28065
158969387.18400,189.54941,35.63003,192.73327,-10.54753,-11.00628,38.31793
158969388.18400,189.68117,35.61904,192.73296,-10.54754,-11.00943,38.35463
158969389.18400,189.81292,35.60804,192.73265,-10.54755,-11.01259,38.38750
158969390.18400,189.94468,35.59704,192.73234,-10.54756,-11.01574,38.42708
158969391.18400,190.07644,35.58604,192.73203,-10.54757,-11.01889,38.46393
158969392.18400,190.20819,35.57504,192.73172,-10.54758,-11.02205,38.49731
158969393.18400,190.33995,35.56404,192.73141,-10.54759,-11.02520,38.53738
158969394.18400,190.47171,35.55304,192.73111,-10.54760,-11.02835,38.57443
158969395.18400,190.60346,35.54204,192.73080,-10.54761,-11.03151,38.61193
158969396.18400,190.73522,35.53104,192.73049,-10.54762,-11.03466,38.64941
158969397.18400,190.86698,35.52004,192.73018,-10.54763,-11.03781,38.68186
158969398.18400,190.99874,35.50904,192.72987,-10.54764,-11.04097,38.71978
158969399.18400,191.13049,35.49804,192.72957,-10.54765,-11.04412,38.75959
158969400.18400,191.26254,35.48703,192.72926,-10.54766,-11.04577,38.79289
158969401.18400,191.39557,35.47599,192.72895,-10.54767,-11.04240,38.81189
158969402.18400,191.52859,35.46494,192.72865,-10.54768,-11.03902,38.83131
158969403.18400,191.66162,35.45389,192.72834,-10.54769,-11.03565,38.85485
158969404.18400,191.79464,35.44285,192.72804,-10.54770,-11.03227,38.87569
158969405.18400,191.92767,35.43180,192.72773,-10.54771,-11.02890,38.89513
158969406.18400,192.06069,35.42075,192.72743,-10.54772,-11.02552,38.91613
158969407.18400,192.19372,35.40971,192.72712,-10.54773,-11.02215,38.93751
158969408.18400,192.32674,35.39866,192.72682,-10.54774,-11.01877,38.95709
158969409.18400,192.45977,35.38761,192.72651,-10.54775,-11.01540,38.97809
158969410.18400,192.59279,35.37657,192.72621,-10.54776,-11.01202,38.99944
158969411.18400,192.72582,35.36552,192.72591,-10.54777,-11.00865,39.01867
158969412.18400,192.85884,35.35447,192.72560,-10.54778,-11.00527,39.04013
158969413.18400,192.99187,35.34343,192.72530,-10.54779,-11.00190,39.06187
158969414.18400,193.12490,35.33238,192.72500,-10.54780,-10.99852,39.08296
158969415.18400,193.25801,35.32134,192.72470,-10.54781,-10.99455,39.10263
158969416.18400,193.39142,35.31035,192.72439,-10.54782,-10.98860,39.11578
158969417.18400,193.52483,35.29935,192.72409,-10.54783,-10.98265,39.13093
158969418.18400,193.65825,35.28836,192.72379,-10.54784,-10.97669,39.14608
158969419.18400,193.79166,35.27736,192.72349,-10.54785,-10.97074,39.16127
158969420.18400,193.92507,35.26636,192.72319,-10.54786,-10.96479,39.17601
158969421.18400,194.05848,35.25537,192.72289,-10.54787,-10.95884,39.18692
158969422.18400,194.19189,35.24437,192.72259,-10.54788,-10.95288,39.18957
158969423.18400,194.32530,35.23338,192.72229,-10.54789,-10.94693,39.17220
158969424.18400,194.45872,35.22238,192.72199,-10.54790,-10.94098,39.14771
158969425.18400,194.59213,35.21138,192.72169,-10.54791,-10.93503,39.12316
158969426.18400,194.72554,35.20039,192.72139,-10.54792,-10.92907,39.10426
158969427.18400,194.85895,35.18939,192.72109,-10.54793,-10.92312,39.17582
158969428.18400,194.99236,35.17840,192.72079,-10.54794,-10.91717,39.39389
158969429.18400,195.12578,35.16740,192.72050,-10.54795,-10.91122,39.60013
158969430.18400,195.25942,35.15642,192.72020,-10.54796,-10.90722,39.68939
158969431.18400,195.39385,35.14552,192.71991,-10.54797,-10.90981,39.74743
158969432.18400,195.52827,35.13461,192.71962,-10.54798,-10.91239,39.77968
158969433.18400,195.66270,35.12370,192.71933,-10.54799,-10.91498,39.77835
158969434.18400,195.79713,35.11280,192.71903,-10.54800,-10.91756,39.75678
158969435.18400,195.93156,35.10189,192.71874,-10.54801,-10.92015,39.73658
158969436.18400,196.06598,35.09098,192.71845,-10.54802,-10.92273,39.71873
158969437.18400,196.20041,35.08008,192.71815,-10.54803,-10.92532,39.70154
158969438.18400,196.33484,35.06917,192.71786,-10.54804,-10.92790,39.72014
158969439.18400,196.46926,35.05826,192.71757,-10.54805,-10.93049,39.79576
158969440.18400,196.60369,35.04736,192.71727,-10.54806,-10.93307,39.89015
158969441.18400,196.73812,35.03645,192.71698,-10.54807,-10.93566,39.94616
158969442.18400,196.87254,35.02554,192.71669,-10.54808,-10.93824,39.93645
158969443.18400,197.00697,35.01464,192.71640,-10.54809,-10.94082,39.89497
158969444.18400,197.14140,35.00373,192.71611,-10.54810,-10.94341,39.85552
158969445.18400,197.27566,34.99282,192.71582,-10.54812,-10.93957,39.80017
158969446.18400,197.40935,34.98187,192.71552,-10.54813,-10.91418,39.69549
158969447.18400,197.54304,34.97093,192.71523,-10.54814,-10.88880,39.66210
158969448.18400,197.67674,34.95998,192.71494,-10.54815,-10.86341,39.75045
158969449.18400,197.81043,34.94903,192.71465,-10.54816,-10.83803,39.88667
158969450.18400,197.94413,34.93809,192.71436,-10.54817,-10.81264,39.95048
158969451.18400,198.07782,34.92714,192.71407,-10.54818,-10.78726,39.89400
158969452.18400,198.21152,34.91620,192.71378,-10.54819,-10.76187,39.79157
158969453.18400,198.34521,34.90525,192.71349,-10.54820,-10.73649,39.68672
158969454.18400,198.47890,34.89431,192.71320,-10.54821,-10.71110,39.58124
158969455.18400,198.61260,34.88336,192.71291,-10.54822,-10.68572,39.48075
158969456.18400,198.74629,34.87242,192.71262,-10.54823,-10.66033,39.37514
158969457.18400,198.87999,34.86147,192.71233,-10.54824,-10.63494,39.26769
158969458.18400,199.01368,34.85053,192.71204,-10.54825,-10.60956,39.15449
158969459.18400,199.14738,34.83958,192.71175,-10.54826,-10.58417,39.06282
158969460.18400,199.28126,34.82872,192.71146,-10.54827,-10.56911,39.08892
158969461.18400,199.41577,34.81816,192.71117,-10.54828,-10.58868,39.31267
158969462.18400,199.55029,34.80759,192.71088,-10.54829,-10.60824,39.57403
158969463.18400,199.68480,34.79703,192.71060,-10.54831,-10.62780,39.84068
158969464.18400,199.81932,34.78646,192.71032,-10.54832,-10.64736,40.11122
158969465.18400,199.95383,34.77590,192.71004,-10.54833,-10.66692,40.36978
158969466.18400,200.08835,34.76534,192.70976,-10.54834,-10.68649,40.49850
158969467.18400,200.22286,34.75477,192.70948,-10.54835,-10.70605,40.42852
158969468.18400,200.35738,34.74421,192.70920,-10.54836,-10.72561,40.30734
158969469.18400,200.49189,34.73364,192.70891,-10.54837,-10.74517,40.30638
158969470.18400,200.62641,34.72308,192.70863,-10.54838,-10.76473,40.47102
158969471.18400,200.76092,34.71251,192.70835,-10.54839,-10.78430,40.61765
158969472.18400,200.89544,34.70195,192.70807,-10.54840,-10.80386,40.58723
158969473.18400,201.02995,34.69138,192.70779,-10.54841,-10.82342,40.54803
158969474.18400,201.16447,34.68082,192.70750,-10.54842,-10.84298,40.65903
158969475.18400,201.29930,34.67019,192.70722,-10.54844,-10.85364,40.81788
158969476.18400,201.43520,34.65933,192.70694,-10.54845,-10.83444,40.85083
158969477.18400,201.57109,34.64847,192.70666,-10.54846,-10.81524,40.81224
158969478.18400,201.70698,34.63761,192.70638,-10.54847,-10.79604,40.74893
158969479.18400,201.84288,34.62675,192.70610,-10.54848,-10.77684,40.67789
158969480.18400,201.97877,34.61590,192.70583,-10.54849,-10.75764,40.54056
158969481.18400,202.11467,34.60504,192.70554,-10.54850,-10.73844,40.30784
158969482.18400,202.25056,34.59418,192.70526,-10.54851,-10.71924,40.14181
158969483.18400,202.38645,34.58332,192.70498,-10.54852,-10.70004,40.14988
158969484.18400,202.52235,34.57246,192.70469,-10.54853,-10.68084,40.19771
158969485.18400,202.65824,34.56161,192.70441,-10.54854,-10.66164,40.18445
158969486.18400,202.79413,34.55075,192.70413,-10.54855,-10.64244,40.14648
158969487.18400,202.93003,34.53989,192.70385,-10.54856,-10.62324,40.11246
158969488.18400,203.06592,34.52903,192.70357,-10.54858,-10.60404,40.10798
158969489.18400,203.20182,34.51817,192.70329,-10.54859,-10.58484,40.14565
158969490.18400,203.33771,34.50738,192.70301,-10.54860,-10.57118,40.20947
158969491.18400,203.47362,34.49681,192.70273,-10.54861,-10.57609,40.32703
158969492.18400,203.60952,34.48624,192.70245,-10.54862,-10.58100,40.40400
158969493.18400,203.74543,34.47567,192.70217,-10.54863,-10.58591,40.41521
158969494.18400,203.88133,34.46510,192.70190,-10.54864,-10.59082,40.40227
158969495.18400,204.01724,34.45453,192.70162,-10.54865,-10.59573,40.39214
158969496.18400,204.15314,34.44396,192.70134,-10.54866,-10.60064,40.39723
158969497.18400,204.28905,34.43339,192.70106,-10.54867,-10.60555,40.40841
158969498.18400,204.42495,34.42282,192.70078,-10.54869,-10.61046,40.41472
158969499.18400,204.56086,34.41225,192.70051,-10.54870,-10.61537,40.42130
158969500.18400,204.69676,34.40168,192.70023,-10.54871,-10.62028,40.42974
158969501.18400,204.83266,34.39111,192.69995,-10.54872,-10.62520,40.43938
158969502.18400,204.96857,34.38054,192.69967,-10.54873,-10.63011,40.43532
158969503.18400,205.10447,34.36997,192.69939,-10.54874,-10.63502,40.40601
158969504.18400,205.24038,34.35940,192.69911,-10.54875,-10.63993,40.36872
158969505.18400,205.37649,34.34882,192.69883,-10.54876,-10.64145,40.32786
158969506.18400,205.51329,34.33817,192.69855,-10.54877,-10.63160,40.27496
158969507.18400,205.65009,34.32753,192.69827,-10.54878,-10.62176,40.24892
158969508.18400,205.78689,34.31688,192.69799,-10.54879,-10.61191,40.23291
158969509.18400,205.92370,34.30624,192.69771,-10.54881,-10.60207,40.21896
158969510.18400,206.06050,34.29560,192.69744,-10.54882,-10.59222,40.21011
158969511.18400,206.19730,34.28495,192.69716,-10.54883,-10.58238,40.23233
158969512.18400,206.33410,34.27431,192.69688,-10.54884,-10.57253,40.23939
158969513.18400,206.47090,34.26366,192.69660,-10.54885,-10.56269,40.15510
158969514.18400,206.60770,34.25302,192.69632,-10.54886,-10.55284,40.07597
158969515.18400,206.74451,34.24238,192.69604,-10.54887,-10.54300,40.08607
158969516.18400,206.88131,34.23173,192.69576,-10.54888,-10.53315,40.13514
158969517.18400,207.01811,34.22109,192.69548,-10.54889,-10.52330,40.17765
158969518.18400,207.15491,34.21044,192.69520,-10.54890,-10.51346,40.18619
158969519.18400,207.29171,34.19980,192.69492,-10.54892,-10.50361,40.13600
158969520.18400,207.42865,34.18919,192.69465,-10.54893,-10.49652,40.02952
158969521.18400,207.56605,34.17869,192.69437,-10.54894,-10.49866,39.89415
158969522.18400,207.70345,34.16820,192.69409,-10.54895,-10.50081,39.79162
158969523.18400,207.84084,34.15770,192.69380,-10.54896,-10.50295,39.77893
158969524.18400,207.97824,34.14721,192.69352,-10.54897,-10.50509,39.83307
158969525.18400,208.11564,34.13671,192.69324,-10.54898,-10.50723,39.91451
158969526.18400,208.25304,34.12621,192.69296,-10.54899,-10.50937,39.96862
158969527.18400,208.39043,34.11572,192.69268,-10.54900,-10.51152,39.99966
158969528.18400,208.52783,34.10522,192.69240,-10.54902,-10.51366,40.02920
158969529.18400,208.66523,34.09473,192.69212,-10.54903,-10.51580,40.05522
158969530.18400,208.80263,34.08423,192.69184,-10.54904,-10.51794,40.08585
158969531.18400,208.94003,34.07373,192.69157,-10.54905,-10.52008,40.11698
158969532.18400,209.07742,34.06324,192.69129,-10.54906,-10.52223,40.14511
158969533.18400,209.21482,34.05274,192.69101,-10.54907,-10.52437,40.17630
158969534.18400,209.35222,34.04225,192.69073,-10.54908,-10.52651,40.20546
158969535.18400,209.48981,34.03174,192.69045,-10.54909,-10.52680,40.22668
158969536.18400,209.62806,34.02121,192.69018,-10.54911,-10.52089,40.23683
158969537.18400,209.76630,34.01069,192.68990,-10.54912,-10.51498,40.24598
158969538.18400,209.90455,34.00016,192.68962,-10.54913,-10.50907,40.25209
158969539.18400,210.04280,33.98963,192.68934,-10.54914,-10.50316,40.26229
158969540.18400,210.18104,33.97910,192.68907,-10.54915,-10.49725,40.26995
158969541.18400,210.31929,33.96857,192.68879,-10.54916,-10.49134,40.27453
158969542.18400,210.45754,33.95805,192.68851,-10.54917,-10.48543,40.28419
158969543.18400,210.59579,33.94752,192.68824,-10.54918,-10.47952,40.29379
158969544.18400,210.73403,33.93699,192.68796,-10.54920,-10.47361,40.30005
158969545.18400,210.87228,33.92646,192.68769,-10.54921,-10.46770,40.30994
158969546.18400,211.01053,33.91593,192.68741,-10.54922,-10.46178,40.31794
158969547.18400,211.14877,33.90541,192.68714,-10.54923,-10.45587,40.32234
158969548.18400,211.28702,33.89488,192.68686,-10.54924,-10.44996,40.33214
158969549.18400,211.42527,33.88435,192.68659,-10.54925,-10.44405,40.34171
158969550.18400,211.56355,33.87384,192.68631,-10.54926,-10.43811,40.34750
158969551.18400,211.70193,33.86340,192.68604,-10.54927,-10.43208,40.35501
158969552.18400,211.84032,33.85296,192.68577,-10.54929,-10.42604,40.36519
158969553.18400,211.97871,33.84252,192.68549,-10.54930,-10.42001,40.37104
158969554.18400,212.11710,33.83208,192.68522,-10.54931,-10.41397,40.37887
158969555.18400,212.25548,33.82165,192.68494,-10.54932,-10.40794,40.38849
158969556.18400,212.39387,33.81121,192.68467,-10.54933,-10.40190,40.39406
158969557.18400,212.53226,33.80077,192.68440,-10.54934,-10.39587,40.40255
158969558.18400,212.67065,33.79033,192.68413,-10.54935,-10.38983,40.41199
158969559.18400,212.80904,33.77989,192.68385,-10.54937,-10.38380,40.41751
158969560.18400,212.94742,33.76945,192.68358,-10.54938,-10.37776,40.42572
158969561.18400,213.08581,33.75901,192.68331,-10.54939,-10.37173,40.43578
158969562.18400,213.22420,33.74857,192.68304,-10.54940,-10.36569,40.44165
158969563.18400,213.36259,33.73813,192.68277,-10.54941,-10.35965,40.44929
158969564.18400,213.50098,33.72769,192.68250,-10.54942,-10.35362,40.45912
158969565.18400,213.64017,33.71727,192.68223,-10.54943,-10.35519,40.48587
158969566.18400,213.78208,33.70692,192.68196,-10.54945,-10.38227,40.58479
158969567.18400,213.92399,33.69657,192.68168,-10.54946,-10.40935,40.68486
158969568.18400,214.06589,33.68622,192.68141,-10.54947,-10.43643,40.78070
158969569.18400,214.20780,33.67588,192.68114,-10.54948,-10.46351,40.87885
158969570.18400,214.34971,33.66553,192.68087,-10.54949,-10.49059,40.97834
158969571.18400,214.49161,33.65518,192.68061,-10.54950,-10.51767,41.07426
158969572.18400,214.63352,33.64483,192.68034,-10.54951,-10.54475,41.17226
158969573.18400,214.77543,33.63448,192.68007,-10.54953,-10.57182,41.27148
158969574.18400,214.91733,33.62413,192.67980,-10.54954,-10.59890,41.36680
158969575.18400,215.05924,33.61378,192.67953,-10.54955,-10.62598,41.46590
158969576.18400,215.20115,33.60343,192.67926,-10.54956,-10.65306,41.56344
158969577.18400,215.34305,33.59308,192.67899,-10.54957,-10.68014,41.65672
158969578.18400,215.48496,33.58273,192.67873,-10.54958,-10.70722,41.75542
158969579.18400,215.62687,33.57238,192.67846,-10.54959,-10.73430,41.85422
158969580.18400,215.76901,33.56194,192.67819,-10.54961,-10.74835,41.91421
158969581.18400,215.91195,33.55118,192.67792,-10.54962,-10.71871,41.86205
158969582.18400,216.05489,33.54043,192.67766,-10.54963,-10.68907,41.80824
158969583.18400,216.19783,33.52968,192.67739,-10.54964,-10.65942,41.75040
158969584.18400,216.34077,33.51892,192.67712,-10.54965,-10.62978,41.69721
158969585.18400,216.48371,33.50817,192.67686,-10.54966,-10.60014,41.64447
158969586.18400,216.62665,33.49741,192.67659,-10.54967,-10.57050,41.58824
158969587.18400,216.76959,33.48666,192.67633,-10.54969,-10.54085,41.53519
158969588.18400,216.91253,33.47590,192.67606,-10.54970,-10.51121,41.48035
158969589.18400,217.05547,33.46515,192.67579,-10.54971,-10.48157,41.42104
158969590.18400,217.19840,33.45439,192.67553,-10.54972,-10.45192,41.36735
158969591.18400,217.34134,33.44364,192.67527,-10.54973,-10.42228,41.31388
158969592.18400,217.48428,33.43288,192.67500,-10.54974,-10.39264,41.25537
158969593.18400,217.62722,33.42213,192.67474,-10.54976,-10.36300,41.20093
158969594.18400,217.77016,33.41137,192.67447,-10.54977,-10.33335,41.14539
158969595.18400,217.91277,33.40072,192.67421,-10.54978,-10.31099,41.11013
158969596.18400,218.05428,33.39041,192.67394,-10.54979,-10.31303,41.13719
158969597.18400,218.19578,33.38010,192.67368,-10.54980,-10.31508,41.16669
158969598.18400,218.33729,33.36979,192.67342,-10.54982,-10.31712,41.20262
158969599.18400,218.47879,33.35948,192.67316,-10.54983,-10.31917,41.22977
158969600.18400,218.62029,33.34917,192.67289,-10.54984,-10.32121,41.25880
158969601.18400,218.76180,33.33886,192.67263,-10.54985,-10.32325,41.29540
158969602.18400,218.90330,33.32855,192.67237,-10.54986,-10.32530,41.32420
158969603.18400,219.04481,33.31824,192.67211,-10.54988,-10.32734,41.35169
158969604.18400,219.18631,33.30793,192.67184,-10.54989,-10.32939,41.38729
158969605.18400,219.32782,33.29761,192.67158,-10.54990,-10.33143,41.41942
158969606.18400,219.46932,33.28730,192.67132,-10.54991,-10.33347,41.44860
158969607.18400,219.61083,33.27699,192.67106,-10.54992,-10.33552,41.47775
158969608.18400,219.75233,33.26668,192.67080,-10.54993,-10.33756,41.51162
158969609.18400,219.89384,33.25637,192.67054,-10.54995,-10.33961,41.58121
158969610.18400,220.03556,33.24605,192.67028,-10.54996,-10.33972,41.70805
158969611.18400,220.17802,33.23571,192.67002,-10.54997,-10.33335,41.83726
158969612.18400,220.32049,33.22537,192.66976,-10.54998,-10.32699,41.96370
158969613.18400,220.46295,33.21503,192.66951,-10.54999,-10.32062,42.08085
158969614.18400,220.60541,33.20469,192.66925,-10.55001,-10.31426,42.16423
158969615.18400,220.74787,33.19435,192.66900,-10.55002,-10.30789,42.22625
158969616.18400,220.89033,33.18401,192.66875,-10.55003,-10.30153,42.29638
158969617.18400,221.03279,33.17367,192.66849,-10.55004,-10.29517,42.41968
158969618.18400,221.17526,33.16332,192.66824,-10.55005,-10.28880,42.44103
158969619.18400,221.31772,33.15298,192.66799,-10.55007,-10.28244,42.35755
158969620.18400,221.46018,33.14264,192.66774,-10.55008,-10.27607,42.43398
158969621.18400,221.60264,33.13230,192.66749,-10.55009,-10.26971,42.55380
158969622.18400,221.74510,33.12196,192.66724,-10.55010,-10.26334,42.53394
158969623.18400,221.88756,33.11162,192.66699,-10.55011,-10.25698,42.45740
158969624.18400,222.03003,33.10128,192.66674,-10.55013,-10.25061,42.38780
158969625.18400,222.17233,33.09096,192.66649,-10.55014,-10.24269,42.30921
158969626.18400,222.31411,33.08071,192.66624,-10.55015,-10.22955,42.21729
158969627.18400,222.45589,33.07046,192.66599,-10.55016,-10.21641,42.14983
158969628.18400,222.59767,33.06022,192.66573,-10.55017,-10.20327,42.09075
158969629.18400,222.73945,33.04997,192.66548,-10.55018,-10.19013,42.01166
158969630.18400,222.88123,33.03973,192.66523,-10.55020,-10.17699,41.92342
158969631.18400,223.02301,33.02948,192.66498,-10.55021,-10.16385,41.83072
158969632.18400,223.16478,33.01923,192.66472,-10.55022,-10.15071,41.64907
158969633.18400,223.30656,33.00899,192.66447,-10.55023,-10.13757,41.35308
158969634.18400,223.44834,32.99874,192.66421,-10.55024,-10.12443,41.16910
158969635.18400,223.59012,32.98850,192.66395,-10.55026,-10.11128,41.23209
158969636.18400,223.73190,32.97825,192.66369,-10.55027,-10.09814,41.32612
158969637.18400,223.87368,32.96800,192.66344,-10.55028,-10.08500,41.29261
158969638.18400,224.01546,32.95776,192.66318,-10.55029,-10.07186,41.20025
158969639.18400,224.15724,32.94751,192.66292,-10.55030,-10.05872,41.10812
158969640.18400,224.29896,32.93731,192.66267,-10.55032,-10.04829,41.03116
158969641.18400,224.44048,32.92726,192.66241,-10.55033,-10.04693,40.97429
158969642.18400,224.58200,32.91721,192.66215,-10.55034,-10.04557,40.93424
158969643.18400,224.72352,32.90717,192.66189,-10.55035,-10.04421,40.93940
158969644.18400,224.86504,32.89712,192.66163,-10.55036,-10.04285,40.95105
158969645.18400,225.00656,32.88707,192.66137,-10.55037,-10.04149,40.93671
158969646.18400,225.14808,32.87702,192.66112,-10.55039,-10.04013,40.89372
158969647.18400,225.28960,32.86697,192.66086,-10.55040,-10.03877,40.85620
158969648.18400,225.43112,32.85692,192.66060,-10.55041,-10.03741,40.84244
158969649.18400,225.57264,32.84687,192.66034,-10.55042,-10.03605,40.81866
158969650.18400,225.71416,32.83683,192.66008,-10.55043,-10.03469,40.79049
158969651.18400,225.85568,32.82678,192.65982,-10.55045,-10.03333,40.81328
158969652.18400,225.99720,32.81673,192.65956,-10.55046,-10.03197,40.91238
158969653.18400,226.13872,32.80668,192.65930,-10.55047,-10.03061,40.97338
158969654.18400,226.28024,32.79663,192.65904,-10.55048,-10.02925,40.96614
158969655.18400,226.42227,32.78659,192.65879,-10.55049,-10.03044,40.99425
158969656.18400,226.56600,32.77656,192.65853,-10.55050,-10.04019,41.08404
158969657.18400,226.70972,32.76653,192.65827,-10.55052,-10.04995,41.27283
158969658.18400,226.85345,32.75650,192.65802,-10.55053,-10.05970,41.35239
158969659.18400,226.99717,32.74647,192.65776,-10.55054,-10.06945,41.04479
158969660.18400,227.14090,32.73645,192.65750,-10.55055,-10.07920,40.65293
158969661.18400,227.28463,32.72642,192.65724,-10.55057,-10.08896,40.58405
158969662.18400,227.42835,32.71639,192.65698,-10.55058,-10.09871,40.87073
158969663.18400,227.57208,32.70636,192.65672,-10.55059,-10.10846,41.28726
158969664.18400,227.71581,32.69633,192.65646,-10.55060,-10.11821,41.70515
158969665.18400,227.85953,32.68631,192.65621,-10.55061,-10.12797,42.12696
158969666.18400,228.00326,32.67628,192.65596,-10.55063,-10.13772,42.37073
158969667.18400,228.14699,32.66625,192.65571,-10.55064,-10.14747,42.32318
158969668.18400,228.29071,32.65622,192.65546,-10.55065,-10.15722,42.21266
158969669.18400,228.43444,32.64619,192.65521,-10.55066,-10.16698,42.19837
158969670.18400,228.57848,32.63613,192.65496,-10.55067,-10.17217,42.20680
158969671.18400,228.72356,32.62596,192.65471,-10.55069,-10.16210,42.17184
158969672.18400,228.86864,32.61578,192.65446,-10.55070,-10.15202,42.13685
158969673.18400,229.01372,32.60561,192.65421,-10.55071,-10.14194,42.10289
158969674.18400,229.15881,32.59543,192.65396,-10.55072,-10.13186,42.13831
158969675.18400,229.30389,32.58526,192.65371,-10.55074,-10.12178,42.27327
158969676.18400,229.44897,32.57508,192.65346,-10.55075,-10.11170,42.45640
158969677.18400,229.59405,32.56491,192.65322,-10.55076,-10.10162,42.64177
158969678.18400,229.73914,32.55474,192.65297,-10.55077,-10.09155,42.83267
158969679.18400,229.88422,32.54456,192.65273,-10.55079,-10.08147,43.17435
158969680.18400,230.02930,32.53439,192.65249,-10.55080,-10.07139,43.44315
158969681.18400,230.17438,32.52421,192.65226,-10.55081,-10.06131,43.29950
158969682.18400,230.31947,32.51404,192.65202,-10.55082,-10.05123,42.95274
158969683.18400,230.46455,32.50386,192.65178,-10.55083,-10.04115,42.65705
158969684.18400,230.60963,32.49369,192.65153,-10.55085,-10.03107,42.44242
158969685.18400,230.75480,32.48355,192.65129,-10.55086,-10.02369,42.26517
158969686.18400,230.90025,32.47352,192.65104,-10.55087,-10.02532,42.11903
158969687.18400,231.04571,32.46350,192.65079,-10.55088,-10.02696,41.97376
158969688.18400,231.19116,32.45348,192.65054,-10.55090,-10.02860,41.88675
158969689.18400,231.33662,32.44345,192.65029,-10.55091,-10.03024,41.89982
158969690.18400,231.48207,32.43343,192.65004,-10.55092,-10.03188,41.95529
158969691.18400,231.62752,32.42341,192.64979,-10.55093,-10.03351,42.00423
158969692.18400,231.77298,32.41338,192.64954,-10.55095,-10.03515,42.05016
158969693.18400,231.91843,32.40336,192.64930,-10.55096,-10.03679,42.10183
158969694.18400,232.06389,32.39334,192.64905,-10.55097,-10.03843,42.15709
158969695.18400,232.20934,32.38331,192.64880,-10.55098,-10.04007,42.20676
158969696.18400,232.35480,32.37329,192.64855,-10.55099,-10.04170,42.25010
158969697.18400,232.50025,32.36327,192.64831,-10.55101,-10.04334,42.25714
158969698.18400,232.64571,32.35324,192.64806,-10.55102,-10.04498,42.28014
158969699.18400,232.79116,32.34322,192.64782,-10.55103,-10.04662,42.43876
158969700.18400,232.93716,32.33319,192.64757,-10.55104,-10.04991,42.61199
158969701.18400,233.08501,32.32314,192.64733,-10.55106,-10.05874,42.68861
158969702.18400,233.23285,32.31310,192.64708,-10.55107,-10.06758,42.72959
158969703.18400,233.38069,32.30305,192.64684,-10.55108,-10.07641,42.76757
158969704.18400,233.52853,32.29300,192.64660,-10.55109,-10.08525,42.71960
158969705.18400,233.67638,32.28296,192.64635,-10.55111,-10.09408,42.53590
158969706.18400,233.82422,32.27291,192.64611,-10.55112,-10.10291,42.39228
158969707.18400,233.97206,32.26286,192.64586,-10.55113,-10.11175,42.38682
158969708.18400,234.11990,32.25281,192.64561,-10.55114,-10.12058,42.43405
158969709.18400,234.26775,32.24277,192.64536,-10.55115,-10.12942,42.48902
158969710.18400,234.41559,32.23272,192.64512,-10.55117,-10.13825,42.54248
158969711.18400,234.56343,32.22267,192.64487,-10.55118,-10.14708,42.59636
158969712.18400,234.71127,32.21262,192.64463,-10.55119,-10.15592,42.64496
158969713.18400,234.85912,32.20258,192.64438,-10.55120,-10.16475,42.69767
158969714.18400,235.00696,32.19253,192.64413,-10.55122,-10.17359,42.75162
158969715.18400,235.15505,32.18245,192.64389,-10.55123,-10.17776,42.78751
158969716.18400,235.30396,32.17227,192.64364,-10.55124,-10.16631,42.78444
158969717.18400,235.45287,32.16209,192.64340,-10.55125,-10.15486,42.78001
158969718.18400,235.60178,32.15191,192.64315,-10.55127,-10.14341,42.77202
158969719.18400,235.75070,32.14173,192.64291,-10.55128,-10.13196,42.76867
158969720.18400,235.89961,32.13155,192.64266,-10.55129,-10.12051,42.76415
158969721.18400,236.04852,32.12137,192.64242,-10.55130,-10.10906,42.76134
158969722.18400,236.19743,32.11119,192.64218,-10.55132,-10.09761,42.75809
158969723.18400,236.34634,32.10101,192.64193,-10.55133,-10.08615,42.74908
158969724.18400,236.49526,32.09083,192.64169,-10.55134,-10.07470,42.74628
158969725.18400,236.64417,32.08064,192.64144,-10.55135,-10.06325,42.74300
158969726.18400,236.79308,32.07046,192.64120,-10.55137,-10.05180,42.73404
158969727.18400,236.94199,32.06028,192.64096,-10.55138,-10.04035,42.73112
158969728.18400,237.09091,32.05010,192.64072,-10.55139,-10.02890,42.72800
158969729.18400,237.23982,32.03992,192.64047,-10.55140,-10.01745,42.71999
158969730.18400,237.38829,32.02978,192.64023,-10.55142,-10.00450,42.71251
158969731.18400,237.53527,32.01977,192.63999,-10.55143,-9.98653,42.68921
158969732.18400,237.68226,32.00976,192.63975,-10.55144,-9.96856,42.66246
158969733.18400,237.82924,31.99976,192.63951,-10.55145,-9.95059,42.64107
158969734.18400,237.97622,31.98975,192.63927,-10.55147,-9.93262,42.61816
158969735.18400,238.12321,31.97974,192.63903,-10.55148,-9.91465,42.59534
158969736.18400,238.27019,31.96973,192.63878,-10.55149,-9.89668,42.57318
158969737.18400,238.41718,31.95972,192.63854,-10.55150,-9.87871,42.54594
158969738.18400,238.56416,31.94971,192.63830,-10.55152,-9.86074,42.51874
158969739.18400,238.71115,31.93970,192.63806,-10.55153,-9.84277,42.49582
158969740.18400,238.85813,31.92969,192.63782,-10.55154,-9.82480,42.47814
158969741.18400,239.00512,31.91969,192.63759,-10.55155,-9.80682,42.45012
158969742.18400,239.15210,31.90968,192.63735,-10.55157,-9.78885,42.42224
158969743.18400,239.29909,31.89967,192.63711,-10.55158,-9.77088,42.40409
158969744.18400,239.44607,31.88966,192.63687,-10.55159,-9.75291,42.37525
158969745.18400,239.59291,31.87971,192.63663,-10.55160,-9.73929,42.36020
158969746.18400,239.73929,31.86997,192.63639,-10.55162,-9.74027,42.39808
158969747.18400,239.88566,31.86024,192.63615,-10.55163,-9.74124,42.43061
158969748.18400,240.03203,31.85050,192.63592,-10.55164,-9.74221,42.45750
158969749.18400,240.17841,31.84076,192.63568,-10.55166,-9.74318,42.48560
158969750.18400,240.32478,31.83102,192.63544,-10.55167,-9.74416,42.51853
158969751.18400,240.47115,31.82128,192.63520,-10.55168,-9.74513,42.55029
158969752.18400,240.61752,31.81154,192.63497,-10.55169,-9.74610,42.58328
158969753.18400,240.76390,31.80180,192.63473,-10.55171,-9.74707,42.61631
158969754.18400,240.91027,31.79207,192.63449,-10.55172,-9.74805,42.64395
158969755.18400,241.05664,31.78233,192.63426,-10.55173,-9.74902,42.67764
158969756.18400,241.20302,31.77259,192.63402,-10.55174,-9.74999,42.70949
158969757.18400,241.34939,31.76285,192.63379,-10.55176,-9.75097,42.73607
158969758.18400,241.49576,31.75311,192.63355,-10.55177,-9.75194,42.76987
158969759.18400,241.64213,31.74337,192.63332,-10.55178,-9.75291,42.80309
158969760.18400,241.78878,31.73363,192.63308,-10.55180,-9.75329,42.82914
158969761.18400,241.93635,31.72388,192.63285,-10.55181,-9.75166,42.85540
158969762.18400,242.08391,31.71412,192.63261,-10.55182,-9.75003,42.87989
158969763.18400,242.23147,31.70437,192.63238,-10.55183,-9.74840,42.90500
158969764.18400,242.37904,31.69461,192.63214,-10.55185,-9.74677,42.93137
158969765.18400,242.52660,31.68486,192.63191,-10.55186,-9.74514,42.95076
158969766.18400,242.67417,31.67511,192.63168,-10.55187,-9.74351,42.97140
158969767.18400,242.82173,31.66535,192.63144,-10.55188,-9.74188,42.99725
158969768.18400,242.96929,31.65560,192.63121,-10.55190,-9.74025,43.02802
158969769.18400,243.11686,31.64584,192.63098,-10.55191,-9.73862,43.04904
158969770.18400,243.26442,31.63609,192.63074,-10.55192,-9.73699,43.06886
158969771.18400,243.41199,31.62634,192.63051,-10.55194,-9.73536,43.09906
158969772.18400,243.55955,31.61658,192.63028,-10.55195,-9.73373,43.12023
158969773.18400,243.70711,31.60683,192.63005,-10.55196,-9.73210,43.14565
158969774.18400,243.85468,31.59707,192.62982,-10.55197,-9.73047,43.17173
158969775.18400,244.00262,31.58733,192.62958,-10.55199,-9.73037,43.19742
158969776.18400,244.15181,31.57760,192.62935,-10.55200,-9.73543,43.24156
158969777.18400,244.30101,31.56787,192.62912,-10.55201,-9.74049,43.28212
158969778.18400,244.45021,31.55814,192.62889,-10.55202,-9.74555,43.32764
158969779.18400,244.59941,31.54841,192.62866,-10.55204,-9.75062,43.37811
158969780.18400,244.74860,31.53868,192.62843,-10.55205,-9.75568,43.41746
158969781.18400,244.89780,31.52895,192.62820,-10.55206,-9.76074,43.45755
158969782.18400,245.04700,31.51922,192.62797,-10.55208,-9.76580,43.50475
158969783.18400,245.19620,31.50949,192.62774,-10.55209,-9.77086,43.55037
158969784.18400,245.34539,31.49976,192.62751,-10.55210,-9.77592,43.59514
158969785.18400,245.49459,31.49003,192.62728,-10.55212,-9.78098,43.63532
158969786.18400,245.64379,31.48030,192.62705,-10.55213,-9.78604,43.68076
158969787.18400,245.79299,31.47057,192.62682,-10.55214,-9.79110,43.72770
158969788.18400,245.94218,31.46084,192.62660,-10.55215,-9.79616,43.77323
158969789.18400,246.09138,31.45111,192.62637,-10.55217,-9.80122,43.81350
158969790.18400,246.24067,31.44137,192.62614,-10.55218,-9.80217,43.84892
158969791.18400,246.39025,31.43156,192.62591,-10.55219,-9.78933,43.84058
158969792.18400,246.53982,31.42176,192.62568,-10.55221,-9.77649,43.82824
158969793.18400,246.68940,31.41195,192.62546,-10.55222,-9.76365,43.82433
158969794.18400,246.83898,31.40215,192.62523,-10.55223,-9.75081,43.81753
158969795.18400,246.98856,31.39234,192.62500,-10.55225,-9.73796,43.80978
158969796.18400,247.13814,31.38254,192.62478,-10.55226,-9.72512,43.79797
158969797.18400,247.28772,31.37274,192.62455,-10.55227,-9.71228,43.79211
158969798.18400,247.43730,31.36293,192.62433,-10.55228,-9.69944,43.78524
158969799.18400,247.58688,31.35313,192.62410,-10.55230,-9.68660,43.77362
158969800.18400,247.73645,31.34332,192.62387,-10.55231,-9.67376,43.76741
158969801.18400,247.88603,31.33352,192.62365,-10.55232,-9.66092,43.76022
158969802.18400,248.03561,31.32371,192.62342,-10.55234,-9.64807,43.74883
158969803.18400,248.18519,31.31391,192.62320,-10.55235,-9.63523,43.74219
158969804.18400,248.33477,31.30410,192.62297,-10.55236,-9.62239,43.73460
158969805.18400,248.48459,31.29434,192.62275,-10.55238,-9.61486,43.74409
158969806.18400,248.63522,31.28473,192.62253,-10.55239,-9.62515,43.80717
158969807.18400,248.78586,31.27512,192.62230,-10.55240,-9.63543,43.86234
158969808.18400,248.93649,31.26550,192.62208,-10.55241,-9.64571,43.92452
158969809.18400,249.08713,31.25589,192.62185,-10.55243,-9.65600,43.98666
158969810.18400,249.23776,31.24628,192.62163,-10.55244,-9.66628,44.04306
158969811.18400,249.38839,31.23667,192.62141,-10.55245,-9.67657,44.10560
158969812.18400,249.53903,31.22705,192.62119,-10.55247,-9.68685,44.16751
158969813.18400,249.68966,31.21744,192.62096,-10.55248,-9.69713,44.22429
158969814.18400,249.84029,31.20783,192.62074,-10.55249,-9.70742,44.28620
158969815.18400,249.99093,31.19822,192.62052,-10.55251,-9.71770,44.34876
158969816.18400,250.14156,31.18860,192.62030,-10.55252,-9.72799,44.40618
158969817.18400,250.29219,31.17899,192.62008,-10.55253,-9.73827,44.46811
158969818.18400,250.44283,31.16938,192.61985,-10.55255,-9.74855,44.52939
158969819.18400,250.59346,31.15976,192.61963,-10.55256,-9.75884,44.59262
158969820.18400,250.74415,31.15012,192.61941,-10.55257,-9.76231,44.63522
158969821.18400,250.89502,31.14035,192.61919,-10.55259,-9.74294,44.60495
158969822.18400,251.04590,31.13058,192.61897,-10.55260,-9.72356,44.57978
158969823.18400,251.19677,31.12082,192.61875,-10.55261,-9.70419,44.55387
158969824.18400,251.34764,31.11105,192.61853,-10.55263,-9.68482,44.51815
158969825.18400,251.49851,31.10128,192.61831,-10.55264,-9.66545,44.48623
158969826.18400,251.64939,31.09152,192.61809,-10.55265,-9.64607,44.46917
158969827.18400,251.80026,31.08175,192.61787,-10.55266,-9.62670,44.48012
158969828.18400,251.95113,31.07198,192.61765,-10.55268,-9.60733,44.51956
158969829.18400,252.10200,31.06222,192.61744,-10.55269,-9.58796,44.55282
158969830.18400,252.25288,31.05245,192.61722,-10.55270,-9.56858,44.57381
158969831.18400,252.40375,31.04268,192.61700,-10.55272,-9.54921,44.60816
158969832.18400,252.55462,31.03292,192.61679,-10.55273,-9.52984,44.64226
158969833.18400,252.70549,31.02315,192.61657,-10.55274,-9.51047,44.66923
158969834.18400,252.85637,31.01338,192.61636,-10.55276,-9.49109,44.70137
158969835.18400,253.00714,31.00368,192.61614,-10.55277,-9.47729,44.65807
158969836.18400,253.15756,30.99421,192.61593,-10.55278,-9.48216,44.52824
158969837.18400,253.30798,30.98473,192.61571,-10.55280,-9.48704,44.34815
158969838.18400,253.45840,30.97525,192.61550,-10.55281,-9.49191,44.26677
158969839.18400,253.60882,30.96578,192.61528,-10.55282,-9.49679,44.35977
158969840.18400,253.75925,30.95630,192.61506,-10.55284,-9.50166,44.52038
158969841.18400,253.90967,30.94682,192.61485,-10.55285,-9.50654,44.68107
158969842.18400,254.06009,30.93735,192.61463,-10.55286,-9.51141,44.83473
158969843.18400,254.21051,30.92787,192.61442,-10.55288,-9.51629,44.99016
158969844.18400,254.36093,30.91839,192.61421,-10.55289,-9.52116,45.15279
158969845.18400,254.51136,30.90892,192.61400,-10.55291,-9.52604,45.31031
158969846.18400,254.66178,30.89944,192.61379,-10.55292,-9.53091,45.46852
158969847.18400,254.81220,30.88996,192.61358,-10.55293,-9.53579,45.40364
158969848.18400,254.96262,30.88049,192.61337,-10.55295,-9.54066,44.99892
158969849.18400,255.11304,30.87101,192.61315,-10.55296,-9.54554,44.84334
158969850.18400,255.26386,30.86152,192.61294,-10.55297,-9.54899,45.03457
158969851.18400,255.41602,30.85197,192.61273,-10.55299,-9.54768,45.04439
158969852.18400,255.56818,30.84242,192.61251,-10.55300,-9.54638,44.91508
158969853.18400,255.72034,30.83287,192.61230,-10.55301,-9.54507,44.81820
158969854.18400,255.87249,30.82332,192.61209,-10.55303,-9.54376,44.74042
158969855.18400,256.02465,30.81377,192.61187,-10.55304,-9.54245,44.65774
158969856.18400,256.17681,30.80422,192.61165,-10.55305,-9.54115,44.56846
158969857.18400,256.32896,30.79467,192.61144,-10.55307,-9.53984,44.49963
158969858.18400,256.48112,30.78512,192.61122,-10.55308,-9.53853,44.47015
158969859.18400,256.63328,30.77557,192.61100,-10.55309,-9.53722,44.44046
158969860.18400,256.78543,30.76602,192.61079,-10.55311,-9.53592,44.40535
158969861.18400,256.93759,30.75647,192.61057,-10.55312,-9.53461,44.44554
158969862.18400,257.08975,30.74692,192.61035,-10.55314,-9.53330,44.58406
158969863.18400,257.24191,30.73738,192.61014,-10.55315,-9.53199,44.80775
158969864.18400,257.39406,30.72783,192.60992,-10.55316,-9.53069,45.03505
158969865.18400,257.54620,30.71828,192.60971,-10.55318,-9.52721,45.16738
158969866.18400,257.69828,30.70875,192.60950,-10.55319,-9.51646,45.19322
158969867.18400,257.85035,30.69922,192.60929,-10.55320,-9.50571,45.16680
158969868.18400,258.00242,30.68969,192.60908,-10.55322,-9.49495,45.12146
158969869.18400,258.15450,30.68016,192.60887,-10.55323,-9.48420,45.06320
158969870.18400,258.30657,30.67063,192.60866,-10.55324,-9.47345,45.01699
158969871.18400,258.45865,30.66111,192.60845,-10.55326,-9.46270,44.92685
158969872.18400,258.61072,30.65158,192.60823,-10.55327,-9.45195,44.77142
158969873.18400,258.76280,30.64205,192.60802,-10.55328,-9.44119,44.59280
158969874.18400,258.91487,30.63252,192.60781,-10.55330,-9.43044,44.40853
158969875.18400,259.06694,30.62299,192.60759,-10.55331,-9.41969,44.27989
158969876.18400,259.21902,30.61346,192.60738,-10.55332,-9.40894,44.22901
158969877.18400,259.37109,30.60393,192.60716,-10.55334,-9.39819,44.21555
158969878.18400,259.52317,30.59440,192.60694,-10.55335,-9.38743,44.20381
158969879.18400,259.67524,30.58487,192.60673,-10.55336,-9.37668,44.18434
158969880.18400,259.82751,30.57538,192.60651,-10.55338,-9.36982,44.17673
158969881.18400,259.98042,30.56601,192.60630,-10.55339,-9.37601,44.21562
158969882.18400,260.13333,30.55664,192.60608,-10.55340,-9.38220,44.24746
158969883.18400,260.28624,30.54727,192.60587,-10.55342,-9.38839,44.27971
158969884.18400,260.43915,30.53790,192.60565,-10.55343,-9.39458,44.31903
158969885.18400,260.59206,30.52853,192.60544,-10.55344,-9.40076,44.35128
158969886.18400,260.74497,30.51917,192.60522,-10.55346,-9.40695,44.38951
158969887.18400,260.89788,30.50980,192.60501,-10.55347,-9.41314,44.42199
158969888.18400,261.05079,30.50043,192.60480,-10.55349,-9.41933,44.45423
158969889.18400,261.20370,30.49106,192.60458,-10.55350,-9.42552,44.49355
158969890.18400,261.35661,30.48169,192.60437,-10.55351,-9.43171,44.52578
158969891.18400,261.50951,30.47232,192.60415,-10.55353,-9.43790,44.56400
158969892.18400,261.66242,30.46295,192.60394,-10.55354,-9.44409,44.59645
158969893.18400,261.81533,30.45359,192.60373,-10.55355,-9.45027,44.62867
158969894.18400,261.96824,30.44422,192.60351,-10.55357,-9.45646,44.66799
158969895.18400,262.12135,30.43483,192.60330,-10.55358,-9.45890,44.68884
158969896.18400,262.27509,30.42537,192.60308,-10.55359,-9.44875,44.67709
158969897.18400,262.42884,30.41590,192.60287,-10.55361,-9.43860,44.65962
158969898.18400,262.58258,30.40644,192.60266,-10.55362,-9.42845,44.64185
158969899.18400,262.73633,30.39698,192.60245,-10.55363,-9.41830,44.63051
158969900.18400,262.89007,30.38752,192.60223,-10.55365,-9.40815,44.61313
158969901.18400,263.04382,30.37806,192.60202,-10.55366,-9.39800,44.60198
158969902.18400,263.19756,30.36860,192.60181,-10.55367,-9.38785,44.58521
158969903.18400,263.35131,30.35914,192.60159,-10.55369,-9.37770,44.56815
158969904.18400,263.50505,30.34967,192.60138,-10.55370,-9.36755,44.55630
158969905.18400,263.65880,30.34021,192.60117,-10.55371,-9.35740,44.53883
158969906.18400,263.81255,30.33075,192.60096,-10.55373,-9.34725,44.52796
158969907.18400,263.96629,30.32129,192.60075,-10.55374,-9.33710,44.51107
158969908.18400,264.12004,30.31183,192.60053,-10.55376,-9.32695,44.49393
158969909.18400,264.27378,30.30237,192.60032,-10.55377,-9.31680,44.48192
158969910.18400,264.42832,30.29294,192.60011,-10.55378,-9.31535,44.49104
158969911.18400,264.58554,30.28363,192.59990,-10.55380,-9.34308,44.59045
158969912.18400,264.74275,30.27432,192.59969,-10.55381,-9.37082,44.69569
158969913.18400,264.89996,30.26502,192.59948,-10.55382,-9.39855,44.79975
158969914.18400,265.05718,30.25571,192.59926,-10.55384,-9.42629,44.89804
158969915.18400,265.21439,30.24640,192.59905,-10.55385,-9.45402,44.99654
158969916.18400,265.37160,30.23709,192.59884,-10.55386,-9.48175,45.09385
158969917.18400,265.52881,30.22778,192.59863,-10.55388,-9.50949,45.19832
158969918.18400,265.68603,30.21847,192.59842,-10.55389,-9.53722,45.29651
158969919.18400,265.84324,30.20916,192.59821,-10.55391,-9.56496,45.39378
158969920.18400,266.00045,30.19986,192.59800,-10.55392,-9.59269,45.49687
158969921.18400,266.15767,30.19055,192.59779,-10.55393,-9.62042,45.59892
158969922.18400,266.31488,30.18124,192.59758,-10.55395,-9.64816,45.69481
158969923.18400,266.47209,30.17193,192.59737,-10.55396,-9.67589,45.79091
158969924.18400,266.62931,30.16262,192.59716,-10.55397,-9.70363,45.89266
158969925.18400,266.78674,30.15322,192.59695,-10.55399,-9.71805,45.94884
158969926.18400,266.94490,30.14349,192.59674,-10.55400,-9.68786,45.87303
158969927.18400,267.10306,30.13377,192.59653,-10.55401,-9.65767,45.80419
158969928.18400,267.26121,30.12404,192.59632,-10.55403,-9.62748,45.73500
158969929.18400,267.41937,30.11432,192.59611,-10.55404,-9.59729,45.65877
158969930.18400,267.57753,30.10459,192.59590,-10.55405,-9.56709,45.58226
158969931.18400,267.73569,30.09487,192.59569,-10.55407,-9.53690,45.50495
158969932.18400,267.89385,30.08514,192.59548,-10.55408,-9.50671,45.42746
158969933.18400,268.05201,30.07542,192.59527,-10.55410,-9.47652,45.35645
158969934.18400,268.21017,30.06569,192.59506,-10.55411,-9.44633,45.28563
158969935.18400,268.36833,30.05597,192.59486,-10.55412,-9.41613,45.20722
158969936.18400,268.52649,30.04624,192.59465,-10.55414,-9.38594,45.12900
158969937.18400,268.68465,30.03652,192.59444,-10.55415,-9.35575,45.05732
158969938.18400,268.84281,30.02680,192.59423,-10.55417,-9.32556,44.98489
158969939.18400,269.00097,30.01707,192.59402,-10.55418,-9.29537,44.89947
158969940.18400,269.15851,30.00745,192.59381,-10.55419,-9.27178,44.84729
158969941.18400,269.31397,29.99818,192.59361,-10.55421,-9.27033,44.86276
158969942.18400,269.46943,29.98890,192.59340,-10.55422,-9.26889,44.86530
158969943.18400,269.62490,29.97963,192.59319,-10.55423,-9.26744,44.88178
158969944.18400,269.78036,29.97036,192.59298,-10.55425,-9.26600,44.89844
158969945.18400,269.93582,29.96109,192.59277,-10.55426,-9.26455,44.90782
158969946.18400,270.09128,29.95181,192.59257,-10.55428,-9.26311,44.91767
158969947.18400,270.24674,29.94254,192.59236,-10.55429,-9.26166,44.93441
158969948.18400,270.40220,29.93327,192.59215,-10.55430,-9.26022,44.94381
158969949.18400,270.55766,29.92400,192.59195,-10.55432,-9.25877,44.95416
158969950.18400,270.71313,29.91472,192.59174,-10.55433,-9.25732,44.96977
158969951.18400,270.86859,29.90545,192.59153,-10.55434,-9.25588,44.98609
158969952.18400,271.02405,29.89618,192.59133,-10.55436,-9.25443,44.99621
158969953.18400,271.17951,29.88691,192.59112,-10.55437,-9.25299,45.00564
158969954.18400,271.33497,29.87763,192.59091,-10.55439,-9.25154,45.01555
158969955.18400,271.49062,29.86837,192.59071,-10.55440,-9.24998,45.03038
158969956.18400,271.64687,29.85912,192.59050,-10.55441,-9.24802,45.04469
158969957.18400,271.80313,29.84987,192.59029,-10.55443,-9.24606,45.04586
158969958.18400,271.95939,29.84062,192.59009,-10.55444,-9.24411,45.06019
158969959.18400,272.11565,29.83137,192.58988,-10.55445,-9.24215,45.07382
158969960.18400,272.27191,29.82212,192.58968,-10.55447,-9.24019,45.08172
158969961.18400,272.42816,29.81287,192.58947,-10.55448,-9.23823,45.09031
158969962.18400,272.58442,29.80362,192.58926,-10.55450,-9.23627,45.09822
158969963.18400,272.74068,29.79437,192.58906,-10.55451,-9.23432,45.11237
158969964.18400,272.89694,29.78512,192.58885,-10.55452,-9.23236,45.12675
158969965.18400,273.05320,29.77587,192.58865,-10.55454,-9.23040,45.13538
158969966.18400,273.20945,29.76662,192.58844,-10.55455,-9.22844,45.14261
158969967.18400,273.36571,29.75737,192.58824,-10.55456,-9.22648,45.15702
158969968.18400,273.52197,29.74812,192.58803,-10.55458,-9.22453,45.16517
158969969.18400,273.67823,29.73887,192.58783,-10.55459,-9.22257,45.17193
158969970.18400,273.83489,29.72962,192.58763,-10.55461,-9.22249,45.19220
158969971.18400,273.99292,29.72040,192.58742,-10.55462,-9.22871,45.17748
158969972.18400,274.15096,29.71118,192.58722,-10.55464,-9.23493,45.28803
158969973.18400,274.30899,29.70196,192.58701,-10.55465,-9.24115,45.38295
158969974.18400,274.46702,29.69274,192.58681,-10.55466,-9.24737,45.29698
158969975.18400,274.62505,29.68352,192.58660,-10.55468,-9.25359,45.33868
158969976.18400,274.78308,29.67429,192.58640,-10.55469,-9.25981,45.49100
158969977.18400,274.94111,29.66507,192.58620,-10.55471,-9.26603,45.58689
158969978.18400,275.09914,29.65585,192.58600,-10.55472,-9.27225,45.59969
158969979.18400,275.25717,29.64663,192.58579,-10.55473,-9.27847,45.57684
158969980.18400,275.41520,29.63741,192.58559,-10.55475,-9.28469,45.55355
158969981.18400,275.57323,29.62819,192.58539,-10.55476,-9.29091,45.53780
158969982.18400,275.73126,29.61897,192.58518,-10.55478,-9.29713,45.52213
158969983.18400,275.88929,29.60974,192.58498,-10.55479,-9.30335,45.51338
158969984.18400,276.04732,29.60052,192.58477,-10.55480,-9.30957,45.58907
158969985.18400,276.20582,29.59128,192.58457,-10.55482,-9.31433,45.73664
158969986.18400,276.36589,29.58197,192.58437,-10.55483,-9.31422,45.89099
158969987.18400,276.52596,29.57265,192.58417,-10.55485,-9.31411,46.05377
158969988.18400,276.68603,29.56334,192.58397,-10.55486,-9.31400,46.21568
158969989.18400,276.84610,29.55402,192.58377,-10.55487,-9.31389,46.27284
158969990.18400,277.00616,29.54471,192.58357,-10.55489,-9.31378,46.28693
158969991.18400,277.16623,29.53540,192.58337,-10.55490,-9.31367,46.42236
158969992.18400,277.32630,29.52608,192.58318,-10.55492,-9.31356,46.61700
158969993.18400,277.48637,29.51677,192.58298,-10.55493,-9.31345,46.81290
158969994.18400,277.64644,29.50745,192.58278,-10.55495,-9.31334,47.00932
158969995.18400,277.80651,29.49814,192.58259,-10.55496,-9.31323,47.20774
158969996.18400,277.96658,29.48883,192.58240,-10.55497,-9.31312,47.28954
158969997.18400,278.12664,29.47951,192.58221,-10.55499,-9.31301,47.19398
158969998.18400,278.28671,29.47020,192.58202,-10.55500,-9.31290,47.03993
158969999.18400,278.44678,29.46088,192.58182,-10.55502,-9.31279,46.87860
158970000.18400,278.60657,29.45157,192.58163,-10.55503,-9.30838,46.74052
158970001.18400,278.76539,29.44226,192.58143,-10.55505,-9.28955,46.62392
158970002.18400,278.92422,29.43295,192.58123,-10.55506,-9.27073,46.52313
158970003.18400,279.08305,29.42363,192.58104,-10.55507,-9.25190,46.42232
158970004.18400,279.24187,29.41432,192.58084,-10.55509,-9.23307,46.32723
158970005.18400,279.40070,29.40501,192.58064,-10.55510,-9.21425,46.22555
158970006.18400,279.55953,29.39569,192.58045,-10.55512,-9.19542,46.14490
158970007.18400,279.71835,29.38638,192.58025,-10.55513,-9.17660,46.10006
158970008.18400,279.87718,29.37707,192.58005,-10.55515,-9.15777,46.06360
158970009.18400,280.03601,29.36776,192.57986,-10.55516,-9.13895,46.01926
158970010.18400,280.19483,29.35844,192.57966,-10.55518,-9.12012,45.91840
158970011.18400,280.35366,29.34913,192.57946,-10.55519,-9.10130,45.73750
158970012.18400,280.51249,29.33982,192.57926,-10.55520,-9.08247,45.64025
158970013.18400,280.67131,29.33051,192.57907,-10.55522,-9.06365,45.65210
158970014.18400,280.83014,29.32119,192.57887,-10.55523,-9.04482,45.52358
158970015.18400,280.98896,29.31195,192.57867,-10.55525,-9.03240,45.33452
158970016.18400,281.14776,29.30291,192.57847,-10.55526,-9.04148,45.31832
158970017.18400,281.30656,29.29388,192.57827,-10.55528,-9.05056,45.36793
158970018.18400,281.46536,29.28485,192.57807,-10.55529,-9.05963,45.41818
158970019.18400,281.62416,29.27582,192.57787,-10.55530,-9.06871,45.48989
158970020.18400,281.78295,29.26679,192.57767,-10.55532,-9.07779,45.61120
158970021.18400,281.94175,29.25776,192.57747,-10.55533,-9.08686,45.71898
158970022.18400,282.10055,29.24873,192.57728,-10.55535,-9.09594,45.78442
158970023.18400,282.25935,29.23970,192.57708,-10.55536,-9.10502,45.83472
158970024.18400,282.41815,29.23067,192.57688,-10.55538,-9.11409,45.87724
158970025.18400,282.57695,29.22164,192.57669,-10.55539,-9.12317,45.92100
158970026.18400,282.73575,29.21261,192.57649,-10.55540,-9.13225,45.97179
158970027.18400,282.89454,29.20358,192.57629,-10.55542,-9.14132,46.04957
158970028.18400,283.05334,29.19455,192.57609,-10.55543,-9.15040,46.16428
158970029.18400,283.21214,29.18552,192.57590,-10.55545,-9.15948,46.21672
158970030.18400,283.37124,29.17645,192.57570,-10.55546,-9.16446,46.12579
158970031.18400,283.53136,29.16729,192.57551,-10.55548,-9.15571,45.93971
158970032.18400,283.69147,29.15812,192.57531,-10.55549,-9.14695,45.82471
158970033.18400,283.85159,29.14895,192.57511,-10.55550,-9.13820,45.81746
158970034.18400,284.01171,29.13979,192.57491,-10.55552,-9.12945,45.85418
158970035.18400,284.17182,29.13062,192.57471,-10.55553,-9.12070,45.89169
158970036.18400,284.33194,29.12145,192.57452,-10.55555,-9.11194,45.90112
158970037.18400,284.49206,29.11229,192.57432,-10.55556,-9.10319,45.86721
158970038.18400,284.65217,29.10312,192.57412,-10.55558,-9.09444,45.81088
158970039.18400,284.81229,29.09395,192.57392,-10.55559,-9.08569,45.75461
158970040.18400,284.97241,29.08479,192.57373,-10.55560,-9.07693,45.70561
158970041.18400,285.13252,29.07562,192.57353,-10.55562,-9.06818,45.64928
158970042.18400,285.29264,29.06645,192.57333,-10.55563,-9.05943,45.60001
158970043.18400,285.45276,29.05729,192.57313,-10.55565,-9.05067,45.55080
158970044.18400,285.61287,29.04812,192.57293,-10.55566,-9.04192,45.47435
158970045.18400,285.77280,29.03898,192.57274,-10.55568,-9.03347,45.37598
158970046.18400,285.93208,29.02995,192.57254,-10.55569,-9.02601,45.25950
158970047.18400,286.09136,29.02092,192.57234,-10.55570,-9.01855,45.15112
158970048.18400,286.25064,29.01188,192.57214,-10.55572,-9.01109,45.04930
158970049.18400,286.40992,29.00285,192.57194,-10.55573,-9.00363,44.95415
158970050.18400,286.56920,28.99381,192.57173,-10.55575,-8.99617,44.89396
158970051.18400,286.72848,28.98478,192.57153,-10.55576,-8.98871,44.85611
158970052.18400,286.88776,28.97574,192.57133,-10.55578,-8.98125,44.81072
158970053.18400,287.04704,28.96671,192.57113,-10.55579,-8.97379,45.05127
158970054.18400,287.20632,28.95767,192.57093,-10.55580,-8.96633,45.76567
158970055.18400,287.36560,28.94864,192.57074,-10.55582,-8.95887,46.40100
158970056.18400,287.52488,28.93960,192.57055,-10.55583,-8.95141,46.64288
158970057.18400,287.68417,28.93057,192.57036,-10.55585,-8.94395,46.71061
158970058.18400,287.84345,28.92153,192.57017,-10.55586,-8.93649,46.71868
158970059.18400,288.00273,28.91250,192.56999,-10.55588,-8.92903,46.71891
158970060.18400,288.16247,28.90349,192.56980,-10.55589,-8.92619,46.73887
158970061.18400,288.32377,28.89457,192.56961,-10.55591,-8.93887,46.80852
158970062.18400,288.48507,28.88564,192.56942,-10.55592,-8.95155,46.87266
158970063.18400,288.64637,28.87672,192.56924,-10.55594,-8.96422,46.92855
158970064.18400,288.80767,28.86780,192.56905,-10.55595,-8.97690,46.99674
158970065.18400,288.96897,28.85887,192.56886,-10.55597,-8.98958,47.06758
158970066.18400,289.13026,28.84995,192.56868,-10.55598,-9.00226,47.12462
158970067.18400,289.29156,28.84103,192.56849,-10.55599,-9.01493,47.19462
158970068.18400,289.45286,28.83210,192.56830,-10.55601,-9.02761,47.26457
158970069.18400,289.61416,28.82318,192.56812,-10.55602,-9.04029,47.32076
158970070.18400,289.77546,28.81426,192.56793,-10.55604,-9.05297,47.38432
158970071.18400,289.93676,28.80533,192.56775,-10.55605,-9.06564,47.45434
158970072.18400,290.09806,28.79641,192.56756,-10.55607,-9.07832,47.52488
158970073.18400,290.25936,28.78749,192.56738,-10.55608,-9.09100,47.58698
158970074.18400,290.42066,28.77856,192.56719,-10.55610,-9.10367,47.64978
158970075.18400,290.58234,28.76960,192.56701,-10.55611,-9.11106,47.69682
158970076.18400,290.74530,28.76048,192.56682,-10.55613,-9.10071,47.68741
158970077.18400,290.90827,28.75137,192.56664,-10.55614,-9.09035,47.68495
158970078.18400,291.07123,28.74226,192.56645,-10.55616,-9.08000,47.67564
158970079.18400,291.23420,28.73314,192.56627,-10.55617,-9.06965,47.66695
158970080.18400,291.39716,28.72403,192.56608,-10.55619,-9.05929,47.66523
158970081.18400,291.56013,28.71492,192.56590,-10.55620,-9.04894,47.65580
158970082.18400,291.72309,28.70580,192.56571,-10.55622,-9.03858,47.64636
158970083.18400,291.88606,28.69669,192.56553,-10.55623,-9.02823,47.63612
158970084.18400,292.04902,28.68758,192.56535,-10.55625,-9.01788,47.62741
158970085.18400,292.21199,28.67846,192.56516,-10.55626,-9.00752,47.62564
158970086.18400,292.37495,28.66935,192.56498,-10.55627,-8.99717,47.62231
158970087.18400,292.53791,28.66024,192.56480,-10.55629,-8.98681,47.61356
158970088.18400,292.70088,28.65112,192.56461,-10.55630,-8.97646,47.60401
158970089.18400,292.86384,28.64201,192.56443,-10.55632,-8.96611,47.59444
158970090.18400,293.02677,28.63293,192.56425,-10.55633,-8.95793,47.59198
158970091.18400,293.18957,28.62397,192.56407,-10.55635,-8.95705,47.61950
158970092.18400,293.35237,28.61501,192.56388,-10.55636,-8.95617,47.63954
158970093.18400,293.51517,28.60606,192.56370,-10.55638,-8.95529,47.65952
158970094.18400,293.67797,28.59710,192.56352,-10.55639,-8.95442,47.68004
158970095.18400,293.84077,28.58814,192.56334,-10.55641,-8.95354,47.70731
158970096.18400,294.00357,28.57918,192.56316,-10.55642,-8.95266,47.72811
158970097.18400,294.16637,28.57022,192.56298,-10.55644,-8.95178,47.74798
158970098.18400,294.32917,28.56126,192.56279,-10.55645,-8.95090,47.77584
158970099.18400,294.49196,28.55230,192.56261,-10.55647,-8.95003,47.79670
158970100.18400,294.65476,28.54335,192.56243,-10.55648,-8.94915,47.81528
158970101.18400,294.81756,28.53439,192.56225,-10.55650,-8.94827,47.83753
158970102.18400,294.98036,28.52543,192.56207,-10.55651,-8.94739,47.86738
158970103.18400,295.14316,28.51647,192.56189,-10.55653,-8.94651,47.88821
158970104.18400,295.30596,28.50751,192.56171,-10.55654,-8.94564,47.91051
158970105.18400,295.46878,28.49856,192.56153,-10.55656,-8.94331,47.93380
158970106.18400,295.63165,28.48961,192.56135,-10.55657,-8.93615,47.93472
158970107.18400,295.79453,28.48067,192.56117,-10.55659,-8.92899,47.93758
158970108.18400,295.95740,28.47172,192.56099,-10.55660,-8.92183,47.94705
158970109.18400,296.12027,28.46278,192.56081,-10.55662,-8.91466,47.94713
158970110.18400,296.28315,28.45383,192.56063,-10.55663,-8.90750,47.94799
158970111.18400,296.44602,28.44489,192.56045,-10.55665,-8.90034,47.95044
158970112.18400,296.60890,28.43594,192.56027,-10.55666,-8.89318,47.94990
158970113.18400,296.77177,28.42700,192.56009,-10.55668,-8.88601,47.95721
158970114.18400,296.93465,28.41805,192.55992,-10.55669,-8.87885,47.95892
158970115.18400,297.09752,28.40911,192.55974,-10.55671,-8.87169,47.95838
158970116.18400,297.26039,28.40016,192.55956,-10.55672,-8.86453,47.96632
158970117.18400,297.42327,28.39122,192.55938,-10.55674,-8.85736,47.96651
158970118.18400,297.58614,28.38227,192.55920,-10.55675,-8.85020,47.96749
158970119.18400,297.74902,28.37333,192.55902,-10.55677,-8.84304,47.97570
158970120.18400,297.91237,28.36441,192.55885,-10.55678,-8.84058,47.99027
158970121.18400,298.07734,28.35557,192.55867,-10.55680,-8.85392,48.05794
158970122.18400,298.24231,28.34674,192.55849,-10.55681,-8.86726,48.12402
158970123.18400,298.40729,28.33790,192.55832,-10.55683,-8.88060,48.19882
158970124.18400,298.57226,28.32906,192.55814,-10.55684,-8.89394,48.26645
158970125.18400,298.73723,28.32022,192.55796,-10.55686,-8.90728,48.33229
158970126.18400,298.90220,28.31139,192.55778,-10.55687,-8.92062,48.40708
158970127.18400,299.06717,28.30255,192.55761,-10.55689,-8.93396,48.47214
158970128.18400,299.23214,28.29371,192.55743,-10.55690,-8.94730,48.53707
158970129.18400,299.39711,28.28487,192.55726,-10.55692,-8.96064,48.60440
158970130.18400,299.56208,28.27604,192.55708,-10.55694,-8.97398,48.67866
158970131.18400,299.72706,28.26720,192.55690,-10.55695,-8.98732,48.74514
158970132.18400,299.89203,28.25836,192.55673,-10.55697,-9.00066,48.81221
158970133.18400,300.05700,28.24952,192.55655,-10.55698,-9.01400,48.87972
158970134.18400,300.22197,28.24069,192.55638,-10.55700,-9.02734,48.94659
158970135.18400,300.38680,28.23180,192.55620,-10.55701,-9.03143,48.99174
158970136.18400,300.55114,28.22277,192.55603,-10.55703,-9.00450,48.93837
158970137.18400,300.71547,28.21373,192.55585,-10.55704,-8.97756,48.87896
158970138.18400,300.87981,28.20469,192.55568,-10.55706,-8.95062,48.81955
158970139.18400,301.04415,28.19565,192.55550,-10.55707,-8.92368,48.75819
158970140.18400,301.20849,28.18661,192.55533,-10.55709,-8.89675,48.69663
158970141.18400,301.37283,28.17758,192.55515,-10.55710,-8.86981,48.64310
158970142.18400,301.53717,28.16854,192.55498,-10.55712,-8.84287,48.58187
158970143.18400,301.70151,28.15950,192.55481,-10.55713,-8.81593,48.51934
158970144.18400,301.86585,28.15046,192.55463,-10.55715,-8.78900,48.46498
158970145.18400,302.03019,28.14142,192.55446,-10.55716,-8.76206,48.37143
158970146.18400,302.19453,28.13239,192.55428,-10.55718,-8.73512,48.22064
158970147.18400,302.35887,28.12335,192.55411,-10.55719,-8.70818,47.90487
158970148.18400,302.52321,28.11431,192.55393,-10.55721,-8.68125,47.59238
158970149.18400,302.68755,28.10527,192.55376,-10.55722,-8.65431,47.51030
158970150.18400,302.85182,28.09633,192.55358,-10.55724,-8.63718,47.50604
158970151.18400,303.01589,28.08769,192.55340,-10.55725,-8.65293,47.58220
158970152.18400,303.17996,28.07906,192.55323,-10.55727,-8.66867,47.66469
158970153.18400,303.34402,28.07043,192.55305,-10.55728,-8.68442,47.73986
158970154.18400,303.50809,28.06179,192.55288,-10.55730,-8.70017,47.81011
158970155.18400,303.67215,28.05316,192.55270,-10.55731,-8.71592,47.87865
158970156.18400,303.83622,28.04453,192.55252,-10.55733,-8.73167,47.91732
158970157.18400,304.00029,28.03589,192.55235,-10.55734,-8.74742,47.88439
158970158.18400,304.16435,28.02726,192.55217,-10.55736,-8.76317,47.82381
158970159.18400,304.32842,28.01863,192.55199,-10.55737,-8.77892,47.84395
158970160.18400,304.49248,28.00999,192.55182,-10.55739,-8.79466,47.96782
158970161.18400,304.65655,28.00136,192.55164,-10.55740,-8.81041,48.13823
158970162.18400,304.82062,27.99273,192.55146,-10.55742,-8.82616,48.30973
158970163.18400,304.98468,27.98409,192.55129,-10.55743,-8.84191,48.48242
158970164.18400,305.14875,27.97546,192.55112,-10.55745,-8.85766,48.65446
158970165.18400,305.31366,27.96677,192.55094,-10.55746,-8.87018,48.81570
158970166.18400,305.48139,27.95790,192.55077,-10.55748,-8.87186,48.94265
158970167.18400,305.64912,27.94903,192.55060,-10.55750,-8.87354,49.07085
158970168.18400,305.81686,27.94016,192.55043,-10.55751,-8.87522,49.20032
158970169.18400,305.98459,27.93129,192.55026,-10.55753,-8.87690,49.32941
158970170.18400,306.15232,27.92242,192.55009,-10.55754,-8.87858,49.45820
158970171.18400,306.32006,27.91355,192.54992,-10.55756,-8.88026,49.53562
158970172.18400,306.48779,27.90468,192.54975,-10.55757,-8.88194,49.52288
158970173.18400,306.65552,27.89581,192.54958,-10.55759,-8.88362,49.47870
158970174.18400,306.82326,27.88694,192.54941,-10.55760,-8.88530,49.59947
158970175.18400,306.99099,27.87807,192.54924,-10.55762,-8.88698,49.78855
158970176.18400,307.15873,27.86920,192.54907,-10.55763,-8.88866,49.80470
158970177.18400,307.32646,27.86033,192.54891,-10.55765,-8.89034,49.80098
158970178.18400,307.49419,27.85146,192.54874,-10.55766,-8.89202,49.89108
158970179.18400,307.66193,27.84259,192.54857,-10.55768,-8.89370,50.02235
158970180.18400,307.82925,27.83372,192.54841,-10.55769,-8.88980,50.14166
158970181.18400,307.99518,27.82482,192.54824,-10.55771,-8.86721,50.05377
158970182.18400,308.16111,27.81593,192.54808,-10.55772,-8.84462,49.75532
158970183.18400,308.32704,27.80703,192.54791,-10.55774,-8.82202,49.37577
158970184.18400,308.49297,27.79814,192.54774,-10.55775,-8.79943,48.99750
158970185.18400,308.65890,27.78924,192.54757,-10.55777,-8.77684,48.62074
158970186.18400,308.82483,27.78035,192.54739,-10.55779,-8.75424,48.15993
158970187.18400,308.99076,27.77145,192.54722,-10.55780,-8.73165,47.72552
158970188.18400,309.15669,27.76256,192.54704,-10.55782,-8.70906,47.48987
158970189.18400,309.32262,27.75366,192.54686,-10.55783,-8.68647,47.21523
158970190.18400,309.48856,27.74477,192.54668,-10.55785,-8.66387,46.74872
158970191.18400,309.65449,27.73588,192.54650,-10.55786,-8.64128,46.40458
158970192.18400,309.82042,27.72698,192.54631,-10.55788,-8.61869,46.33852
158970193.18400,309.98635,27.71809,192.54613,-10.55789,-8.59610,46.37895
158970194.18400,310.15228,27.70919,192.54595,-10.55791,-8.57350,46.41977
158970195.18400,310.31772,27.70037,192.54577,-10.55792,-8.55583,46.52049
158970196.18400,310.48149,27.69182,192.54559,-10.55794,-8.55464,46.75517
158970197.18400,310.64527,27.68326,192.54541,-10.55795,-8.55346,47.01969
158970198.18400,310.80904,27.67471,192.54523,-10.55797,-8.55227,47.28173
158970199.18400,310.97282,27.66615,192.54505,-10.55798,-8.55108,47.50876
158970200.18400,311.13659,27.65759,192.54488,-10.55800,-8.54990,47.68529
158970201.18400,311.30037,27.64904,192.54471,-10.55801,-8.54871,47.83747
158970202.18400,311.46414,27.64048,192.54453,-10.55803,-8.54753,47.98967
158970203.18400,311.62792,27.63193,192.54436,-10.55804,-8.54634,48.14165
158970204.18400,311.79169,27.62337,192.54419,-10.55806,-8.54515,48.29531
158970205.18400,311.95547,27.61481,192.54402,-10.55807,-8.54397,48.50991
158970206.18400,312.11925,27.60626,192.54386,-10.55809,-8.54278,48.80953
158970207.18400,312.28302,27.59770,192.54369,-10.55810,-8.54160,49.00067
158970208.18400,312.44680,27.58915,192.54353,-10.55812,-8.54041,48.97139
158970209.18400,312.61057,27.58059,192.54336,-10.55813,-8.53922,48.86488
158970210.18400,312.77518,27.57204,192.54319,-10.55815,-8.54237,48.76731
158970211.18400,312.94256,27.56350,192.54303,-10.55817,-8.56002,48.72419
158970212.18400,313.10994,27.55496,192.54286,-10.55818,-8.57768,48.68214
158970213.18400,313.27732,27.54642,192.54269,-10.55820,-8.59534,48.63885
158970214.18400,313.44470,27.53788,192.54252,-10.55821,-8.61300,48.59627
158970215.18400,313.61208,27.52935,192.54235,-10.55823,-8.63065,48.54897
158970216.18400,313.77946,27.52081,192.54218,-10.55824,-8.64831,48.50130
158970217.18400,313.94684,27.51227,192.54201,-10.55826,-8.66597,48.46040
158970218.18400,314.11423,27.50373,192.54184,-10.55827,-8.68362,48.41972
158970219.18400,314.28161,27.49519,192.54167,-10.55829,-8.70128,48.37701
158970220.18400,314.44899,27.48665,192.54149,-10.55830,-8.71894,48.40682
158970221.18400,314.61637,27.47811,192.54132,-10.55832,-8.73660,48.54032
158970222.18400,314.78375,27.46957,192.54115,-10.55834,-8.75425,48.78607
158970223.18400,314.95113,27.46104,192.54098,-10.55835,-8.77191,49.13850
158970224.18400,315.11851,27.45250,192.54081,-10.55837,-8.78957,49.52183
158970225.18400,315.28603,27.44390,192.54064,-10.55838,-8.79812,49.88405
158970226.18400,315.45399,27.43509,192.54048,-10.55840,-8.77614,50.10078
158970227.18400,315.62194,27.42629,192.54032,-10.55841,-8.75416,50.22874
158970228.18400,315.78990,27.41749,192.54015,-10.55843,-8.73218,50.32878
158970229.18400,315.95786,27.40868,192.53999,-10.55844,-8.71020,50.43995
158970230.18400,316.12582,27.39988,192.53983,-10.55846,-8.68821,50.55099
158970231.18400,316.29378,27.39108,192.53968,-10.55847,-8.66623,50.64738
158970232.18400,316.46174,27.38227,192.53952,-10.55849,-8.64425,50.75299
158970233.18400,316.62970,27.37347,192.53936,-10.55850,-8.62227,50.54122
158970234.18400,316.79766,27.36467,192.53920,-10.55852,-8.60029,50.06963
158970235.18400,316.96561,27.35586,192.53904,-10.55854,-8.57831,49.80735
158970236.18400,317.13357,27.34706,192.53888,-10.55855,-8.55633,49.69089
158970237.18400,317.30153,27.33826,192.53872,-10.55857,-8.53434,49.57235
158970238.18400,317.46949,27.32945,192.53855,-10.55858,-8.51236,49.44764
158970239.18400,317.63745,27.32065,192.53839,-10.55860,-8.49038,49.32532
158970240.18400,317.80486,27.31192,192.53823,-10.55861,-8.47287,49.31287
158970241.18400,317.97044,27.30345,192.53807,-10.55863,-8.47033,49.49685
158970242.18400,318.13603,27.29498,192.53791,-10.55864,-8.46779,49.66429
158970243.18400,318.30161,27.28650,192.53775,-10.55866,-8.46526,49.70845
158970244.18400,318.46719,27.27803,192.53759,-10.55867,-8.46272,49.70260
158970245.18400,318.63277,27.26956,192.53743,-10.55869,-8.46018,49.71101
158970246.18400,318.79835,27.26108,192.53727,-10.55871,-8.45764,49.71646
158970247.18400,318.96393,27.25261,192.53711,-10.55872,-8.45511,49.71229
158970248.18400,319.12952,27.24414,192.53695,-10.55874,-8.45257,49.72089
158970249.18400,319.29510,27.23566,192.53679,-10.55875,-8.45003,49.72810
158970250.18400,319.46068,27.22719,192.53663,-10.55877,-8.44749,49.72226
158970251.18400,319.62626,27.21872,192.53647,-10.55878,-8.44496,49.72885
158970252.18400,319.79184,27.21024,192.53631,-10.55880,-8.44242,49.73713
158970253.18400,319.95742,27.20177,192.53615,-10.55882,-8.43988,49.73769
158970254.18400,320.12301,27.19330,192.53599,-10.55883,-8.43734,49.73877
158970255.18400,320.28946,27.18483,192.53583,-10.55885,-8.43988,49.75860
158970256.18400,320.45883,27.17640,192.53567,-10.55886,-8.45941,49.84085
158970257.18400,320.62821,27.16796,192.53551,-10.55888,-8.47894,49.92196
158970258.18400,320.79759,27.15953,192.53535,-10.55889,-8.49847,49.99586
158970259.18400,320.96696,27.15109,192.53519,-10.55891,-8.51801,50.06932
158970260.18400,321.13634,27.14266,192.53504,-10.55892,-8.53754,50.14349
158970261.18400,321.30571,27.13422,192.53488,-10.55894,-8.55707,50.22396
158970262.18400,321.47509,27.12579,192.53472,-10.55896,-8.57661,50.29890
158970263.18400,321.64446,27.11735,192.53456,-10.55897,-8.59614,50.37279
158970264.18400,321.81384,27.10891,192.53440,-10.55899,-8.61567,50.45237
158970265.18400,321.98321,27.10048,192.53424,-10.55900,-8.63520,50.52741
158970266.18400,322.15259,27.09204,192.53408,-10.55902,-8.65474,50.60610
158970267.18400,322.32196,27.08361,192.53393,-10.55903,-8.67427,50.67831
158970268.18400,322.49134,27.07517,192.53377,-10.55905,-8.69380,50.75227
158970269.18400,322.66071,27.06674,192.53361,-10.55907,-8.71333,50.83018
158970270.18400,322.83110,27.05824,192.53345,-10.55908,-8.72861,50.88881
158970271.18400,323.00490,27.04951,192.53329,-10.55910,-8.72961,50.90298
158970272.18400,323.17869,27.04078,192.53313,-10.55911,-8.73060,50.92191
158970273.18400,323.35248,27.03205,192.53298,-10.55913,-8.73160,50.93471
158970274.18400,323.52627,27.02332,192.53282,-10.55914,-8.73260,50.95398
158970275.18400,323.70006,27.01459,192.53266,-10.55916,-8.73359,50.96534
158970276.18400,323.87385,27.00586,192.53250,-10.55917,-8.73459,50.97840
158970277.18400,324.04764,26.99713,192.53235,-10.55919,-8.73559,50.99810
158970278.18400,324.22143,26.98841,192.53219,-10.55921,-8.73658,51.01104
158970279.18400,324.39523,26.97968,192.53203,-10.55922,-8.73758,51.02234
158970280.18400,324.56902,26.97095,192.53187,-10.55924,-8.73858,51.03361
158970281.18400,324.74281,26.96222,192.53172,-10.55925,-8.73957,51.05345
158970282.18400,324.91660,26.95349,192.53156,-10.55927,-8.74057,51.07153
158970283.18400,325.09039,26.94476,192.53140,-10.55929,-8.74157,51.08483
158970284.18400,325.26418,26.93603,192.53124,-10.55930,-8.74256,51.10041
158970285.18400,325.43790,26.92730,192.53109,-10.55932,-8.74052,51.10249
158970286.18400,325.61135,26.91856,192.53093,-10.55933,-8.72828,51.07774
158970287.18400,325.78480,26.90981,192.53077,-10.55935,-8.71604,51.05270
158970288.18400,325.95825,26.90107,192.53062,-10.55937,-8.70380,51.01668
158970289.18400,326.13170,26.89233,192.53046,-10.55938,-8.69156,50.98807
158970290.18400,326.30515,26.88358,192.53030,-10.55940,-8.67931,50.96263
158970291.18400,326.47860,26.87484,192.53014,-10.55941,-8.66707,50.93978
158970292.18400,326.65205,26.86610,192.52999,-10.55943,-8.65483,50.91012
158970293.18400,326.82550,26.85735,192.52983,-10.55945,-8.64259,50.87868
158970294.18400,326.99895,26.84861,192.52968,-10.55946,-8.63035,50.85684
158970295.18400,327.17240,26.83987,192.52952,-10.55948,-8.61811,50.82734
158970296.18400,327.34585,26.83112,192.52936,-10.55949,-8.60587,50.80270
158970297.18400,327.51930,26.82238,192.52921,-10.55951,-8.59363,50.77458
158970298.18400,327.69275,26.81364,192.52905,-10.55953,-8.58139,50.74537
158970299.18400,327.86620,26.80489,192.52889,-10.55954,-8.56915,50.72308
158970300.18400,328.03931,26.79619,192.52874,-10.55956,-8.55842,50.69689
158970301.18400,328.21129,26.78763,192.52858,-10.55957,-8.55276,50.68683
158970302.18400,328.38327,26.77908,192.52843,-10.55959,-8.54709,50.68056
158970303.18400,328.55525,26.77052,192.52827,-10.55960,-8.54143,50.67700
158970304.18400,328.72723,26.76196,192.52811,-10.55962,-8.53577,50.67024
158970305.18400,328.89921,26.75340,192.52796,-10.55964,-8.53011,50.66775
158970306.18400,329.07119,26.74484,192.52780,-10.55965,-8.52444,50.66281
158970307.18400,329.24317,26.73628,192.52765,-10.55967,-8.51878,50.64936
158970308.18400,329.41516,26.72772,192.52749,-10.55968,-8.51312,50.64041
158970309.18400,329.58714,26.71916,192.52733,-10.55970,-8.50746,50.63920
158970310.18400,329.75912,26.71060,192.52718,-10.55972,-8.50179,50.63570
158970311.18400,329.93110,26.70204,192.52702,-10.55973,-8.49613,50.62582
158970312.18400,330.10308,26.69348,192.52687,-10.55975,-8.49047,50.61518
158970313.18400,330.27506,26.68492,192.52671,-10.55976,-8.48480,50.61348
158970314.18400,330.44704,26.67636,192.52656,-10.55978,-8.47914,50.60560
158970315.18400,330.61960,26.66782,192.52640,-10.55980,-8.47804,50.60725
158970316.18400,330.79411,26.65935,192.52625,-10.55981,-8.49223,50.67147
158970317.18400,330.96862,26.65087,192.52609,-10.55983,-8.50642,50.72833
158970318.18400,331.14314,26.64240,192.52594,-10.55984,-8.52061,50.78141
158970319.18400,331.31765,26.63392,192.52578,-10.55986,-8.53480,50.84581
158970320.18400,331.49216,26.62545,192.52563,-10.55988,-8.54899,50.90305
158970321.18400,331.66667,26.61698,192.52547,-10.55989,-8.56318,50.95803
158970322.18400,331.84118,26.60850,192.52532,-10.55991,-8.57736,51.01965
158970323.18400,332.01570,26.60003,192.52516,-10.55993,-8.59155,51.08206
158970324.18400,332.19021,26.59155,192.52501,-10.55994,-8.60574,51.28372
158970325.18400,332.36472,26.58308,192.52486,-10.55996,-8.61993,51.49648
158970326.18400,332.53923,26.57460,192.52470,-10.55997,-8.63412,51.46581
158970327.18400,332.71374,26.56613,192.52455,-10.55999,-8.64831,51.32310
158970328.18400,332.88825,26.55765,192.52440,-10.56001,-8.66250,51.17962
158970329.18400,333.06277,26.54918,192.52424,-10.56002,-8.67669,51.26927
158970330.18400,333.23745,26.54065,192.52409,-10.56004,-8.68362,51.72560
158970331.18400,333.41273,26.53197,192.52394,-10.56006,-8.66621,52.14481
158970332.18400,333.58800,26.52328,192.52379,-10.56007,-8.64880,52.36647
158970333.18400,333.76328,26.51459,192.52364,-10.56009,-8.63139,52.50158
158970334.18400,333.93855,26.50590,192.52349,-10.56010,-8.61398,52.63107
158970335.18400,334.11383,26.49721,192.52335,-10.56012,-8.59656,52.68906
158970336.18400,334.28910,26.48853,192.52320,-10.56014,-8.57915,52.63758
158970337.18400,334.46437,26.47984,192.52305,-10.56015,-8.56174,52.55423
158970338.18400,334.63965,26.47115,192.52291,-10.56017,-8.54433,52.46994
158970339.18400,334.81492,26.46246,192.52276,-10.56019,-8.52692,52.32930
158970340.18400,334.99020,26.45377,192.52261,-10.56020,-8.50951,52.14308
158970341.18400,335.16547,26.44509,192.52247,-10.56022,-8.49210,51.97646
158970342.18400,335.34075,26.43640,192.52232,-10.56023,-8.47468,51.83040
158970343.18400,335.51602,26.42771,192.52217,-10.56025,-8.45727,51.68894
158970344.18400,335.69130,26.41902,192.52202,-10.56027,-8.43986,51.72148
158970345.18400,335.86659,26.41039,192.52187,-10.56028,-8.42864,51.85027
158970346.18400,336.04195,26.40197,192.52173,-10.56030,-8.43819,52.23288
158970347.18400,336.21731,26.39354,192.52158,-10.56032,-8.44774,52.24625
158970348.18400,336.39267,26.38512,192.52144,-10.56033,-8.45729,51.54629
158970349.18400,336.56803,26.37669,192.52128,-10.56035,-8.46684,51.29866
158970350.18400,336.74339,26.36826,192.52113,-10.56037,-8.47639,51.67961
158970351.18400,336.91875,26.35984,192.52099,-10.56038,-8.48594,51.95273
158970352.18400,337.09411,26.35141,192.52084,-10.56040,-8.49548,51.84551
158970353.18400,337.26947,26.34299,192.52069,-10.56041,-8.50503,51.60697
158970354.18400,337.44483,26.33456,192.52054,-10.56043,-8.51458,51.46403
158970355.18400,337.62019,26.32613,192.52039,-10.56045,-8.52413,51.48364
158970356.18400,337.79555,26.31771,192.52024,-10.56046,-8.53368,51.57647
158970357.18400,337.97091,26.30928,192.52008,-10.56048,-8.54323,51.65420
158970358.18400,338.14627,26.30086,192.51993,-10.56050,-8.55278,51.74004
158970359.18400,338.32163,26.29243,192.51978,-10.56051,-8.56232,51.82539
158970360.18400,338.49655,26.28397,192.51963,-10.56053,-8.56275,51.87297
158970361.18400,338.67000,26.27540,192.51949,-10.56055,-8.53259,51.83094
158970362.18400,338.84345,26.26683,192.51934,-10.56056,-8.50243,51.78243
158970363.18400,339.01689,26.25826,192.51919,-10.56058,-8.47227,51.71292
158970364.18400,339.19034,26.24969,192.51904,-10.56060,-8.44212,51.63500
158970365.18400,339.36379,26.24112,192.51889,-10.56061,-8.41196,51.56275
158970366.18400,339.53724,26.23255,192.51874,-10.56063,-8.38180,51.48754
158970367.18400,339.71068,26.22398,192.51859,-10.56064,-8.35164,51.40907
158970368.18400,339.88413,26.21541,192.51844,-10.56066,-8.32148,51.33692
158970369.18400,340.05758,26.20684,192.51830,-10.56068,-8.29132,51.25972
158970370.18400,340.23103,26.19827,192.51815,-10.56069,-8.26116,51.18597
158970371.18400,340.40447,26.18970,192.51800,-10.56071,-8.23100,51.11443
158970372.18400,340.57792,26.18113,192.51785,-10.56073,-8.20084,51.03324
158970373.18400,340.75137,26.17256,192.51770,-10.56074,-8.17068,50.95540
158970374.18400,340.92481,26.16399,192.51756,-10.56076,-8.14052,50.88372
158970375.18400,341.09785,26.15553,192.51741,-10.56078,-8.11978,50.84119
158970376.18400,341.26952,26.14741,192.51726,-10.56079,-8.13064,50.90218
158970377.18400,341.44119,26.13929,192.51712,-10.56081,-8.14150,50.96165
158970378.18400,341.61286,26.13117,192.51697,-10.56082,-8.15236,51.10183
158970379.18400,341.78453,26.12306,192.51682,-10.56084,-8.16321,51.28763
158970380.18400,341.95620,26.11494,192.51668,-10.56086,-8.17407,51.38946
158970381.18400,342.12786,26.10682,192.51653,-10.56087,-8.18493,51.44659
158970382.18400,342.29953,26.09870,192.51639,-10.56089,-8.19579,51.50662
158970383.18400,342.47120,26.09059,192.51624,-10.56091,-8.20664,51.44499
158970384.18400,342.64287,26.08247,192.51610,-10.56092,-8.21750,51.19449
158970385.18400,342.81454,26.07435,192.51595,-10.56094,-8.22836,50.86850
158970386.18400,342.98621,26.06623,192.51580,-10.56095,-8.23921,50.52675
158970387.18400,343.15788,26.05812,192.51565,-10.56097,-8.25007,50.29456
158970388.18400,343.32954,26.05000,192.51549,-10.56099,-8.26093,50.27344
158970389.18400,343.50121,26.04188,192.51534,-10.56100,-8.27179,50.33083
158970390.18400,343.67392,26.03373,192.51519,-10.56102,-8.28267,50.38898
158970391.18400,343.85011,26.02545,192.51503,-10.56103,-8.29364,50.34918
158970392.18400,344.02631,26.01717,192.51488,-10.56105,-8.30461,50.14629
158970393.18400,344.20250,26.00889,192.51472,-10.56107,-8.31558,49.98180
158970394.18400,344.37870,26.00061,192.51457,-10.56108,-8.32655,49.98196
158970395.18400,344.55489,25.99233,192.51441,-10.56110,-8.33752,50.05513
158970396.18400,344.73108,25.98405,192.51426,-10.56111,-8.34849,50.15022
158970397.18400,344.90728,25.97577,192.51410,-10.56113,-8.35945,50.30053
158970398.18400,345.08347,25.96749,192.51395,-10.56114,-8.37042,50.48091
158970399.18400,345.25967,25.95921,192.51379,-10.56116,-8.38139,50.65537
158970400.18400,345.43586,25.95093,192.51364,-10.56118,-8.39236,50.82668
158970401.18400,345.61205,25.94265,192.51349,-10.56119,-8.40333,51.00100
158970402.18400,345.78825,25.93437,192.51334,-10.56121,-8.41430,50.93306
158970403.18400,345.96444,25.92609,192.51319,-10.56122,-8.42527,50.47433
158970404.18400,346.14064,25.91781,192.51303,-10.56124,-8.43624,50.08686
158970405.18400,346.31732,25.90949,192.51287,-10.56126,-8.44356,50.01667
158970406.18400,346.49568,25.90105,192.51271,-10.56127,-8.43865,50.09769
158970407.18400,346.67403,25.89260,192.51256,-10.56129,-8.43373,50.35909
158970408.18400,346.85238,25.88416,192.51240,-10.56131,-8.42882,50.62922
158970409.18400,347.03073,25.87571,192.51225,-10.56132,-8.42391,50.90145
158970410.18400,347.20908,25.86727,192.51210,-10.56134,-8.41899,51.35800
158970411.18400,347.38744,25.85882,192.51195,-10.56135,-8.41408,51.33369
158970412.18400,347.56579,25.85038,192.51180,-10.56137,-8.40916,50.73655
158970413.18400,347.74414,25.84193,192.51164,-10.56139,-8.40425,50.37028
158970414.18400,347.92249,25.83349,192.51149,-10.56140,-8.39934,50.24362
158970415.18400,348.10084,25.82504,192.51133,-10.56142,-8.39442,50.38682
158970416.18400,348.27919,25.81660,192.51118,-10.56144,-8.38951,50.96783
158970417.18400,348.45755,25.80815,192.51103,-10.56145,-8.38459,51.72938
158970418.18400,348.63590,25.79971,192.51088,-10.56147,-8.37968,52.23104
158970419.18400,348.81425,25.79126,192.51074,-10.56148,-8.37477,52.29735
158970420.18400,348.99253,25.78284,192.51059,-10.56150,-8.36975,52.18634
158970421.18400,349.17056,25.77447,192.51045,-10.56152,-8.36439,52.07974
158970422.18400,349.34860,25.76609,192.51030,-10.56153,-8.35904,52.00915
158970423.18400,349.52663,25.75772,192.51016,-10.56155,-8.35368,51.98511
158970424.18400,349.70467,25.74935,192.51001,-10.56157,-8.34833,51.98236
158970425.18400,349.88270,25.74098,192.50987,-10.56158,-8.34297,51.97577
158970426.18400,350.06074,25.73261,192.50972,-10.56160,-8.33762,51.97040
158970427.18400,350.23877,25.72424,192.50958,-10.56162,-8.33226,51.96765
158970428.18400,350.41681,25.71587,192.50943,-10.56163,-8.32691,51.96027
158970429.18400,350.59484,25.70750,192.50929,-10.56165,-8.32155,51.95444
158970430.18400,350.77288,25.69912,192.50914,-10.56166,-8.31620,51.95385
158970431.18400,350.95091,25.69075,192.50900,-10.56168,-8.31084,51.95180
158970432.18400,351.12895,25.68238,192.50885,-10.56170,-8.30549,51.94361
158970433.18400,351.30698,25.67401,192.50871,-10.56171,-8.30013,51.93413
158970434.18400,351.48502,25.66564,192.50856,-10.56173,-8.29478,51.93363
158970435.18400,351.66286,25.65729,192.50842,-10.56175,-8.28888,51.92644
158970436.18400,351.84004,25.64899,192.50827,-10.56176,-8.28117,51.90650
158970437.18400,352.01723,25.64070,192.50813,-10.56178,-8.27346,51.89918
158970438.18400,352.19442,25.63241,192.50799,-10.56180,-8.26575,51.88636
158970439.18400,352.37160,25.62412,192.50784,-10.56181,-8.25804,51.87631
158970440.18400,352.54879,25.61583,192.50770,-10.56183,-8.25033,51.86020
158970441.18400,352.72597,25.60754,192.50755,-10.56185,-8.24261,51.84687
158970442.18400,352.90316,25.59925,192.50741,-10.56186,-8.23490,51.83935
158970443.18400,353.08035,25.59096,192.50726,-10.56188,-8.22719,51.81936
158970444.18400,353.25753,25.58267,192.50712,-10.56190,-8.21948,51.81383
158970445.18400,353.43472,25.57438,192.50698,-10.56191,-8.21177,51.80768
158970446.18400,353.61191,25.56609,192.50683,-10.56193,-8.20406,51.79089
158970447.18400,353.78909,25.55780,192.50669,-10.56194,-8.19635,51.77537
158970448.18400,353.96628,25.54951,192.50655,-10.56196,-8.18864,51.75926
158970449.18400,354.14346,25.54122,192.50640,-10.56198,-8.18093,51.74679
158970450.18400,354.32049,25.53295,192.50626,-10.56199,-8.17404,51.74339
158970451.18400,354.49696,25.52478,192.50611,-10.56201,-8.16989,51.74563
158970452.18400,354.67344,25.51660,192.50597,-10.56203,-8.16574,51.73907
158970453.18400,354.84991,25.50843,192.50583,-10.56204,-8.16160,51.73565
158970454.18400,355.02639,25.50025,192.50569,-10.56206,-8.15745,51.73788
158970455.18400,355.20287,25.49208,192.50554,-10.56208,-8.15330,51.73921
158970456.18400,355.37934,25.48390,192.50540,-10.56209,-8.14915,51.73691
158970457.18400,355.55582,25.47573,192.50526,-10.56211,-8.14501,51.73673
158970458.18400,355.73229,25.46755,192.50511,-10.56213,-8.14086,51.73258
158970459.18400,355.90877,25.45938,192.50497,-10.56214,-8.13671,51.73386
158970460.18400,356.08524,25.45121,192.50483,-10.56216,-8.13256,51.73479
158970461.18400,356.26172,25.44303,192.50468,-10.56217,-8.12842,51.72729
158970462.18400,356.43820,25.43486,192.50454,-10.56219,-8.12427,51.73384
158970463.18400,356.61467,25.42668,192.50440,-10.56221,-8.12012,51.73443
158970464.18400,356.79115,25.41851,192.50426,-10.56222,-8.11597,51.73015
158970465.18400,356.96774,25.41035,192.50411,-10.56224,-8.11282,51.72941
158970466.18400,357.14475,25.40223,192.50397,-10.56226,-8.11301,51.74307
158970467.18400,357.32175,25.39412,192.50383,-10.56227,-8.11320,51.76345
158970468.18400,357.49876,25.38601,192.50369,-10.56229,-8.11339,51.77890
158970469.18400,357.67576,25.37790,192.50354,-10.56231,-8.11358,51.78956
158970470.18400,357.85276,25.36978,192.50340,-10.56232,-8.11376,51.80428
158970471.18400,358.02977,25.36167,192.50326,-10.56234,-8.11395,51.82083
158970472.18400,358.20677,25.35356,192.50312,-10.56236,-8.11414,51.83041
158970473.18400,358.38377,25.34545,192.50298,-10.56237,-8.11433,51.85095
158970474.18400,358.56078,25.33733,192.50283,-10.56239,-8.11452,51.86171
158970475.18400,358.73778,25.32922,192.50269,-10.56241,-8.11470,51.87421
158970476.18400,358.91478,25.32111,192.50255,-10.56242,-8.11489,51.89477
158970477.18400,359.09179,25.31299,192.50241,-10.56244,-8.11508,51.90299
158970478.18400,359.26879,25.30488,192.50227,-10.56246,-8.11527,51.91972
158970479.18400,359.44580,25.29677,192.50213,-10.56247,-8.11546,51.93538
158970480.18400,359.62381,25.28866,192.50199,-10.56249,-8.12005,51.96124
158970481.18400,359.80523,25.28054,192.50184,-10.56251,-8.13940,52.04423
158970482.18400,359.98665,25.27242,192.50170,-10.56252,-8.15876,52.12898
158970483.18400,360.16807,25.26431,192.50156,-10.56254,-8.17812,52.20501
158970484.18400,360.34949,25.25619,192.50142,-10.56255,-8.19748,52.28072
158970485.18400,360.53091,25.24808,192.50128,-10.56257,-8.21684,52.35892
158970486.18400,360.71233,25.23996,192.50114,-10.56259,-8.23619,52.43918
158970487.18400,360.89375,25.23184,192.50100,-10.56260,-8.25555,52.52105
158970488.18400,361.07517,25.22373,192.50086,-10.56262,-8.27491,52.59671
158970489.18400,361.25659,25.21561,192.50072,-10.56264,-8.29427,52.67636
158970490.18400,361.43801,25.20750,192.50057,-10.56265,-8.31363,52.75278
158970491.18400,361.61943,25.19938,192.50043,-10.56267,-8.33298,52.83073
158970492.18400,361.80085,25.19126,192.50029,-10.56269,-8.35234,52.90881
158970493.18400,361.98227,25.18315,192.50015,-10.56270,-8.37170,52.98741
158970494.18400,362.16369,25.17503,192.50001,-10.56272,-8.39106,53.07068
158970495.18400,362.34514,25.16685,192.49987,-10.56274,-8.40003,53.10451
158970496.18400,362.52671,25.15844,192.49973,-10.56275,-8.37419,53.03454
158970497.18400,362.70828,25.15004,192.49959,-10.56277,-8.34834,52.96827
158970498.18400,362.88985,25.14163,192.49945,-10.56279,-8.32250,52.89393
158970499.18400,363.07142,25.13323,192.49931,-10.56280,-8.29665,52.81819
158970500.18400,363.25299,25.12482,192.49917,-10.56282,-8.27080,52.74409
158970501.18400,363.43456,25.11641,192.49903,-10.56284,-8.24496,52.67648
158970502.18400,363.61613,25.10801,192.49889,-10.56285,-8.21911,52.61065
158970503.18400,363.79770,25.09960,192.49875,-10.56287,-8.19327,52.63316
158970504.18400,363.97927,25.09120,192.49861,-10.56289,-8.16742,52.76529
158970505.18400,364.16084,25.08279,192.49848,-10.56290,-8.14157,52.82964
158970506.18400,364.34241,25.07438,192.49834,-10.56292,-8.11573,52.71625
158970507.18400,364.52398,25.06598,192.49820,-10.56294,-8.08988,52.45842
158970508.18400,364.70555,25.05757,192.49806,-10.56295,-8.06404,52.08401
158970509.18400,364.88712,25.04917,192.49792,-10.56297,-8.03819,51.62609
158970510.18400,365.06787,25.04085,192.49778,-10.56299,-8.01758,51.13866
158970511.18400,365.24588,25.03283,192.49763,-10.56300,-8.01453,50.88214
158970512.18400,365.42390,25.02481,192.49749,-10.56302,-8.01148,50.93930
158970513.18400,365.60191,25.01679,192.49734,-10.56304,-8.00843,51.12123
158970514.18400,365.77993,25.00878,192.49720,-10.56305,-8.00538,51.38252
158970515.18400,365.95794,25.00076,192.49706,-10.56307,-8.00233,51.76661
158970516.18400,366.13595,24.99274,192.49692,-10.56309,-7.99928,52.20819
158970517.18400,366.31397,24.98472,192.49678,-10.56310,-7.99622,52.65597
158970518.18400,366.49198,24.97670,192.49665,-10.56312,-7.99317,52.96572
158970519.18400,366.67000,24.96869,192.49652,-10.56314,-7.99012,53.05559
158970520.18400,366.84801,24.96067,192.49638,-10.56315,-7.98707,52.75916
158970521.18400,367.02602,24.95265,192.49625,-10.56317,-7.98402,52.00440
158970522.18400,367.20404,24.94463,192.49610,-10.56319,-7.98097,51.57392
158970523.18400,367.38205,24.93661,192.49596,-10.56320,-7.97792,51.92231
158970524.18400,367.56007,24.92860,192.49583,-10.56322,-7.97487,52.57966
158970525.18400,367.73836,24.92059,192.49569,-10.56324,-7.97331,52.98245
158970526.18400,367.91760,24.91262,192.49556,-10.56325,-7.97674,52.93172
158970527.18400,368.09684,24.90464,192.49542,-10.56327,-7.98017,52.42273
158970528.18400,368.27608,24.89667,192.49529,-10.56329,-7.98360,51.90372
158970529.18400,368.45532,24.88870,192.49515,-10.56330,-7.98703,51.90789
158970530.18400,368.63455,24.88073,192.49501,-10.56332,-7.99045,52.32667
158970531.18400,368.81379,24.87275,192.49487,-10.56334,-7.99388,52.54442
158970532.18400,368.99303,24.86478,192.49473,-10.56335,-7.99731,52.22507
158970533.18400,369.17227,24.85681,192.49460,-10.56337,-8.00074,51.74051
158970534.18400,369.35151,24.84883,192.49445,-10.56339,-8.00417,51.31490
158970535.18400,369.53075,24.84086,192.49431,-10.56340,-8.00760,51.15294
158970536.18400,369.70998,24.83289,192.49417,-10.56342,-8.01103,51.41384
158970537.18400,369.88922,24.82492,192.49403,-10.56344,-8.01446,51.86001
158970538.18400,370.06846,24.81694,192.49389,-10.56345,-8.01789,52.25281
158970539.18400,370.24770,24.80897,192.49375,-10.56347,-8.02132,52.56195
158970540.18400,370.42737,24.80099,192.49361,-10.56349,-8.02420,52.72839
158970541.18400,370.60850,24.79296,192.49348,-10.56350,-8.02524,52.71506
158970542.18400,370.78962,24.78494,192.49334,-10.56352,-8.02629,52.66689
158970543.18400,370.97074,24.77691,192.49320,-10.56354,-8.02733,52.70442
158970544.18400,371.15187,24.76889,192.49307,-10.56355,-8.02838,52.79966
158970545.18400,371.33299,24.76087,192.49293,-10.56357,-8.02942,52.90316
158970546.18400,371.51411,24.75284,192.49280,-10.56359,-8.03046,53.01346
158970547.18400,371.69524,24.74482,192.49266,-10.56360,-8.03151,53.12214
158970548.18400,371.87636,24.73679,192.49253,-10.56362,-8.03255,53.23005
158970549.18400,372.05748,24.72877,192.49240,-10.56364,-8.03360,53.34198
158970550.18400,372.23861,24.72075,192.49227,-10.56366,-8.03464,53.45353
158970551.18400,372.41973,24.71272,192.49213,-10.56367,-8.03568,53.55898
158970552.18400,372.60085,24.70470,192.49200,-10.56369,-8.03673,53.67607
158970553.18400,372.78198,24.69667,192.49187,-10.56371,-8.03777,54.14031
158970554.18400,372.96310,24.68865,192.49174,-10.56372,-8.03882,54.62348
158970555.18400,373.14443,24.68062,192.49162,-10.56374,-8.03899,54.39784
158970556.18400,373.32645,24.67258,192.49149,-10.56376,-8.03626,53.90339
158970557.18400,373.50847,24.66454,192.49136,-10.56377,-8.03353,53.59849
158970558.18400,373.69049,24.65651,192.49122,-10.56379,-8.03080,53.36715
158970559.18400,373.87250,24.64847,192.49109,-10.56381,-8.02807,53.15000
158970560.18400,374.05452,24.64043,192.49096,-10.56382,-8.02534,53.08464
158970561.18400,374.23654,24.63239,192.49082,-10.56384,-8.02261,53.21576
158970562.18400,374.41856,24.62435,192.49069,-10.56386,-8.01988,53.37594
158970563.18400,374.60058,24.61631,192.49056,-10.56387,-8.01715,53.42915
158970564.18400,374.78260,24.60827,192.49042,-10.56389,-8.01442,53.31924
158970565.18400,374.96462,24.60023,192.49029,-10.56391,-8.01169,53.13600
158970566.18400,375.14664,24.59219,192.49016,-10.56393,-8.00896,52.95798
158970567.18400,375.32865,24.58415,192.49002,-10.56394,-8.00623,52.78446
158970568.18400,375.51067,24.57611,192.48989,-10.56396,-8.00350,52.61633
158970569.18400,375.69269,24.56807,192.48975,-10.56398,-8.00077,52.44667
158970570.18400,375.87515,24.56004,192.48961,-10.56399,-8.00033,52.28236
158970571.18400,376.05911,24.55204,192.48948,-10.56401,-8.00754,52.16126
158970572.18400,376.24307,24.54405,192.48934,-10.56403,-8.01476,52.45005
158970573.18400,376.42702,24.53605,192.48920,-10.56404,-8.02197,52.91360
158970574.18400,376.61098,24.52805,192.48907,-10.56406,-8.02919,52.83748
158970575.18400,376.79493,24.52005,192.48893,-10.56408,-8.03640,52.94153
158970576.18400,376.97889,24.51205,192.48880,-10.56409,-8.04362,53.88136
158970577.18400,377.16284,24.50405,192.48867,-10.56411,-8.05083,54.64773
158970578.18400,377.34680,24.49605,192.48854,-10.56413,-8.05804,54.53467
158970579.18400,377.53075,24.48805,192.48841,-10.56414,-8.06526,54.08209
158970580.18400,377.71471,24.48006,192.48828,-10.56416,-8.07247,53.63166
158970581.18400,377.89866,24.47206,192.48815,-10.56418,-8.07969,53.18750
158970582.18400,378.08262,24.46406,192.48801,-10.56419,-8.08690,52.75155
158970583.18400,378.26657,24.45606,192.48788,-10.56421,-8.09412,52.31866
158970584.18400,378.45053,24.44806,192.48774,-10.56423,-8.10133,52.04834
158970585.18400,378.63454,24.44004,192.48760,-10.56424,-8.10391,52.20347
158970586.18400,378.81872,24.43193,192.48746,-10.56426,-8.09092,52.42362
158970587.18400,379.00291,24.42382,192.48732,-10.56428,-8.07794,52.26939
158970588.18400,379.18710,24.41572,192.48718,-10.56429,-8.06496,52.12289
158970589.18400,379.37128,24.40761,192.48704,-10.56431,-8.05197,52.31845
158970590.18400,379.55547,24.39950,192.48690,-10.56433,-8.03899,52.54202
158970591.18400,379.73965,24.39140,192.48676,-10.56434,-8.02600,52.45031
158970592.18400,379.92384,24.38329,192.48663,-10.56436,-8.01302,52.05814
158970593.18400,380.10803,24.37518,192.48649,-10.56437,-8.00004,51.56320
158970594.18400,380.29221,24.36708,192.48634,-10.56439,-7.98705,51.11120
158970595.18400,380.47640,24.35897,192.48620,-10.56441,-7.97407,50.72629
158970596.18400,380.66058,24.35086,192.48605,-10.56442,-7.96108,50.37243
158970597.18400,380.84477,24.34276,192.48591,-10.56444,-7.94810,50.03084
158970598.18400,381.02896,24.33465,192.48576,-10.56446,-7.93512,49.68145
158970599.18400,381.21314,24.32654,192.48561,-10.56447,-7.92213,49.33368
158970600.18400,381.39745,24.31848,192.48545,-10.56449,-7.91424,49.01674
158970601.18400,381.58216,24.31057,192.48530,-10.56451,-7.92342,48.96580
158970602.18400,381.76688,24.30266,192.48515,-10.56452,-7.93260,49.23904
158970603.18400,381.95159,24.29474,192.48499,-10.56454,-7.94178,49.63502
158970604.18400,382.13631,24.28683,192.48484,-10.56456,-7.95096,50.03589
158970605.18400,382.32102,24.27892,192.48470,-10.56457,-7.96015,50.33882
158970606.18400,382.50574,24.27101,192.48455,-10.56459,-7.96933,50.46885
158970607.18400,382.69045,24.26309,192.48440,-10.56461,-7.97851,50.53030
158970608.18400,382.87517,24.25518,192.48426,-10.56462,-7.98769,50.59607
158970609.18400,383.05988,24.24727,192.48411,-10.56464,-7.99687,50.65855
158970610.18400,383.24460,24.23936,192.48397,-10.56465,-8.00605,50.71512
158970611.18400,383.42931,24.23144,192.48382,-10.56467,-8.01523,50.78488
158970612.18400,383.61403,24.22353,192.48367,-10.56469,-8.02441,50.84617
158970613.18400,383.79874,24.21562,192.48353,-10.56470,-8.03360,50.89692
158970614.18400,383.98346,24.20771,192.48338,-10.56472,-8.04278,50.96223
158970615.18400,384.16861,24.19976,192.48324,-10.56474,-8.04879,51.02233
158970616.18400,384.35525,24.19171,192.48309,-10.56475,-8.04419,51.02927
158970617.18400,384.54188,24.18366,192.48295,-10.56477,-8.03959,51.03773
158970618.18400,384.72851,24.17561,192.48280,-10.56479,-8.03498,51.06094
158970619.18400,384.91515,24.16756,192.48266,-10.56480,-8.03038,51.06737
158970620.18400,385.10178,24.15951,192.48251,-10.56482,-8.02578,51.07487
158970621.18400,385.28842,24.15147,192.48237,-10.56483,-8.02118,51.09652
158970622.18400,385.47505,24.14342,192.48223,-10.56485,-8.01657,51.11353
158970623.18400,385.66168,24.13537,192.48208,-10.56487,-8.01197,51.11571
158970624.18400,385.84832,24.12732,192.48194,-10.56488,-8.00737,51.13149
158970625.18400,386.03495,24.11927,192.48179,-10.56490,-8.00277,51.14901
158970626.18400,386.22159,24.11122,192.48165,-10.56492,-7.99816,51.15178
158970627.18400,386.40822,24.10317,192.48151,-10.56493,-7.99356,51.16957
158970628.18400,386.59485,24.09512,192.48136,-10.56495,-7.98896,51.19266
158970629.18400,386.78149,24.08707,192.48122,-10.56497,-7.98436,51.20006
158970630.18400,386.96877,24.07904,192.48108,-10.56498,-7.98398,51.22353
158970631.18400,387.15825,24.07106,192.48094,-10.56500,-7.99777,51.30995
158970632.18400,387.34772,24.06307,192.48079,-10.56502,-8.01156,51.38234
158970633.18400,387.53720,24.05509,192.48065,-10.56503,-8.02535,51.45533
158970634.18400,387.72667,24.04711,192.48051,-10.56505,-8.03913,51.54134
158970635.18400,387.91615,24.03913,192.48037,-10.56507,-8.05292,51.61885
158970636.18400,388.10562,24.03115,192.48022,-10.56508,-8.06671,51.69103
158970637.18400,388.29510,24.02317,192.48008,-10.56510,-8.08050,51.77474
158970638.18400,388.48457,24.01519,192.47994,-10.56511,-8.09429,51.85692
158970639.18400,388.67405,24.00720,192.47980,-10.56513,-8.10808,51.92810
158970640.18400,388.86352,23.99922,192.47966,-10.56515,-8.12187,52.00608
158970641.18400,389.05300,23.99124,192.47952,-10.56516,-8.13566,52.08668
158970642.18400,389.24247,23.98326,192.47938,-10.56518,-8.14945,52.16136
158970643.18400,389.43195,23.97528,192.47923,-10.56520,-8.16324,52.23741
158970644.18400,389.62142,23.96730,192.47909,-10.56521,-8.17703,52.30669
158970645.18400,389.81074,23.95927,192.47895,-10.56523,-8.18199,52.35663
158970646.18400,389.99955,23.95108,192.47881,-10.56525,-8.15735,52.30756
158970647.18400,390.18836,23.94289,192.47867,-10.56526,-8.13271,52.24813
158970648.18400,390.37717,23.93471,192.47853,-10.56528,-8.10807,52.19305
158970649.18400,390.56598,23.92652,192.47839,-10.56530,-8.08343,52.14215
158970650.18400,390.75478,23.91833,192.47825,-10.56531,-8.05879,52.08743
158970651.18400,390.94359,23.91015,192.47811,-10.56533,-8.03415,52.03236
158970652.18400,391.13240,23.90196,192.47797,-10.56535,-8.00952,51.98132
158970653.18400,391.32121,23.89377,192.47783,-10.56536,-7.98488,51.92485
158970654.18400,391.51002,23.88558,192.47770,-10.56538,-7.96024,51.86297
158970655.18400,391.69883,23.87740,192.47756,-10.56539,-7.93560,51.80697
158970656.18400,391.88763,23.86921,192.47742,-10.56541,-7.91096,51.75553
158970657.18400,392.07644,23.86102,192.47728,-10.56543,-7.88632,51.69827
158970658.18400,392.26525,23.85283,192.47714,-10.56544,-7.86168,51.64544
158970659.18400,392.45406,23.84465,192.47700,-10.56546,-7.83704,51.58716
158970660.18400,392.64157,23.83654,192.47686,-10.56548,-7.81481,51.53285
158970661.18400,392.82473,23.82873,192.47673,-10.56549,-7.80066,51.51235
158970662.18400,393.00789,23.82091,192.47659,-10.56551,-7.78652,51.49715
158970663.18400,393.19105,23.81309,192.47645,-10.56553,-7.77237,51.47640
158970664.18400,393.37421,23.80527,192.47631,-10.56554,-7.75822,51.45010
158970665.18400,393.55737,23.79745,192.47617,-10.56556,-7.74408,51.43410
158970666.18400,393.74052,23.78964,192.47604,-10.56558,-7.72993,51.41417
158970667.18400,393.92368,23.78182,192.47590,-10.56559,-7.71578,51.39881
158970668.18400,394.10684,23.77400,192.47576,-10.56561,-7.70164,51.37612
158970669.18400,394.29000,23.76618,192.47563,-10.56563,-7.68749,51.35009
158970670.18400,394.47316,23.75836,192.47549,-10.56564,-7.67334,51.33946
158970671.18400,394.65632,23.75055,192.47535,-10.56566,-7.65920,51.31254
158970672.18400,394.83948,23.74273,192.47522,-10.56568,-7.64505,51.28515
158970673.18400,395.02264,23.73491,192.47508,-10.56569,-7.63090,51.27386
158970674.18400,395.20580,23.72709,192.47494,-10.56571,-7.61676,51.25418
158970675.18400,395.38919,23.71932,192.47481,-10.56573,-7.60893,51.25072
158970676.18400,395.57338,23.71172,192.47467,-10.56574,-7.62231,51.33604
158970677.18400,395.75757,23.70411,192.47454,-10.56576,-7.63569,51.42190
158970678.18400,395.94175,23.69650,192.47440,-10.56577,-7.64908,51.49752
158970679.18400,396.12594,23.68890,192.47426,-10.56579,-7.66246,51.57823
158970680.18400,396.31013,23.68129,192.47413,-10.56581,-7.67584,51.65795
158970681.18400,396.49431,23.67369,192.47399,-10.56582,-7.68922,51.73642
158970682.18400,396.67850,23.66608,192.47386,-10.56584,-7.70260,51.81795
158970683.18400,396.86269,23.65847,192.47372,-10.56586,-7.71598,51.87587
158970684.18400,397.04687,23.65087,192.47359,-10.56587,-7.72936,51.90840
158970685.18400,397.23106,23.64326,192.47346,-10.56589,-7.74274,51.92981
158970686.18400,397.41525,23.63566,192.47332,-10.56591,-7.75612,51.94215
158970687.18400,397.59943,23.62805,192.47318,-10.56592,-7.76950,51.85860
158970688.18400,397.78362,23.62044,192.47305,-10.56594,-7.78288,51.62545
158970689.18400,397.96781,23.61284,192.47291,-10.56596,-7.79626,51.34047
158970690.18400,398.15274,23.60519,192.47277,-10.56597,-7.80611,51.06776
158970691.18400,398.34017,23.59738,192.47263,-10.56599,-7.80413,51.07301
158970692.18400,398.52760,23.58957,192.47249,-10.56601,-7.80214,51.59590
158970693.18400,398.71503,23.58177,192.47235,-10.56602,-7.80016,52.12035
158970694.18400,398.90247,23.57396,192.47222,-10.56604,-7.79818,52.14694
158970695.18400,399.08990,23.56615,192.47208,-10.56606,-7.79619,51.90765
158970696.18400,399.27733,23.55835,192.47195,-10.56607,-7.79421,51.76555
158970697.18400,399.46476,23.55054,192.47181,-10.56609,-7.79222,51.69863
158970698.18400,399.65219,23.54273,192.47167,-10.56611,-7.79024,51.45100
158970699.18400,399.83962,23.53493,192.47153,-10.56612,-7.78825,51.07980
158970700.18400,400.02706,23.52712,192.47139,-10.56614,-7.78627,50.88627
158970701.18400,400.21449,23.51931,192.47125,-10.56616,-7.78428,50.83634
158970702.18400,400.40192,23.51151,192.47111,-10.56618,-7.78230,50.91910
158970703.18400,400.58935,23.50370,192.47097,-10.56619,-7.78031,51.21097
158970704.18400,400.77678,23.49589,192.47083,-10.56621,-7.77833,51.52547
158970705.18400,400.96384,23.48809,192.47070,-10.56623,-7.77368,51.71738
158970706.18400,401.14963,23.48032,192.47056,-10.56624,-7.76012,51.81884
158970707.18400,401.33543,23.47254,192.47042,-10.56626,-7.74655,51.92570
158970708.18400,401.52122,23.46476,192.47029,-10.56628,-7.73299,52.04094
158970709.18400,401.70701,23.45699,192.47016,-10.56629,-7.71942,52.14041
158970710.18400,401.89281,23.44921,192.47002,-10.56631,-7.70586,52.20976
158970711.18400,402.07860,23.44143,192.46989,-10.56633,-7.69229,52.22433
158970712.18400,402.26439,23.43366,192.46976,-10.56634,-7.67873,52.36152
158970713.18400,402.45019,23.42588,192.46963,-10.56636,-7.66516,52.60242
158970714.18400,402.63598,23.41810,192.46950,-10.56638,-7.65160,52.69022
158970715.18400,402.82178,23.41033,192.46937,-10.56639,-7.63803,52.67712
158970716.18400,403.00757,23.40255,192.46924,-10.56641,-7.62447,52.65710
158970717.18400,403.19336,23.39477,192.46911,-10.56643,-7.61090,52.64452
158970718.18400,403.37916,23.38700,192.46898,-10.56644,-7.59733,52.63140
158970719.18400,403.56495,23.37922,192.46885,-10.56646,-7.58377,52.61211
158970720.18400,403.75158,23.37149,192.46872,-10.56648,-7.57950,52.63208
158970721.18400,403.94101,23.36392,192.46859,-10.56649,-7.60639,52.76706
158970722.18400,404.13045,23.35634,192.46847,-10.56651,-7.63329,52.90201
158970723.18400,404.31988,23.34877,192.46834,-10.56653,-7.66019,52.96074
158970724.18400,404.50931,23.34120,192.46821,-10.56655,-7.68708,52.91174
158970725.18400,404.69875,23.33362,192.46808,-10.56656,-7.71398,52.82352
158970726.18400,404.88818,23.32605,192.46795,-10.56658,-7.74087,52.74419
158970727.18400,405.07761,23.31848,192.46782,-10.56660,-7.76777,52.66013
158970728.18400,405.26705,23.31090,192.46768,-10.56661,-7.79467,52.58515
158970729.18400,405.45648,23.30333,192.46755,-10.56663,-7.82156,52.64324
158970730.18400,405.64592,23.29576,192.46742,-10.56665,-7.84846,52.82580
158970731.18400,405.83535,23.28818,192.46729,-10.56666,-7.87535,52.94936
158970732.18400,406.02478,23.28061,192.46715,-10.56668,-7.90225,53.01708
158970733.18400,406.21422,23.27304,192.46702,-10.56670,-7.92915,53.09419
158970734.18400,406.40365,23.26546,192.46689,-10.56672,-7.95604,53.25785
158970735.18400,406.59351,23.25780,192.46676,-10.56673,-7.97130,53.56880
158970736.18400,406.78482,23.24982,192.46663,-10.56675,-7.94752,53.81774
158970737.18400,406.97612,23.24184,192.46650,-10.56677,-7.92375,54.05454
158970738.18400,407.16742,23.23387,192.46637,-10.56678,-7.89997,54.30931
158970739.18400,407.35873,23.22589,192.46625,-10.56680,-7.87619,54.56051
158970740.18400,407.55003,23.21791,192.46612,-10.56682,-7.85242,54.80993
158970741.18400,407.74134,23.20994,192.46600,-10.56683,-7.82864,55.02032
158970742.18400,407.93264,23.20196,192.46588,-10.56685,-7.80487,55.14253
158970743.18400,408.12394,23.19398,192.46576,-10.56687,-7.78109,55.23497
158970744.18400,408.31525,23.18601,192.46564,-10.56689,-7.75731,55.32936
158970745.18400,408.50655,23.17803,192.46552,-10.56690,-7.73354,55.54383
158970746.18400,408.69786,23.17005,192.46540,-10.56692,-7.70976,55.97714
158970747.18400,408.88916,23.16208,192.46529,-10.56694,-7.68599,56.49515
158970748.18400,409.08047,23.15410,192.46518,-10.56695,-7.66221,57.01620
158970749.18400,409.27177,23.14612,192.46507,-10.56697,-7.63843,57.47186
158970750.18400,409.46222,23.13823,192.46496,-10.56699,-7.61926,56.72835
158970751.18400,409.64982,23.13061,192.46485,-10.56701,-7.61551,55.18406
158970752.18400,409.83742,23.12299,192.46473,-10.56702,-7.61176,54.70226
158970753.18400,410.02502,23.11537,192.46461,-10.56704,-7.60802,55.01372
158970754.18400,410.21262,23.10775,192.46449,-10.56706,-7.60427,55.29778
158970755.18400,410.40022,23.10013,192.46438,-10.56708,-7.60052,55.38031
158970756.18400,410.58781,23.09251,192.46426,-10.56709,-7.59677,55.14120
158970757.18400,410.77541,23.08489,192.46414,-10.56711,-7.59302,54.90258
158970758.18400,410.96301,23.07727,192.46402,-10.56713,-7.58928,54.89194
158970759.18400,411.15061,23.06965,192.46390,-10.56715,-7.58553,54.98354
158970760.18400,411.33821,23.06203,192.46379,-10.56716,-7.58178,55.07731
158970761.18400,411.52581,23.05441,192.46367,-10.56718,-7.57803,55.24390
158970762.18400,411.71341,23.04679,192.46355,-10.56720,-7.57428,55.58881
158970763.18400,411.90101,23.03917,192.46344,-10.56721,-7.57054,55.94565
158970764.18400,412.08860,23.03155,192.46333,-10.56723,-7.56679,54.98053
158970765.18400,412.27682,23.02394,192.46320,-10.56725,-7.56648,53.29997
158970766.18400,412.46713,23.01638,192.46308,-10.56727,-7.57773,53.06811
158970767.18400,412.65743,23.00881,192.46295,-10.56728,-7.58897,53.76708
158970768.18400,412.84773,23.00125,192.46283,-10.56730,-7.60021,54.39835
158970769.18400,413.03803,22.99369,192.46271,-10.56732,-7.61146,54.91383
158970770.18400,413.22834,22.98612,192.46259,-10.56734,-7.62270,55.22825
158970771.18400,413.41864,22.97856,192.46247,-10.56735,-7.63395,55.26668
158970772.18400,413.60894,22.97099,192.46236,-10.56737,-7.64519,55.17743
158970773.18400,413.79924,22.96343,192.46224,-10.56739,-7.65643,55.09477
158970774.18400,413.98955,22.95587,192.46212,-10.56741,-7.66768,55.01435
158970775.18400,414.17985,22.94830,192.46200,-10.56742,-7.67892,54.92503
158970776.18400,414.37015,22.94074,192.46188,-10.56744,-7.69017,54.85795
158970777.18400,414.56045,22.93317,192.46176,-10.56746,-7.70141,54.85983
158970778.18400,414.75076,22.92561,192.46164,-10.56748,-7.71265,54.98897
158970779.18400,414.94106,22.91805,192.46152,-10.56749,-7.72390,55.17512
158970780.18400,415.13201,22.91044,192.46140,-10.56751,-7.73190,55.34660
158970781.18400,415.32513,22.90271,192.46128,-10.56753,-7.72901,55.48324
158970782.18400,415.51825,22.89498,192.46117,-10.56755,-7.72612,55.60828
158970783.18400,415.71137,22.88725,192.46105,-10.56756,-7.72323,55.73230
158970784.18400,415.90449,22.87951,192.46093,-10.56758,-7.72034,55.84920
158970785.18400,416.09760,22.87178,192.46082,-10.56760,-7.71745,55.92045
158970786.18400,416.29072,22.86405,192.46070,-10.56762,-7.71456,55.90858
158970787.18400,416.48384,22.85632,192.46058,-10.56763,-7.71168,55.86557
158970788.18400,416.67696,22.84858,192.46047,-10.56765,-7.70879,55.83318
158970789.18400,416.87008,22.84085,192.46035,-10.56767,-7.70590,55.79352
158970790.18400,417.06320,22.83312,192.46024,-10.56769,-7.70301,55.75449
158970791.18400,417.25632,22.82538,192.46012,-10.56770,-7.70012,55.71849
158970792.18400,417.44944,22.81765,192.46000,-10.56772,-7.69723,55.66973
158970793.18400,417.64256,22.80992,192.45989,-10.56774,-7.69434,55.63073
158970794.18400,417.83568,22.80219,192.45977,-10.56775,-7.69146,55.59921
158970795.18400,418.02872,22.79446,192.45965,-10.56777,-7.68813,55.56116
158970796.18400,418.22153,22.78677,192.45954,-10.56779,-7.68332,55.51445
158970797.18400,418.41433,22.77909,192.45942,-10.56781,-7.67851,55.46404
158970798.18400,418.60713,22.77140,192.45930,-10.56782,-7.67370,55.42186
158970799.18400,418.79993,22.76371,192.45918,-10.56784,-7.66889,55.37513
158970800.18400,418.99273,22.75602,192.45907,-10.56786,-7.66408,55.32582
158970801.18400,419.18554,22.74833,192.45895,-10.56788,-7.65927,55.28318
158970802.18400,419.37834,22.74064,192.45883,-10.56789,-7.65446,55.23464
158970803.18400,419.57114,22.73295,192.45871,-10.56791,-7.64965,55.18557
158970804.18400,419.76394,22.72526,192.45860,-10.56793,-7.64484,55.14375
158970805.18400,419.95674,22.71757,192.45848,-10.56795,-7.64003,55.09648
158970806.18400,420.14955,22.70988,192.45836,-10.56796,-7.63522,55.05723
158970807.18400,420.34235,22.70219,192.45824,-10.56798,-7.63041,55.00871
158970808.18400,420.53515,22.69450,192.45812,-10.56800,-7.62560,54.95800
158970809.18400,420.72795,22.68681,192.45800,-10.56802,-7.62079,54.91326
158970810.18400,420.92052,22.67914,192.45788,-10.56803,-7.61568,54.86711
158970811.18400,421.11231,22.67152,192.45777,-10.56805,-7.60959,54.82394
158970812.18400,421.30410,22.66391,192.45765,-10.56807,-7.60350,54.76354
158970813.18400,421.49588,22.65629,192.45753,-10.56809,-7.59741,54.71384
158970814.18400,421.68767,22.64867,192.45741,-10.56810,-7.59132,54.67127
158970815.18400,421.87946,22.64105,192.45729,-10.56812,-7.58522,54.62124
158970816.18400,422.07125,22.63344,192.45717,-10.56814,-7.57913,54.56638
158970817.18400,422.26303,22.62582,192.45705,-10.56816,-7.57304,54.51335
158970818.18400,422.45482,22.61820,192.45693,-10.56817,-7.56695,54.46216
158970819.18400,422.64661,22.61058,192.45681,-10.56819,-7.56086,54.41058
158970820.18400,422.83840,22.60297,192.45669,-10.56821,-7.55477,54.36394
158970821.18400,423.03018,22.59535,192.45657,-10.56823,-7.54868,54.31629
158970822.18400,423.22197,22.58773,192.45645,-10.56824,-7.54258,54.26756
158970823.18400,423.41376,22.58011,192.45633,-10.56826,-7.53649,54.21451
158970824.18400,423.60555,22.57250,192.45621,-10.56828,-7.53040,54.16667
158970825.18400,423.79726,22.56490,192.45609,-10.56829,-7.52543,54.12175
158970826.18400,423.98875,22.55738,192.45596,-10.56831,-7.52422,54.08550
158970827.18400,424.18023,22.54985,192.45584,-10.56833,-7.52301,54.05823
158970828.18400,424.37172,22.54233,192.45572,-10.56835,-7.52180,54.02735
158970829.18400,424.56320,22.53480,192.45560,-10.56836,-7.52059,53.99115
158970830.18400,424.75469,22.52727,192.45548,-10.56838,-7.51938,53.95733
158970831.18400,424.94617,22.51975,192.45536,-10.56840,-7.51817,53.92055
158970832.18400,425.13766,22.51222,192.45524,-10.56841,-7.51696,53.89698
158970833.18400,425.32914,22.50470,192.45511,-10.56843,-7.51575,53.86888
158970834.18400,425.52063,22.49717,192.45499,-10.56845,-7.51454,53.82557
158970835.18400,425.71211,22.48965,192.45487,-10.56847,-7.51333,53.79933
158970836.18400,425.90360,22.48212,192.45475,-10.56848,-7.51211,53.76982
158970837.18400,426.09508,22.47460,192.45463,-10.56850,-7.51090,53.72516
158970838.18400,426.28657,22.46707,192.45450,-10.56852,-7.50969,53.69880
158970839.18400,426.47805,22.45955,192.45438,-10.56853,-7.50848,53.67371
158970840.18400,426.67000,22.45203,192.45426,-10.56855,-7.50889,53.64266
158970841.18400,426.86349,22.44452,192.45413,-10.56857,-7.51473,53.63002
158970842.18400,427.05698,22.43701,192.45401,-10.56858,-7.52057,53.62627
158970843.18400,427.25047,22.42950,192.45389,-10.56860,-7.52641,53.62641
158970844.18400,427.44396,22.42200,192.45377,-10.56862,-7.53225,53.61272
158970845.18400,427.63745,22.41449,192.45364,-10.56864,-7.53808,53.60418
158970846.18400,427.83094,22.40698,192.45352,-10.56865,-7.54392,53.60264
158970847.18400,428.02444,22.39947,192.45339,-10.56867,-7.54976,53.58809
158970848.18400,428.21793,22.39197,192.45327,-10.56869,-7.55560,53.58021
158970849.18400,428.41142,22.38446,192.45315,-10.56870,-7.56144,53.57961
158970850.18400,428.60491,22.37695,192.45302,-10.56872,-7.56728,53.57222
158970851.18400,428.79840,22.36944,192.45290,-10.56874,-7.57312,53.56358
158970852.18400,428.99189,22.36194,192.45277,-10.56875,-7.57896,53.55327
158970853.18400,429.18538,22.35443,192.45265,-10.56877,-7.58479,53.55436
158970854.18400,429.37887,22.34692,192.45253,-10.56879,-7.59063,53.55113
158970855.18400,429.57253,22.33940,192.45240,-10.56880,-7.59332,53.52874
158970856.18400,429.76674,22.33180,192.45228,-10.56882,-7.58546,53.47378
158970857.18400,429.96096,22.32420,192.45215,-10.56884,-7.57760,53.41960
158970858.18400,430.15517,22.31661,192.45203,-10.56886,-7.56974,53.36188
158970859.18400,430.34939,22.30901,192.45190,-10.56887,-7.56187,53.30484
158970860.18400,430.54360,22.30142,192.45178,-10.56889,-7.55401,53.25252
158970861.18400,430.73781,22.29382,192.45165,-10.56891,-7.54615,53.19752
158970862.18400,430.93203,22.28623,192.45152,-10.56892,-7.53829,53.23395
158970863.18400,431.12624,22.27863,192.45140,-10.56894,-7.53042,53.40838
158970864.18400,431.32045,22.27104,192.45128,-10.56896,-7.52256,53.64055
158970865.18400,431.51467,22.26344,192.45115,-10.56897,-7.51470,53.87513
158970866.18400,431.70888,22.25585,192.45103,-10.56899,-7.50683,54.11868
158970867.18400,431.90310,22.24825,192.45091,-10.56900,-7.49897,54.35928
158970868.18400,432.09731,22.24066,192.45079,-10.56902,-7.49111,54.59188
158970869.18400,432.29152,22.23306,192.45067,-10.56904,-7.48325,54.75495
158970870.18400,432.48584,22.22549,192.45056,-10.56905,-7.47814,54.67176
158970871.18400,432.68051,22.21802,192.45044,-10.56907,-7.48226,54.35795
158970872.18400,432.87517,22.21054,192.45032,-10.56909,-7.48637,53.95995
158970873.18400,433.06984,22.20306,192.45020,-10.56910,-7.49049,53.78835
158970874.18400,433.26450,22.19558,192.45008,-10.56912,-7.49461,53.91020
158970875.18400,433.45917,22.18811,192.44995,-10.56914,-7.49873,54.08360
158970876.18400,433.65383,22.18063,192.44983,-10.56915,-7.50285,54.22475
158970877.18400,433.84850,22.17315,192.44971,-10.56917,-7.50697,54.36815
158970878.18400,434.04316,22.16567,192.44959,-10.56918,-7.51109,54.51204
158970879.18400,434.23783,22.15820,192.44948,-10.56920,-7.51521,54.67435
158970880.18400,434.43249,22.15072,192.44936,-10.56922,-7.51933,54.96603
158970881.18400,434.62716,22.14324,192.44924,-10.56923,-7.52345,55.47008
158970882.18400,434.82182,22.13576,192.44913,-10.56925,-7.52757,55.91642
158970883.18400,435.01649,22.12829,192.44902,-10.56927,-7.53169,56.08482
158970884.18400,435.21116,22.12081,192.44890,-10.56928,-7.53581,56.13815
158970885.18400,435.40642,22.11332,192.44879,-10.56930,-7.53963,56.23321
158970886.18400,435.60371,22.10578,192.44868,-10.56932,-7.54248,56.38306
158970887.18400,435.80100,22.09824,192.44857,-10.56933,-7.54532,56.46037
158970888.18400,435.99829,22.09070,192.44846,-10.56935,-7.54817,56.37977
158970889.18400,436.19558,22.08316,192.44835,-10.56936,-7.55101,56.22960
158970890.18400,436.39287,22.07563,192.44823,-10.56938,-7.55386,56.07981
158970891.18400,436.59016,22.06809,192.44812,-10.56940,-7.55670,55.92554
158970892.18400,436.78745,22.06055,192.44801,-10.56941,-7.55955,55.77813
158970893.18400,436.98474,22.05301,192.44789,-10.56943,-7.56239,55.62969
158970894.18400,437.18202,22.04547,192.44778,-10.56944,-7.56524,55.46956
158970895.18400,437.37931,22.03793,192.44766,-10.56946,-7.56808,55.31885
158970896.18400,437.57660,22.03039,192.44754,-10.56948,-7.57092,55.18358
158970897.18400,437.77389,22.02285,192.44743,-10.56949,-7.57377,55.09387
158970898.18400,437.97118,22.01532,192.44731,-10.56951,-7.57661,55.10276
158970899.18400,438.16847,22.00778,192.44719,-10.56952,-7.57946,55.13940
158970900.18400,438.36589,22.00023,192.44707,-10.56954,-7.58024,54.93164
158970901.18400,438.56373,21.99265,192.44695,-10.56956,-7.57408,54.61960
158970902.18400,438.76158,21.98506,192.44683,-10.56957,-7.56793,54.66103
158970903.18400,438.95942,21.97748,192.44672,-10.56959,-7.56178,54.92931
158970904.18400,439.15727,21.96990,192.44660,-10.56961,-7.55562,55.18750
158970905.18400,439.35511,21.96232,192.44648,-10.56962,-7.54947,55.43939
158970906.18400,439.55296,21.95474,192.44637,-10.56964,-7.54332,55.70366
158970907.18400,439.75080,21.94715,192.44625,-10.56965,-7.53716,55.97012
158970908.18400,439.94865,21.93957,192.44614,-10.56967,-7.53101,56.22851
158970909.18400,440.14649,21.93199,192.44603,-10.56969,-7.52486,56.36254
158970910.18400,440.34434,21.92441,192.44592,-10.56970,-7.51870,56.72301
158970911.18400,440.54218,21.91683,192.44581,-10.56972,-7.51255,57.43116
158970912.18400,440.74003,21.90924,192.44571,-10.56973,-7.50640,57.84901
158970913.18400,440.93787,21.90166,192.44560,-10.56975,-7.50024,57.80002
158970914.18400,441.13572,21.89408,192.44550,-10.56977,-7.49409,57.44044
158970915.18400,441.33348,21.88652,192.44539,-10.56978,-7.48906,56.94875
158970916.18400,441.53099,21.87903,192.44528,-10.56980,-7.48778,56.46903
158970917.18400,441.72849,21.87154,192.44517,-10.56981,-7.48650,56.10176
158970918.18400,441.92599,21.86405,192.44506,-10.56983,-7.48522,55.89763
158970919.18400,442.12349,21.85656,192.44494,-10.56985,-7.48395,55.75796
158970920.18400,442.32100,21.84907,192.44483,-10.56986,-7.48267,55.62496
158970921.18400,442.51850,21.84158,192.44472,-10.56988,-7.48139,55.48427
158970922.18400,442.71600,21.83409,192.44460,-10.56989,-7.48012,55.39400
158970923.18400,442.91351,21.82661,192.44449,-10.56991,-7.47884,55.38983
158970924.18400,443.11101,21.81912,192.44437,-10.56992,-7.47756,55.43049
158970925.18400,443.30851,21.81163,192.44426,-10.56994,-7.47628,55.46088
158970926.18400,443.50601,21.80414,192.44414,-10.56996,-7.47501,55.48327
158970927.18400,443.70352,21.79665,192.44403,-10.56997,-7.47373,55.51370
158970928.18400,443.90102,21.78916,192.44391,-10.56999,-7.47245,55.47293
158970929.18400,444.09852,21.78167,192.44380,-10.57000,-7.47117,55.50649
158970930.18400,444.29622,21.77418,192.44369,-10.57002,-7.47012,55.81234
158970931.18400,444.49455,21.76671,192.44357,-10.57003,-7.46983,56.11349
158970932.18400,444.69288,21.75924,192.44346,-10.57005,-7.46954,56.17436
158970933.18400,444.89122,21.75177,192.44335,-10.57006,-7.46924,56.12672
158970934.18400,445.08955,21.74430,192.44324,-10.57008,-7.46895,56.08378
158970935.18400,445.28788,21.73683,192.44313,-10.57010,-7.46866,56.04438
158970936.18400,445.48622,21.72936,192.44302,-10.57011,-7.46836,55.99587
158970937.18400,445.68455,21.72189,192.44291,-10.57013,-7.46807,55.96334
158970938.18400,445.88289,21.71442,192.44279,-10.57014,-7.46778,55.99144
158970939.18400,446.08122,21.70695,192.44268,-10.57016,-7.46748,56.12094
158970940.18400,446.27955,21.69948,192.44257,-10.57017,-7.46719,56.30584
158970941.18400,446.47789,21.69201,192.44246,-10.57019,-7.46690,56.48935
158970942.18400,446.67622,21.68454,192.44235,-10.57020,-7.46660,56.61309
158970943.18400,446.87455,21.67707,192.44224,-10.57022,-7.46631,56.62865
158970944.18400,447.07289,21.66960,192.44213,-10.57023,-7.46602,56.60410
158970945.18400,447.27116,21.66214,192.44202,-10.57025,-7.46419,56.59183
158970946.18400,447.46921,21.65467,192.44191,-10.57027,-7.45722,56.54726
158970947.18400,447.66727,21.64720,192.44180,-10.57028,-7.45025,56.51680
158970948.18400,447.86532,21.63974,192.44169,-10.57030,-7.44329,56.52999
158970949.18400,448.06338,21.63227,192.44158,-10.57031,-7.43632,56.54438
158970950.18400,448.26144,21.62481,192.44148,-10.57033,-7.42935,56.62888
158970951.18400,448.45949,21.61734,192.44137,-10.57034,-7.42239,56.80258
158970952.18400,448.65755,21.60987,192.44126,-10.57036,-7.41542,57.00387
158970953.18400,448.85561,21.60241,192.44115,-10.57037,-7.40845,57.15703
158970954.18400,449.05366,21.59494,192.44105,-10.57039,-7.40148,57.21806
158970955.18400,449.25172,21.58748,192.44094,-10.57040,-7.39452,57.24304
158970956.18400,449.44977,21.58001,192.44084,-10.57042,-7.38755,57.26325
158970957.18400,449.64783,21.57254,192.44073,-10.57043,-7.38058,57.27763
158970958.18400,449.84589,21.56508,192.44063,-10.57045,-7.37361,57.30501
158970959.18400,450.04394,21.55761,192.44052,-10.57047,-7.36665,57.33750
158970960.18400,450.24215,21.55017,192.44042,-10.57048,-7.36228,57.36711
158970961.18400,450.44086,21.54281,192.44031,-10.57050,-7.36666,57.42639
158970962.18400,450.63957,21.53545,192.44021,-10.57051,-7.37103,57.49187
158970963.18400,450.83828,21.52809,192.44010,-10.57053,-7.37540,57.55671
158970964.18400,451.03700,21.52072,192.44000,-10.57054,-7.37978,57.62148
158970965.18400,451.23571,21.51336,192.43990,-10.57056,-7.38415,57.68757
158970966.18400,451.43442,21.50600,192.43979,-10.57057,-7.38852,57.75497
158970967.18400,451.63313,21.49864,192.43969,-10.57059,-7.39289,57.81686
158970968.18400,451.83184,21.49128,192.43958,-10.57060,-7.39727,57.87736
158970969.18400,452.03055,21.48392,192.43948,-10.57062,-7.40164,57.95208
158970970.18400,452.22927,21.47656,192.43938,-10.57063,-7.40601,58.01216
158970971.18400,452.42798,21.46919,192.43928,-10.57065,-7.41038,58.06603
158970972.18400,452.62669,21.46183,192.43917,-10.57066,-7.41476,58.12998
158970973.18400,452.82540,21.45447,192.43907,-10.57068,-7.41913,58.19375
158970974.18400,453.02411,21.44711,192.43897,-10.57069,-7.42350,58.25526
158970975.18400,453.22292,21.43973,192.43887,-10.57071,-7.42503,58.30847
158970976.18400,453.42203,21.43231,192.43877,-10.57072,-7.41703,58.33153
158970977.18400,453.62114,21.42488,192.43866,-10.57074,-7.40904,58.35139
158970978.18400,453.82025,21.41745,192.43856,-10.57075,-7.40104,58.37199
158970979.18400,454.01936,21.41003,192.43846,-10.57077,-7.39304,58.39704
158970980.18400,454.21847,21.40260,192.43836,-10.57079,-7.38504,58.40466
158970981.18400,454.41758,21.39517,192.43826,-10.57080,-7.37704,58.42539
158970982.18400,454.61669,21.38775,192.43816,-10.57082,-7.36905,58.46305
158970983.18400,454.81580,21.38032,192.43806,-10.57083,-7.36105,58.47075
158970984.18400,455.01491,21.37289,192.43796,-10.57085,-7.35305,58.49185
158970985.18400,455.21402,21.36547,192.43786,-10.57086,-7.34505,58.51582
158970986.18400,455.41313,21.35804,192.43776,-10.57088,-7.33705,58.53973
158970987.18400,455.61224,21.35061,192.43766,-10.57089,-7.32906,58.56422
158970988.18400,455.81135,21.34319,192.43756,-10.57091,-7.32106,58.58832
158970989.18400,456.01046,21.33576,192.43746,-10.57092,-7.31306,58.61116
158970990.18400,456.20944,21.32836,192.43736,-10.57094,-7.30680,58.62938
158970991.18400,456.40798,21.32105,192.43727,-10.57095,-7.30635,58.68182
158970992.18400,456.60652,21.31375,192.43717,-10.57097,-7.30590,58.74349
158970993.18400,456.80507,21.30644,192.43707,-10.57098,-7.30546,58.79388
158970994.18400,457.00361,21.29913,192.43697,-10.57100,-7.30501,58.83288
158970995.18400,457.20215,21.29183,192.43687,-10.57101,-7.30456,58.88258
158970996.18400,457.40069,21.28452,192.43677,-10.57103,-7.30411,58.93116
158970997.18400,457.59924,21.27721,192.43668,-10.57104,-7.30367,58.98165
158970998.18400,457.79778,21.26991,192.43658,-10.57106,-7.30322,59.03093
158970999.18400,457.99632,21.26260,192.43648,-10.57107,-7.30277,59.07518
158971000.18400,458.19486,21.25529,192.43639,-10.57109,-7.30232,59.12476
158971001.18400,458.39341,21.24799,192.43629,-10.57110,-7.30188,59.16890
158971002.18400,458.59195,21.24068,192.43619,-10.57111,-7.30143,59.21838
158971003.18400,458.79049,21.23337,192.43610,-10.57113,-7.30098,59.27303
158971004.18400,458.98903,21.22607,192.43600,-10.57114,-7.30053,59.32262
158971005.18400,459.18839,21.21876,192.43590,-10.57116,-7.30304,59.37731
158971006.18400,459.39046,21.21146,192.43581,-10.57117,-7.31543,59.46927
158971007.18400,459.59253,21.20416,192.43571,-10.57119,-7.32782,59.56288
158971008.18400,459.79460,21.19686,192.43562,-10.57120,-7.34021,59.65431
158971009.18400,459.99667,21.18956,192.43552,-10.57122,-7.35261,59.74636
158971010.18400,460.19875,21.18226,192.43543,-10.57123,-7.36500,59.84083
158971011.18400,460.40082,21.17496,192.43533,-10.57125,-7.37739,59.93153
158971012.18400,460.60289,21.16766,192.43524,-10.57126,-7.38979,60.01656
158971013.18400,460.80496,21.16036,192.43514,-10.57128,-7.40218,60.10933
158971014.18400,461.00703,21.15306,192.43505,-10.57129,-7.41457,60.20836
158971015.18400,461.20910,21.14576,192.43495,-10.57131,-7.42696,60.30084
158971016.18400,461.41118,21.13846,192.43486,-10.57132,-7.43936,60.38423
158971017.18400,461.61325,21.13116,192.43477,-10.57134,-7.45175,60.47643
158971018.18400,461.81532,21.12385,192.43467,-10.57135,-7.46414,60.56912
158971019.18400,462.01739,21.11655,192.43458,-10.57137,-7.47653,60.66123
158971020.18400,462.21931,21.10921,192.43449,-10.57138,-7.48123,60.72749
158971021.18400,462.42073,21.10172,192.43439,-10.57140,-7.46014,60.71155
158971022.18400,462.62215,21.09424,192.43430,-10.57141,-7.43904,60.69636
158971023.18400,462.82357,21.08675,192.43421,-10.57143,-7.41794,60.67034
158971024.18400,463.02499,21.07927,192.43412,-10.57144,-7.39685,60.65022
158971025.18400,463.22641,21.07178,192.43403,-10.57145,-7.37575,60.64278
158971026.18400,463.42783,21.06429,192.43393,-10.57147,-7.35465,60.62706
158971027.18400,463.62925,21.05681,192.43384,-10.57148,-7.33356,60.59796
158971028.18400,463.83067,21.04932,192.43375,-10.57150,-7.31246,60.58094
158971029.18400,464.03209,21.04184,192.43366,-10.57151,-7.29136,60.55904
158971030.18400,464.23351,21.03435,192.43357,-10.57153,-7.27027,60.54267
158971031.18400,464.43493,21.02686,192.43348,-10.57154,-7.24917,60.52621
158971032.18400,464.63635,21.01938,192.43339,-10.57156,-7.22807,60.50814
158971033.18400,464.83777,21.01189,192.43330,-10.57157,-7.20698,60.49260
158971034.18400,465.03919,21.00441,192.43321,-10.57158,-7.18588,60.46126
158971035.18400,465.24026,20.99699,192.43312,-10.57160,-7.17136,60.47580
158971036.18400,465.44014,20.98982,192.43303,-10.57161,-7.17887,60.55878
158971037.18400,465.64002,20.98265,192.43294,-10.57163,-7.18639,60.62840
158971038.18400,465.83990,20.97549,192.43285,-10.57164,-7.19390,60.70330
158971039.18400,466.03978,20.96832,192.43276,-10.57166,-7.20142,60.78214
158971040.18400,466.23966,20.96115,192.43267,-10.57167,-7.20893,60.86094
158971041.18400,466.43954,20.95398,192.43258,-10.57169,-7.21645,60.93969
158971042.18400,466.63942,20.94681,192.43249,-10.57170,-7.22396,61.01306
158971043.18400,466.83931,20.93964,192.43240,-10.57171,-7.23148,60.95846
158971044.18400,467.03919,20.93247,192.43231,-10.57173,-7.23899,60.70120
158971045.18400,467.23907,20.92530,192.43222,-10.57174,-7.24651,60.36219
158971046.18400,467.43895,20.91813,192.43213,-10.57176,-7.25402,60.03203
158971047.18400,467.63883,20.91096,192.43204,-10.57177,-7.26154,59.82182
158971048.18400,467.83871,20.90379,192.43194,-10.57179,-7.26906,59.82115
158971049.18400,468.03859,20.89662,192.43185,-10.57180,-7.27657,59.89920
158971050.18400,468.23968,20.88943,192.43175,-10.57181,-7.28505,59.96136
158971051.18400,468.44478,20.88214,192.43166,-10.57183,-7.29673,60.04134
158971052.18400,468.64989,20.87486,192.43157,-10.57184,-7.30842,60.12776
158971053.18400,468.85500,20.86758,192.43147,-10.57186,-7.32011,60.21802
158971054.18400,469.06010,20.86030,192.43138,-10.57187,-7.33180,60.29858
158971055.18400,469.26521,20.85301,192.43129,-10.57188,-7.34349,60.37628
158971056.18400,469.47032,20.84573,192.43120,-10.57190,-7.35518,60.45740
158971057.18400,469.67542,20.83845,192.43110,-10.57191,-7.36687,60.53962
158971058.18400,469.88053,20.83117,192.43101,-10.57193,-7.37856,60.62792
158971059.18400,470.08564,20.82388,192.43092,-10.57194,-7.39025,60.72048
158971060.18400,470.29074,20.81660,192.43083,-10.57195,-7.40194,60.79931
158971061.18400,470.49585,20.80932,192.43074,-10.57197,-7.41363,60.82416
158971062.18400,470.70096,20.80204,192.43064,-10.57198,-7.42532,60.78422
158971063.18400,470.90606,20.79475,192.43055,-10.57200,-7.43701,60.81546
158971064.18400,471.11117,20.78747,192.43046,-10.57201,-7.44870,61.01899
158971065.18400,471.31652,20.78015,192.43037,-10.57202,-7.45479,61.28409
158971066.18400,471.52266,20.77269,192.43028,-10.57204,-7.44210,61.47818
158971067.18400,471.72880,20.76523,192.43019,-10.57205,-7.42941,61.68714
158971068.18400,471.93495,20.75778,192.43010,-10.57207,-7.41672,62.12004
158971069.18400,472.14109,20.75032,192.43002,-10.57208,-7.40403,62.34659
158971070.18400,472.34723,20.74286,192.42993,-10.57209,-7.39134,62.16265
158971071.18400,472.55338,20.73540,192.42984,-10.57211,-7.37865,62.02566
158971072.18400,472.75952,20.72795,192.42976,-10.57212,-7.36596,61.85394
158971073.18400,472.96567,20.72049,192.42967,-10.57214,-7.35327,61.56102
158971074.18400,473.17181,20.71303,192.42958,-10.57215,-7.34058,61.26109
158971075.18400,473.37795,20.70557,192.42949,-10.57216,-7.32789,60.96994
158971076.18400,473.58410,20.69812,192.42940,-10.57218,-7.31520,60.68027
158971077.18400,473.79024,20.69066,192.42931,-10.57219,-7.30251,60.38914
158971078.18400,473.99638,20.68320,192.42921,-10.57220,-7.28982,60.09018
158971079.18400,474.20253,20.67574,192.42912,-10.57222,-7.27713,59.79964
158971080.18400,474.40749,20.66833,192.42903,-10.57223,-7.26329,59.50403
158971081.18400,474.60848,20.66106,192.42893,-10.57224,-7.24559,59.19047
158971082.18400,474.80947,20.65380,192.42883,-10.57226,-7.22789,58.87718
158971083.18400,475.01046,20.64653,192.42874,-10.57227,-7.21019,58.64499
158971084.18400,475.21146,20.63926,192.42864,-10.57229,-7.19249,58.54116
158971085.18400,475.41245,20.63199,192.42854,-10.57230,-7.17479,58.49279
158971086.18400,475.61344,20.62473,192.42844,-10.57231,-7.15709,58.44441
158971087.18400,475.81443,20.61746,192.42835,-10.57233,-7.13939,58.40593
158971088.18400,476.01542,20.61019,192.42825,-10.57234,-7.12169,58.35589
158971089.18400,476.21642,20.60292,192.42815,-10.57235,-7.10399,58.30030
158971090.18400,476.41741,20.59566,192.42805,-10.57237,-7.08629,58.26001
158971091.18400,476.61840,20.58839,192.42796,-10.57238,-7.06859,58.20626
158971092.18400,476.81939,20.58112,192.42786,-10.57239,-7.05089,58.15490
158971093.18400,477.02038,20.57386,192.42776,-10.57241,-7.03319,58.10982
158971094.18400,477.22137,20.56659,192.42766,-10.57242,-7.01548,57.89232
158971095.18400,477.42174,20.55938,192.42756,-10.57243,-7.00171,58.04261
158971096.18400,477.62000,20.55238,192.42747,-10.57244,-7.00109,58.74716
158971097.18400,477.81826,20.54538,192.42738,-10.57246,-7.00047,59.11685
158971098.18400,478.01652,20.53838,192.42728,-10.57247,-6.99985,59.17317
158971099.18400,478.21478,20.53137,192.42719,-10.57248,-6.99922,59.32419
158971100.18400,478.41304,20.52437,192.42710,-10.57250,-6.99860,59.48640
158971101.18400,478.61130,20.51737,192.42701,-10.57251,-6.99798,59.48424
158971102.18400,478.80955,20.51037,192.42691,-10.57252,-6.99736,59.40184
158971103.18400,479.00781,20.50337,192.42682,-10.57254,-6.99674,59.31955
158971104.18400,479.20607,20.49636,192.42673,-10.57255,-6.99612,59.23605
158971105.18400,479.40433,20.48936,192.42664,-10.57256,-6.99550,59.16997
158971106.18400,479.60259,20.48236,192.42654,-10.57258,-6.99488,59.14518
158971107.18400,479.80085,20.47536,192.42645,-10.57259,-6.99426,59.13104
158971108.18400,479.99911,20.46836,192.42636,-10.57260,-6.99364,59.11558
158971109.18400,480.19737,20.46135,192.42627,-10.57262,-6.99302,59.10011
158971110.18400,480.39650,20.45435,192.42617,-10.57263,-6.99561,59.10024
158971111.18400,480.59855,20.44736,192.42608,-10.57264,-7.00898,59.30110
158971112.18400,480.80061,20.44037,192.42599,-10.57266,-7.02235,59.69956
158971113.18400,481.00266,20.43338,192.42590,-10.57267,-7.03573,60.17702
158971114.18400,481.20471,20.42638,192.42581,-10.57268,-7.04910,60.68575
158971115.18400,481.40676,20.41939,192.42572,-10.57270,-7.06247,61.18330
158971116.18400,481.60881,20.41240,192.42564,-10.57271,-7.07584,61.27727
158971117.18400,481.81087,20.40541,192.42555,-10.57272,-7.08921,60.75995
158971118.18400,482.01292,20.39841,192.42546,-10.57273,-7.10258,60.02724
158971119.18400,482.21497,20.39142,192.42537,-10.57275,-7.11595,59.29632
158971120.18400,482.41702,20.38443,192.42527,-10.57276,-7.12932,58.57724
158971121.18400,482.61907,20.37743,192.42517,-10.57277,-7.14270,57.89800
158971122.18400,482.82113,20.37044,192.42507,-10.57279,-7.15607,57.61857
158971123.18400,483.02318,20.36345,192.42497,-10.57280,-7.16944,57.96892
158971124.18400,483.22523,20.35646,192.42487,-10.57281,-7.18281,58.59202
158971125.18400,483.42813,20.34942,192.42478,-10.57282,-7.19280,59.29455
158971126.18400,483.63387,20.34222,192.42468,-10.57284,-7.19146,60.08862
158971127.18400,483.83961,20.33503,192.42459,-10.57285,-7.19011,60.71738
158971128.18400,484.04535,20.32784,192.42450,-10.57286,-7.18877,60.98742
158971129.18400,484.25108,20.32064,192.42442,-10.57288,-7.18742,61.08979
158971130.18400,484.45682,20.31345,192.42433,-10.57289,-7.18608,61.19306
158971131.18400,484.66256,20.30626,192.42424,-10.57290,-7.18473,61.31889
158971132.18400,484.86830,20.29906,192.42415,-10.57291,-7.18339,61.61534
158971133.18400,485.07404,20.29187,192.42407,-10.57293,-7.18204,61.78653
158971134.18400,485.27978,20.28468,192.42398,-10.57294,-7.18070,61.51821
158971135.18400,485.48552,20.27748,192.42389,-10.57295,-7.17935,61.16605
158971136.18400,485.69125,20.27029,192.42381,-10.57297,-7.17801,60.86896
158971137.18400,485.89699,20.26310,192.42372,-10.57298,-7.17667,60.57641
158971138.18400,486.10273,20.25590,192.42363,-10.57299,-7.17532,60.28944
158971139.18400,486.30847,20.24871,192.42353,-10.57300,-7.17398,60.00601
158971140.18400,486.51482,20.24152,192.42344,-10.57302,-7.17485,59.71493
158971141.18400,486.72323,20.23435,192.42335,-10.57303,-7.18315,59.45732
158971142.18400,486.93164,20.22718,192.42325,-10.57304,-7.19146,59.22273
158971143.18400,487.14005,20.22000,192.42316,-10.57305,-7.19976,58.97180
158971144.18400,487.34846,20.21283,192.42306,-10.57307,-7.20807,58.72342
158971145.18400,487.55687,20.20566,192.42296,-10.57308,-7.21637,58.58520
158971146.18400,487.76528,20.19849,192.42286,-10.57309,-7.22468,58.59966
158971147.18400,487.97369,20.19131,192.42277,-10.57310,-7.23299,58.69152
158971148.18400,488.18210,20.18414,192.42267,-10.57312,-7.24129,58.78296
158971149.18400,488.39051,20.17697,192.42257,-10.57313,-7.24960,58.86492
158971150.18400,488.59892,20.16980,192.42247,-10.57314,-7.25790,58.94771
158971151.18400,488.80733,20.16262,192.42238,-10.57315,-7.26621,59.03629
158971152.18400,489.01574,20.15545,192.42228,-10.57316,-7.27451,59.12701
158971153.18400,489.22415,20.14828,192.42218,-10.57318,-7.28282,59.21248
158971154.18400,489.43256,20.14111,192.42209,-10.57319,-7.29112,59.29236
158971155.18400,489.64050,20.13390,192.42199,-10.57320,-7.29223,59.35931
158971156.18400,489.84687,20.12661,192.42189,-10.57321,-7.26922,59.34596
158971157.18400,490.05323,20.11931,192.42180,-10.57323,-7.24621,59.31825
158971158.18400,490.25960,20.11201,192.42170,-10.57324,-7.22320,59.29288
158971159.18400,490.46596,20.10471,192.42161,-10.57325,-7.20019,59.28059
158971160.18400,490.67232,20.09742,192.42151,-10.57326,-7.17718,59.26399
158971161.18400,490.87869,20.09012,192.42142,-10.57328,-7.15417,59.23406
158971162.18400,491.08505,20.08282,192.42132,-10.57329,-7.13116,59.20526
158971163.18400,491.29142,20.07553,192.42123,-10.57330,-7.10815,59.19073
158971164.18400,491.49778,20.06823,192.42113,-10.57331,-7.08514,59.17496
158971165.18400,491.70415,20.06093,192.42104,-10.57332,-7.06213,59.14439
158971166.18400,491.91051,20.05363,192.42094,-10.57334,-7.03912,59.11789
158971167.18400,492.11688,20.04634,192.42085,-10.57335,-7.01611,59.10467
158971168.18400,492.32324,20.03904,192.42076,-10.57336,-6.99310,59.08870
158971169.18400,492.52960,20.03174,192.42066,-10.57337,-6.97009,59.05929
158971170.18400,492.73623,20.02452,192.42057,-10.57338,-6.95759,59.08259
158971171.18400,492.94375,20.01757,192.42048,-10.57340,-6.98031,59.21681
158971172.18400,493.15128,20.01062,192.42039,-10.57341,-7.00304,59.35177
158971173.18400,493.35880,20.00366,192.42029,-10.57342,-7.02576,59.50440
158971174.18400,493.56632,19.99671,192.42020,-10.57343,-7.04849,59.64814
158971175.18400,493.77384,19.98976,192.42011,-10.57344,-7.07121,59.78177
158971176.18400,493.98136,19.98281,192.42002,-10.57346,-7.09393,59.91766
158971177.18400,494.18888,19.97585,192.41993,-10.57347,-7.11666,60.07467
158971178.18400,494.39640,19.96890,192.41984,-10.57348,-7.13938,60.20819
158971179.18400,494.60392,19.96195,192.41974,-10.57349,-7.16211,60.33980
158971180.18400,494.81144,19.95500,192.41965,-10.57350,-7.18483,60.48340
158971181.18400,495.01896,19.94804,192.41956,-10.57352,-7.20755,60.61555
158971182.18400,495.22648,19.94109,192.41947,-10.57353,-7.23028,60.74707
158971183.18400,495.43400,19.93414,192.41938,-10.57354,-7.25300,60.88868
158971184.18400,495.64152,19.92719,192.41929,-10.57355,-7.27573,61.03030
158971185.18400,495.84960,19.92015,192.41920,-10.57356,-7.28924,61.13007
158971186.18400,496.05954,19.91286,192.41911,-10.57357,-7.27186,61.13908
158971187.18400,496.26947,19.90557,192.41903,-10.57359,-7.25449,61.13510
158971188.18400,496.47941,19.89827,192.41894,-10.57360,-7.23712,61.13377
158971189.18400,496.68935,19.89098,192.41885,-10.57361,-7.21974,61.14587
158971190.18400,496.89929,19.88369,192.41876,-10.57362,-7.20237,61.15380
158971191.18400,497.10922,19.87639,192.41867,-10.57363,-7.18499,61.16280
158971192.18400,497.31916,19.86910,192.41858,-10.57365,-7.16762,61.14731
158971193.18400,497.52910,19.86181,192.41850,-10.57366,-7.15024,61.15497
158971194.18400,497.73904,19.85451,192.41841,-10.57367,-7.13287,61.16403
158971195.18400,497.94898,19.84722,192.41832,-10.57368,-7.11549,61.15970
158971196.18400,498.15891,19.83993,192.41823,-10.57369,-7.09812,61.16744
158971197.18400,498.36885,19.83263,192.41815,-10.57370,-7.08074,61.16427
158971198.18400,498.57879,19.82534,192.41806,-10.57372,-7.06337,61.17343
158971199.18400,498.78873,19.81805,192.41797,-10.57373,-7.04599,61.16867
158971200.18400,498.99860,19.81081,192.41789,-10.57374,-7.03510,61.18678
158971201.18400,499.20827,19.80378,192.41780,-10.57375,-7.04595,61.29164
158971202.18400,499.41794,19.79675,192.41772,-10.57376,-7.05679,61.40146
158971203.18400,499.62760,19.78972,192.41763,-10.57377,-7.06764,61.50961
158971204.18400,499.83727,19.78268,192.41755,-10.57379,-7.07848,61.60171
158971205.18400,500.04694,19.77565,192.41746,-10.57380,-7.08932,61.69543
158971206.18400,500.25661,19.76862,192.41738,-10.57381,-7.10017,61.78847
158971207.18400,500.46627,19.76159,192.41729,-10.57382,-7.11101,61.89596
158971208.18400,500.67594,19.75455,192.41721,-10.57383,-7.12186,62.00001
158971209.18400,500.88561,19.74752,192.41712,-10.57384,-7.13270,62.09112
158971210.18400,501.09527,19.74049,192.41704,-10.57385,-7.14355,62.19650
158971211.18400,501.30494,19.73346,192.41695,-10.57387,-7.15439,62.29860
158971212.18400,501.51461,19.72642,192.41687,-10.57388,-7.16524,62.38971
158971213.18400,501.72427,19.71939,192.41679,-10.57389,-7.17608,62.48207
158971214.18400,501.93394,19.71236,192.41670,-10.57390,-7.18693,62.57430
158971215.18400,502.14349,19.70529,192.41662,-10.57391,-7.19113,62.65927
158971216.18400,502.35263,19.69809,192.41654,-10.57392,-7.17304,62.67046
158971217.18400,502.56178,19.69090,192.41646,-10.57393,-7.15496,62.66718
158971218.18400,502.77093,19.68370,192.41637,-10.57395,-7.13687,62.67965
158971219.18400,502.98007,19.67651,192.41629,-10.57396,-7.11879,62.69278
158971220.18400,503.18922,19.66931,192.41621,-10.57397,-7.10070,62.68953
158971221.18400,503.39836,19.66212,192.41613,-10.57398,-7.08262,62.68647
158971222.18400,503.60751,19.65492,192.41605,-10.57399,-7.06453,62.68480
158971223.18400,503.81666,19.64772,192.41597,-10.57400,-7.04645,62.69502
158971224.18400,504.02580,19.64053,192.41589,-10.57401,-7.02836,62.72053
158971225.18400,504.23495,19.63333,192.41581,-10.57402,-7.01028,62.73152
158971226.18400,504.44409,19.62614,192.41573,-10.57404,-6.99219,62.75309
158971227.18400,504.65324,19.61894,192.41565,-10.57405,-6.97411,62.77809
158971228.18400,504.86239,19.61175,192.41557,-10.57406,-6.95603,62.80153
158971229.18400,505.07153,19.60455,192.41549,-10.57407,-6.93794,62.82672
158971230.18400,505.28008,19.59742,192.41541,-10.57408,-6.92426,62.86588
158971231.18400,505.48661,19.59050,192.41533,-10.57409,-6.92534,62.95642
158971232.18400,505.69315,19.58357,192.41525,-10.57410,-6.92642,63.04861
158971233.18400,505.89968,19.57665,192.41517,-10.57412,-6.92750,63.14157
158971234.18400,506.10622,19.56972,192.41510,-10.57413,-6.92858,63.22595
158971235.18400,506.31275,19.56280,192.41502,-10.57414,-6.92966,62.91675
158971236.18400,506.51929,19.55588,192.41494,-10.57415,-6.93074,61.97165
158971237.18400,506.72582,19.54895,192.41485,-10.57416,-6.93182,61.19313
158971238.18400,506.93236,19.54203,192.41477,-10.57417,-6.93290,61.01777
158971239.18400,507.13889,19.53510,192.41468,-10.57418,-6.93398,61.21320
158971240.18400,507.34543,19.52818,192.41460,-10.57419,-6.93506,61.65695
158971241.18400,507.55196,19.52126,192.41452,-10.57421,-6.93614,62.19644
158971242.18400,507.75850,19.51433,192.41444,-10.57422,-6.93722,62.68264
158971243.18400,507.96503,19.50741,192.41436,-10.57423,-6.93830,62.88920
158971244.18400,508.17157,19.50048,192.41428,-10.57424,-6.93938,62.81588
158971245.18400,508.37892,19.49356,192.41420,-10.57425,-6.94240,62.74603
158971246.18400,508.58900,19.48662,192.41412,-10.57426,-6.95195,62.76255
158971247.18400,508.79908,19.47968,192.41404,-10.57427,-6.96149,62.77815
158971248.18400,509.00916,19.47274,192.41396,-10.57428,-6.97104,62.78338
158971249.18400,509.21924,19.46580,192.41388,-10.57430,-6.98058,62.78692
158971250.18400,509.42932,19.45886,192.41380,-10.57431,-6.99013,62.79187
158971251.18400,509.63940,19.45192,192.41372,-10.57432,-6.99967,62.81131
158971252.18400,509.84948,19.44498,192.41364,-10.57433,-7.00922,62.82883
158971253.18400,510.05956,19.43804,192.41356,-10.57434,-7.01877,62.83271
158971254.18400,510.26965,19.43110,192.41348,-10.57435,-7.02831,62.84002
158971255.18400,510.47973,19.42416,192.41340,-10.57436,-7.03786,62.84667
158971256.18400,510.68981,19.41722,192.41332,-10.57437,-7.04740,62.86264
158971257.18400,510.89989,19.41028,192.41324,-10.57439,-7.05695,62.88199
158971258.18400,511.10997,19.40334,192.41316,-10.57440,-7.06649,62.88853
158971259.18400,511.32005,19.39640,192.41308,-10.57441,-7.07604,62.89166
158971260.18400,511.52993,19.38942,192.41300,-10.57442,-7.07908,62.87540
158971261.18400,511.73912,19.38234,192.41292,-10.57443,-7.06030,62.80005
158971262.18400,511.94832,19.37526,192.41284,-10.57444,-7.04153,62.71111
158971263.18400,512.15752,19.36817,192.41275,-10.57445,-7.02275,62.61845
158971264.18400,512.36671,19.36109,192.41267,-10.57446,-7.00397,62.55420
158971265.18400,512.57591,19.35401,192.41259,-10.57447,-6.98520,62.46644
158971266.18400,512.78510,19.34692,192.41251,-10.57448,-6.96642,62.37333
158971267.18400,512.99430,19.33984,192.41243,-10.57449,-6.94765,62.28219
158971268.18400,513.20350,19.33276,192.41235,-10.57450,-6.92887,62.32553
158971269.18400,513.41269,19.32567,192.41227,-10.57452,-6.91009,62.60677
158971270.18400,513.62189,19.31859,192.41219,-10.57453,-6.89132,62.82689
158971271.18400,513.83108,19.31151,192.41211,-10.57454,-6.87254,62.83254
158971272.18400,514.04028,19.30442,192.41203,-10.57455,-6.85377,62.76888
158971273.18400,514.24948,19.29734,192.41195,-10.57456,-6.83499,62.69244
158971274.18400,514.45867,19.29026,192.41188,-10.57457,-6.81621,62.62799
158971275.18400,514.66788,19.28324,192.41180,-10.57458,-6.80490,62.58940
158971276.18400,514.87715,19.27644,192.41172,-10.57459,-6.81864,62.71287
158971277.18400,515.08642,19.26963,192.41164,-10.57460,-6.83237,62.99893
158971278.18400,515.29568,19.26283,192.41156,-10.57461,-6.84611,63.34041
158971279.18400,515.50495,19.25603,192.41149,-10.57462,-6.85984,63.45293
158971280.18400,515.71421,19.24923,192.41141,-10.57463,-6.87358,63.24631
158971281.18400,515.92348,19.24243,192.41133,-10.57464,-6.88731,62.92972
158971282.18400,516.13274,19.23562,192.41125,-10.57465,-6.90105,62.58513
158971283.18400,516.34201,19.22882,192.41117,-10.57467,-6.91478,62.26091
158971284.18400,516.55127,19.22202,192.41109,-10.57468,-6.92852,62.11236
158971285.18400,516.76054,19.21522,192.41101,-10.57469,-6.94225,62.21914
158971286.18400,516.96981,19.20842,192.41093,-10.57470,-6.95599,62.45176
158971287.18400,517.17907,19.20161,192.41085,-10.57471,-6.96972,62.45156
158971288.18400,517.38834,19.19481,192.41077,-10.57472,-6.98346,62.12780
158971289.18400,517.59760,19.18801,192.41068,-10.57473,-6.99719,61.91530
158971290.18400,517.80711,19.18116,192.41060,-10.57474,-7.00446,61.98632
158971291.18400,518.01740,19.17415,192.41052,-10.57475,-6.99007,62.11972
158971292.18400,518.22770,19.16715,192.41044,-10.57476,-6.97567,62.28504
158971293.18400,518.43800,19.16014,192.41035,-10.57477,-6.96127,62.53771
158971294.18400,518.64830,19.15313,192.41027,-10.57478,-6.94688,62.84824
158971295.18400,518.85860,19.14612,192.41020,-10.57479,-6.93248,63.13050
158971296.18400,519.06890,19.13912,192.41012,-10.57480,-6.91808,63.41180
158971297.18400,519.27920,19.13211,192.41004,-10.57481,-6.90369,62.94449
158971298.18400,519.48950,19.12510,192.40996,-10.57482,-6.88929,61.81743
158971299.18400,519.69979,19.11809,192.40988,-10.57483,-6.87489,61.12331
158971300.18400,519.91009,19.11109,192.40979,-10.57484,-6.86050,60.78129
158971301.18400,520.12039,19.10408,192.40971,-10.57485,-6.84610,60.77825
158971302.18400,520.33069,19.09707,192.40962,-10.57486,-6.83170,61.13725
158971303.18400,520.54099,19.09007,192.40954,-10.57487,-6.81731,61.44329
158971304.18400,520.75129,19.08306,192.40946,-10.57488,-6.80291,61.68173
158971305.18400,520.96127,19.07610,192.40937,-10.57489,-6.79258,61.93628
158971306.18400,521.17020,19.06931,192.40929,-10.57490,-6.79586,62.19353
158971307.18400,521.37912,19.06252,192.40922,-10.57491,-6.79915,62.36194
158971308.18400,521.58804,19.05572,192.40914,-10.57492,-6.80244,62.40451
158971309.18400,521.79697,19.04893,192.40906,-10.57493,-6.80572,62.38676
158971310.18400,522.00589,19.04214,192.40898,-10.57494,-6.80901,62.36690
158971311.18400,522.21482,19.03535,192.40890,-10.57496,-6.81230,62.36588
158971312.18400,522.42374,19.02856,192.40882,-10.57497,-6.81559,62.34818
158971313.18400,522.63267,19.02176,192.40874,-10.57498,-6.81887,62.32713
158971314.18400,522.84159,19.01497,192.40866,-10.57499,-6.82216,62.32593
158971315.18400,523.05052,19.00818,192.40858,-10.57500,-6.82545,62.31145
158971316.18400,523.25944,19.00139,192.40850,-10.57501,-6.82874,62.29402
158971317.18400,523.46837,18.99460,192.40842,-10.57502,-6.83202,62.27641
158971318.18400,523.67729,18.98780,192.40834,-10.57503,-6.83531,62.27502
158971319.18400,523.88622,18.98101,192.40826,-10.57504,-6.83860,62.26138
158971320.18400,524.09586,18.97421,192.40818,-10.57505,-6.84246,62.24766
158971321.18400,524.30794,18.96737,192.40810,-10.57506,-6.84827,62.22434
158971322.18400,524.52001,18.96053,192.40802,-10.57507,-6.85407,62.13072
158971323.18400,524.73208,18.95368,192.40794,-10.57508,-6.85988,62.41408
158971324.18400,524.94415,18.94684,192.40786,-10.57509,-6.86568,62.95980
158971325.18400,525.15623,18.94000,192.40778,-10.57509,-6.87149,63.15398
158971326.18400,525.36830,18.93316,192.40770,-10.57510,-6.87729,63.15870
158971327.18400,525.58037,18.92632,192.40763,-10.57511,-6.88310,63.15251
158971328.18400,525.79244,18.91948,192.40755,-10.57512,-6.88890,63.13191
158971329.18400,526.00452,18.91264,192.40747,-10.57513,-6.89471,63.10946
158971330.18400,526.21659,18.90580,192.40739,-10.57514,-6.90051,63.09979
158971331.18400,526.42866,18.89895,192.40731,-10.57515,-6.90631,63.10453
158971332.18400,526.64073,18.89211,192.40724,-10.57516,-6.91212,63.07868
158971333.18400,526.85281,18.88527,192.40716,-10.57517,-6.91792,63.05454
158971334.18400,527.06488,18.87843,192.40708,-10.57518,-6.92373,63.04515
158971335.18400,527.27800,18.87157,192.40700,-10.57519,-6.93020,63.03800
158971336.18400,527.49462,18.86464,192.40692,-10.57520,-6.93891,63.03959
158971337.18400,527.71125,18.85771,192.40684,-10.57521,-6.94762,63.03955
158971338.18400,527.92787,18.85078,192.40676,-10.57522,-6.95632,63.02542
158971339.18400,528.14449,18.84386,192.40668,-10.57523,-6.96503,63.02558
158971340.18400,528.36112,18.83693,192.40661,-10.57524,-6.97374,63.02735
158971341.18400,528.57774,18.83000,192.40653,-10.57525,-6.98245,63.01328
158971342.18400,528.79437,18.82307,192.40645,-10.57526,-6.99116,63.01522
158971343.18400,529.01099,18.81614,192.40637,-10.57527,-6.99986,63.01696
158971344.18400,529.22762,18.80922,192.40629,-10.57528,-7.00857,63.00295
158971345.18400,529.44424,18.80229,192.40621,-10.57528,-7.01728,63.00658
158971346.18400,529.66087,18.79536,192.40613,-10.57529,-7.02599,63.00829
158971347.18400,529.87749,18.78843,192.40605,-10.57530,-7.03470,62.99433
158971348.18400,530.09411,18.78150,192.40597,-10.57531,-7.04340,62.99763
158971349.18400,530.31074,18.77458,192.40589,-10.57532,-7.05211,62.99788
158971350.18400,530.52821,18.76762,192.40581,-10.57533,-7.05919,62.99309
158971351.18400,530.74850,18.76056,192.40573,-10.57534,-7.06078,62.97275
158971352.18400,530.96879,18.75350,192.40565,-10.57535,-7.06237,62.93519
158971353.18400,531.18908,18.74644,192.40557,-10.57536,-7.06396,62.91079
158971354.18400,531.40937,18.73938,192.40549,-10.57537,-7.06555,62.88602
158971355.18400,531.62966,18.73233,192.40541,-10.57538,-7.06714,62.85021
158971356.18400,531.84996,18.72527,192.40532,-10.57538,-7.06873,62.82731
158971357.18400,532.07025,18.71821,192.40524,-10.57539,-7.07032,62.80425
158971358.18400,532.29054,18.71115,192.40516,-10.57540,-7.07191,62.76689
158971359.18400,532.51083,18.70409,192.40508,-10.57541,-7.07350,62.74242
158971360.18400,532.73112,18.69703,192.40500,-10.57542,-7.07509,62.72248
158971361.18400,532.95141,18.68997,192.40492,-10.57543,-7.07668,62.68684
158971362.18400,533.17171,18.68291,192.40484,-10.57544,-7.07827,62.67837
158971363.18400,533.39200,18.67586,192.40475,-10.57545,-7.07986,62.64292
158971364.18400,533.61229,18.66880,192.40467,-10.57546,-7.08145,62.60574
158971365.18400,533.83188,18.66173,192.40459,-10.57547,-7.07817,62.58384
158971366.18400,534.04910,18.65465,192.40451,-10.57547,-7.05855,62.47975
158971367.18400,534.26632,18.64757,192.40443,-10.57548,-7.03893,62.38626
158971368.18400,534.48354,18.64049,192.40434,-10.57549,-7.01931,62.29212
158971369.18400,534.70076,18.63340,192.40426,-10.57550,-6.99968,62.18513
158971370.18400,534.91799,18.62632,192.40418,-10.57551,-6.98006,62.09197
158971371.18400,535.13521,18.61924,192.40410,-10.57552,-6.96044,61.99687
158971372.18400,535.35243,18.61215,192.40401,-10.57553,-6.94082,61.88714
158971373.18400,535.56965,18.60507,192.40393,-10.57554,-6.92120,61.79143
158971374.18400,535.78688,18.59799,192.40385,-10.57554,-6.90157,61.69663
158971375.18400,536.00410,18.59091,192.40376,-10.57555,-6.88195,61.58424
158971376.18400,536.22132,18.58382,192.40368,-10.57556,-6.86233,61.50009
158971377.18400,536.43854,18.57674,192.40360,-10.57557,-6.84271,61.39125
158971378.18400,536.65576,18.56966,192.40351,-10.57558,-6.82309,61.27921
158971379.18400,536.87299,18.56258,192.40343,-10.57559,-6.80346,61.19410
158971380.18400,537.08967,18.55556,192.40335,-10.57560,-6.78950,61.10290
158971381.18400,537.30453,18.54877,192.40326,-10.57560,-6.79450,61.09204
158971382.18400,537.51940,18.54198,192.40318,-10.57561,-6.79950,61.08144
158971383.18400,537.73427,18.53519,192.40310,-10.57562,-6.80450,61.05948
158971384.18400,537.94913,18.52841,192.40301,-10.57563,-6.80950,61.05188
158971385.18400,538.16400,18.52162,192.40293,-10.57564,-6.81450,61.04125
158971386.18400,538.37886,18.51483,192.40284,-10.57565,-6.81949,61.01625
158971387.18400,538.59373,18.50804,192.40276,-10.57565,-6.82449,61.00581
158971388.18400,538.80860,18.50125,192.40267,-10.57566,-6.82949,60.99383
158971389.18400,539.02346,18.49446,192.40259,-10.57567,-6.83449,60.97036
158971390.18400,539.23833,18.48767,192.40250,-10.57568,-6.83949,60.97416
158971391.18400,539.45319,18.48089,192.40242,-10.57569,-6.84449,60.95093
158971392.18400,539.66806,18.47410,192.40233,-10.57570,-6.84949,60.92758
158971393.18400,539.88292,18.46731,192.40225,-10.57571,-6.85449,60.93126
158971394.18400,540.09779,18.46052,192.40216,-10.57571,-6.85949,60.90950
158971395.18400,540.31258,18.45371,192.40208,-10.57572,-6.86088,60.88641
158971396.18400,540.52710,18.44685,192.40199,-10.57573,-6.85017,60.82015
158971397.18400,540.74162,18.43999,192.40191,-10.57574,-6.83946,60.74094
158971398.18400,540.95615,18.43312,192.40182,-10.57575,-6.82875,60.67462
158971399.18400,541.17067,18.42626,192.40173,-10.57575,-6.81805,60.60660
158971400.18400,541.38519,18.41940,192.40165,-10.57576,-6.80734,60.52699
158971401.18400,541.59971,18.41253,192.40156,-10.57577,-6.79663,60.46151
158971402.18400,541.81424,18.40567,192.40148,-10.57578,-6.78592,60.39467
158971403.18400,542.02876,18.39881,192.40139,-10.57579,-6.77521,60.19337
158971404.18400,542.24328,18.39194,192.40130,-10.57579,-6.76450,59.82330
158971405.18400,542.45780,18.38508,192.40121,-10.57580,-6.75379,59.36479
158971406.18400,542.67233,18.37822,192.40112,-10.57581,-6.74308,59.05692
158971407.18400,542.88685,18.37135,192.40103,-10.57582,-6.73238,58.95837
158971408.18400,543.10137,18.36449,192.40094,-10.57583,-6.72167,58.89180
158971409.18400,543.31590,18.35763,192.40085,-10.57583,-6.71096,58.82493
158971410.18400,543.53057,18.35080,192.40076,-10.57584,-6.70475,58.76105
158971411.18400,543.74573,18.34410,192.40067,-10.57585,-6.71364,58.67468
158971412.18400,543.96089,18.33740,192.40058,-10.57586,-6.72252,58.47732
158971413.18400,544.17606,18.33069,192.40048,-10.57586,-6.73140,58.22387
158971414.18400,544.39122,18.32399,192.40039,-10.57587,-6.74029,57.86961
158971415.18400,544.60639,18.31729,192.40029,-10.57588,-6.74917,57.34616
158971416.18400,544.82155,18.31058,192.40020,-10.57589,-6.75806,56.77149
158971417.18400,545.03671,18.30388,192.40010,-10.57590,-6.76694,56.50335
158971418.18400,545.25188,18.29718,192.40000,-10.57590,-6.77583,56.70765
158971419.18400,545.46704,18.29048,192.39990,-10.57591,-6.78471,57.10809
158971420.18400,545.68220,18.28377,192.39980,-10.57592,-6.79360,57.49874
158971421.18400,545.89737,18.27707,192.39970,-10.57593,-6.80248,57.89409
158971422.18400,546.11253,18.27037,192.39961,-10.57593,-6.81137,58.28979
158971423.18400,546.32770,18.26367,192.39951,-10.57594,-6.82025,58.67524
158971424.18400,546.54286,18.25696,192.39942,-10.57595,-6.82914,59.07746
158971425.18400,546.75907,18.25023,192.39933,-10.57596,-6.83724,59.47692
158971426.18400,546.97880,18.24339,192.39924,-10.57597,-6.84273,59.86919
158971427.18400,547.19853,18.23656,192.39915,-10.57597,-6.84822,60.26774
158971428.18400,547.41826,18.22972,192.39907,-10.57598,-6.85371,60.66907
158971429.18400,547.63799,18.22289,192.39898,-10.57599,-6.85920,61.06982
158971430.18400,547.85772,18.21605,192.39890,-10.57600,-6.86468,61.44591
158971431.18400,548.07745,18.20921,192.39881,-10.57600,-6.87017,61.76718
158971432.18400,548.29718,18.20238,192.39873,-10.57601,-6.87566,62.07394
158971433.18400,548.51691,18.19554,192.39865,-10.57602,-6.88115,62.09422
158971434.18400,548.73664,18.18871,192.39857,-10.57603,-6.88664,61.86018
158971435.18400,548.95637,18.18187,192.39849,-10.57603,-6.89213,61.12394
158971436.18400,549.17610,18.17503,192.39840,-10.57604,-6.89762,60.07554
158971437.18400,549.39583,18.16820,192.39831,-10.57605,-6.90310,59.58483
158971438.18400,549.61555,18.16136,192.39822,-10.57606,-6.90859,59.42431
158971439.18400,549.83528,18.15453,192.39813,-10.57606,-6.91408,59.44679
158971440.18400,550.05519,18.14767,192.39803,-10.57607,-6.91670,59.65704
158971441.18400,550.27571,18.14075,192.39794,-10.57608,-6.90971,59.80193
158971442.18400,550.49623,18.13383,192.39785,-10.57608,-6.90272,59.89782
158971443.18400,550.71675,18.12692,192.39776,-10.57609,-6.89572,59.99673
158971444.18400,550.93726,18.12000,192.39768,-10.57610,-6.88873,60.08507
158971445.18400,551.15778,18.11308,192.39759,-10.57611,-6.88173,60.18358
158971446.18400,551.37830,18.10616,192.39750,-10.57611,-6.87474,60.26983
158971447.18400,551.59881,18.09924,192.39741,-10.57612,-6.86775,60.37025
158971448.18400,551.81933,18.09233,192.39732,-10.57613,-6.86075,60.47131
158971449.18400,552.03985,18.08541,192.39724,-10.57614,-6.85376,60.55872
158971450.18400,552.26037,18.07849,192.39715,-10.57614,-6.84676,60.66030
158971451.18400,552.48088,18.07157,192.39706,-10.57615,-6.83977,60.76087
158971452.18400,552.70140,18.06465,192.39698,-10.57616,-6.83278,60.86339
158971453.18400,552.92192,18.05774,192.39689,-10.57617,-6.82578,60.95364
158971454.18400,553.14243,18.05082,192.39681,-10.57617,-6.81879,61.05409
158971455.18400,553.36223,18.04392,192.39673,-10.57618,-6.81098,61.14307
158971456.18400,553.57962,18.03711,192.39664,-10.57619,-6.80046,61.08989
158971457.18400,553.79701,18.03030,192.39656,-10.57619,-6.78993,60.84530
158971458.18400,554.01440,18.02348,192.39647,-10.57620,-6.77941,60.51105
158971459.18400,554.23179,18.01667,192.39639,-10.57621,-6.76889,60.16402
158971460.18400,554.44918,18.00986,192.39630,-10.57622,-6.75836,59.81604
158971461.18400,554.66657,18.00304,192.39621,-10.57622,-6.74784,59.48301
158971462.18400,554.88395,17.99623,192.39612,-10.57623,-6.73731,59.25495
158971463.18400,555.10134,17.98942,192.39603,-10.57624,-6.72679,59.15436
158971464.18400,555.31873,17.98260,192.39594,-10.57624,-6.71627,59.10159
158971465.18400,555.53612,17.97579,192.39585,-10.57625,-6.70574,59.06205
158971466.18400,555.75351,17.96898,192.39576,-10.57626,-6.69522,59.02182
158971467.18400,555.97090,17.96216,192.39567,-10.57626,-6.68469,58.98070
158971468.18400,556.18829,17.95535,192.39558,-10.57627,-6.67417,58.94009
158971469.18400,556.40568,17.94854,192.39549,-10.57628,-6.66365,58.88862
158971470.18400,556.62350,17.94176,192.39540,-10.57629,-6.65867,58.85556
158971471.18400,556.84278,17.93511,192.39531,-10.57629,-6.67232,58.92031
158971472.18400,557.06206,17.92845,192.39522,-10.57630,-6.68596,58.97563
158971473.18400,557.28134,17.92179,192.39513,-10.57631,-6.69961,59.00178
158971474.18400,557.50062,17.91514,192.39504,-10.57631,-6.71325,59.29763
158971475.18400,557.71990,17.90848,192.39495,-10.57632,-6.72690,59.77949
158971476.18400,557.93918,17.90183,192.39486,-10.57633,-6.74054,60.04614
158971477.18400,558.15846,17.89517,192.39478,-10.57633,-6.75419,60.19571
158971478.18400,558.37774,17.88851,192.39469,-10.57634,-6.76783,60.34567
158971479.18400,558.59702,17.88186,192.39460,-10.57635,-6.78148,60.49466
158971480.18400,558.81630,17.87520,192.39452,-10.57636,-6.79512,60.65615
158971481.18400,559.03558,17.86855,192.39443,-10.57636,-6.80877,60.81620
158971482.18400,559.25486,17.86189,192.39435,-10.57637,-6.82241,60.96372
158971483.18400,559.47413,17.85523,192.39426,-10.57638,-6.83605,61.09911
158971484.18400,559.69341,17.84858,192.39418,-10.57638,-6.84970,61.24714
158971485.18400,559.91347,17.84187,192.39409,-10.57639,-6.85911,61.39305
158971486.18400,560.13612,17.83501,192.39401,-10.57640,-6.85434,61.48655
158971487.18400,560.35877,17.82815,192.39393,-10.57640,-6.84957,61.57038
158971488.18400,560.58141,17.82129,192.39384,-10.57641,-6.84480,61.65678
158971489.18400,560.80406,17.81443,192.39376,-10.57642,-6.84003,61.74061
158971490.18400,561.02671,17.80757,192.39368,-10.57643,-6.83526,61.82259
158971491.18400,561.24936,17.80071,192.39360,-10.57643,-6.83049,61.99054
158971492.18400,561.47201,17.79385,192.39352,-10.57644,-6.82572,62.25998
158971493.18400,561.69466,17.78699,192.39344,-10.57645,-6.82095,62.56524
158971494.18400,561.91731,17.78013,192.39336,-10.57645,-6.81618,62.88856
158971495.18400,562.13996,17.77327,192.39328,-10.57646,-6.81141,61.49748
158971496.18400,562.36260,17.76641,192.39319,-10.57647,-6.80664,59.61290
158971497.18400,562.58525,17.75955,192.39310,-10.57647,-6.80187,60.03479
158971498.18400,562.80790,17.75269,192.39302,-10.57648,-6.79710,61.17168
158971499.18400,563.03055,17.74583,192.39293,-10.57649,-6.79233,61.56632
158971500.18400,563.25264,17.73899,192.39285,-10.57649,-6.78640,61.68000
158971501.18400,563.47288,17.73220,192.39277,-10.57650,-6.77656,61.78666
158971502.18400,563.69311,17.72541,192.39269,-10.57651,-6.76672,61.88168
158971503.18400,563.91334,17.71862,192.39261,-10.57651,-6.75688,61.94044
158971504.18400,564.13357,17.71184,192.39253,-10.57652,-6.74704,61.96772
158971505.18400,564.35380,17.70505,192.39245,-10.57653,-6.73720,61.97566
158971506.18400,564.57403,17.69826,192.39237,-10.57653,-6.72736,61.97423
158971507.18400,564.79426,17.69147,192.39229,-10.57654,-6.71752,61.98332
158971508.18400,565.01450,17.68468,192.39221,-10.57655,-6.70768,61.99132
158971509.18400,565.23473,17.67789,192.39213,-10.57655,-6.69784,61.99037
158971510.18400,565.45496,17.67110,192.39205,-10.57656,-6.68800,61.99976
158971511.18400,565.67519,17.66432,192.39197,-10.57657,-6.67816,62.00783
158971512.18400,565.89542,17.65753,192.39189,-10.57657,-6.66832,62.00540
158971513.18400,566.11565,17.65074,192.39181,-10.57658,-6.65848,62.01498
158971514.18400,566.33588,17.64395,192.39173,-10.57659,-6.64864,62.02049
158971515.18400,566.55655,17.63719,192.39165,-10.57659,-6.64399,62.03525
158971516.18400,566.77866,17.63055,192.39157,-10.57660,-6.65675,62.12813
158971517.18400,567.00077,17.62391,192.39149,-10.57660,-6.66951,62.21522
158971518.18400,567.22288,17.61727,192.39141,-10.57661,-6.68227,62.29182
158971519.18400,567.44500,17.61063,192.39134,-10.57662,-6.69503,62.38299
158971520.18400,567.66711,17.60399,192.39126,-10.57662,-6.70778,62.47235
158971521.18400,567.88922,17.59735,192.39118,-10.57663,-6.72054,62.56016
158971522.18400,568.11133,17.59071,192.39110,-10.57664,-6.73330,62.64675
158971523.18400,568.33345,17.58406,192.39102,-10.57664,-6.74606,62.72066
158971524.18400,568.55556,17.57742,192.39095,-10.57665,-6.75882,62.80890
158971525.18400,568.77767,17.57078,192.39087,-10.57666,-6.77158,62.88679
158971526.18400,568.99978,17.56414,192.39079,-10.57666,-6.78434,62.97673
158971527.18400,569.22190,17.55750,192.39071,-10.57667,-6.79709,63.06512
158971528.18400,569.44401,17.55086,192.39063,-10.57667,-6.80985,63.13886
158971529.18400,569.66612,17.54422,192.39056,-10.57668,-6.82261,63.23973
158971530.18400,569.88803,17.53753,192.39048,-10.57669,-6.82764,63.28964
158971531.18400,570.10924,17.53070,192.39040,-10.57669,-6.80674,63.25021
158971532.18400,570.33045,17.52387,192.39033,-10.57670,-6.78583,63.23605
158971533.18400,570.55167,17.51703,192.39025,-10.57671,-6.76493,63.19649
158971534.18400,570.77288,17.51020,192.39017,-10.57671,-6.74403,63.15509
158971535.18400,570.99410,17.50337,192.39010,-10.57672,-6.72312,63.14303
158971536.18400,571.21531,17.49654,192.39002,-10.57672,-6.70222,63.10288
158971537.18400,571.43652,17.48971,192.38995,-10.57673,-6.68132,63.05986
158971538.18400,571.65774,17.48287,192.38987,-10.57674,-6.66041,63.04626
158971539.18400,571.87895,17.47604,192.38979,-10.57674,-6.63951,63.01739
158971540.18400,572.10016,17.46921,192.38972,-10.57675,-6.61861,62.97782
158971541.18400,572.32138,17.46238,192.38964,-10.57676,-6.59770,62.93626
158971542.18400,572.54259,17.45555,192.38957,-10.57676,-6.57680,62.90785
158971543.18400,572.76380,17.44871,192.38949,-10.57677,-6.55590,62.88298
158971544.18400,572.98502,17.44188,192.38942,-10.57677,-6.53499,62.85616
158971545.18400,573.20583,17.43512,192.38934,-10.57678,-6.52105,62.85275
158971546.18400,573.42532,17.42860,192.38927,-10.57679,-6.53047,62.91758
158971547.18400,573.64481,17.42208,192.38919,-10.57679,-6.53988,62.98279
158971548.18400,573.86429,17.41556,192.38912,-10.57680,-6.54930,63.06253
158971549.18400,574.08378,17.40905,192.38904,-10.57680,-6.55871,63.15334
158971550.18400,574.30327,17.40253,192.38897,-10.57681,-6.56813,63.21975
158971551.18400,574.52275,17.39601,192.38889,-10.57682,-6.57754,63.28629
158971552.18400,574.74224,17.38949,192.38882,-10.57682,-6.58696,63.36441
158971553.18400,574.96173,17.38297,192.38875,-10.57683,-6.59637,63.44612
158971554.18400,575.18121,17.37645,192.38867,-10.57683,-6.60578,63.52576
158971555.18400,575.40070,17.36993,192.38860,-10.57684,-6.61520,63.58929
158971556.18400,575.62019,17.36341,192.38852,-10.57684,-6.62461,63.66810
158971557.18400,575.83967,17.35689,192.38845,-10.57685,-6.63403,63.74513
158971558.18400,576.05916,17.35037,192.38838,-10.57686,-6.64344,63.82500
158971559.18400,576.27865,17.34385,192.38830,-10.57686,-6.65286,63.88948
158971560.18400,576.49926,17.33730,192.38823,-10.57687,-6.66143,63.95098
158971561.18400,576.72364,17.33064,192.38816,-10.57687,-6.66716,64.02855
158971562.18400,576.94802,17.32398,192.38809,-10.57688,-6.67289,64.09317
158971563.18400,577.17240,17.31732,192.38801,-10.57688,-6.67862,64.14630
158971564.18400,577.39678,17.31066,192.38794,-10.57689,-6.68436,64.19643
158971565.18400,577.62116,17.30400,192.38787,-10.57690,-6.69009,64.26205
158971566.18400,577.84554,17.29734,192.38780,-10.57690,-6.69582,64.32415
158971567.18400,578.06993,17.29068,192.38772,-10.57691,-6.70156,64.39069
158971568.18400,578.29431,17.28402,192.38765,-10.57691,-6.70729,64.46169
158971569.18400,578.51869,17.27736,192.38758,-10.57692,-6.71302,64.51322
158971570.18400,578.74307,17.27070,192.38751,-10.57692,-6.71875,64.56409
158971571.18400,578.96745,17.26404,192.38744,-10.57693,-6.72449,64.62669
158971572.18400,579.19183,17.25738,192.38737,-10.57694,-6.73022,64.70448
158971573.18400,579.41621,17.25072,192.38729,-10.57694,-6.73595,64.75972
158971574.18400,579.64059,17.24406,192.38722,-10.57695,-6.74168,64.80942
158971575.18400,579.86479,17.23738,192.38715,-10.57695,-6.74311,64.87291
158971576.18400,580.08837,17.23063,192.38708,-10.57696,-6.73010,64.86287
158971577.18400,580.31195,17.22389,192.38701,-10.57696,-6.71709,64.85248
158971578.18400,580.53554,17.21714,192.38694,-10.57697,-6.70408,64.87265
158971579.18400,580.75912,17.21040,192.38687,-10.57697,-6.69106,64.86280
158971580.18400,580.98270,17.20365,192.38680,-10.57698,-6.67805,64.85123
158971581.18400,581.20628,17.19690,192.38673,-10.57698,-6.66504,64.74685
158971582.18400,581.42987,17.19016,192.38666,-10.57699,-6.65203,64.45598
158971583.18400,581.65345,17.18341,192.38659,-10.57699,-6.63902,64.08646
158971584.18400,581.87703,17.17667,192.38651,-10.57700,-6.62600,63.71767
158971585.18400,582.10061,17.16992,192.38644,-10.57701,-6.61299,63.35270
158971586.18400,582.32419,17.16317,192.38637,-10.57701,-6.59998,62.98697
158971587.18400,582.54778,17.15643,192.38629,-10.57702,-6.58697,62.68490
158971588.18400,582.77136,17.14968,192.38621,-10.57702,-6.57396,62.46539
158971589.18400,582.99494,17.14294,192.38614,-10.57703,-6.56094,62.29565
158971590.18400,583.21846,17.13624,192.38606,-10.57703,-6.55269,62.14004
158971591.18400,583.44177,17.12968,192.38598,-10.57704,-6.56040,62.03580
158971592.18400,583.66508,17.12313,192.38590,-10.57704,-6.56810,61.93349
158971593.18400,583.88839,17.11658,192.38582,-10.57705,-6.57581,61.82699
158971594.18400,584.11170,17.11003,192.38574,-10.57705,-6.58351,61.73300
158971595.18400,584.33501,17.10348,192.38566,-10.57706,-6.59122,61.63998
158971596.18400,584.55832,17.09693,192.38558,-10.57706,-6.59892,61.53780
158971597.18400,584.78163,17.09038,192.38550,-10.57707,-6.60663,61.66889
158971598.18400,585.00494,17.08383,192.38542,-10.57707,-6.61433,62.17912
158971599.18400,585.22825,17.07728,192.38535,-10.57708,-6.62204,62.59975
158971600.18400,585.45156,17.07073,192.38527,-10.57708,-6.62974,62.65192
158971601.18400,585.67487,17.06418,192.38519,-10.57709,-6.63745,62.57732
158971602.18400,585.89818,17.05763,192.38512,-10.57709,-6.64515,62.52696
158971603.18400,586.12149,17.05108,192.38504,-10.57710,-6.65286,62.44883
158971604.18400,586.34480,17.04453,192.38496,-10.57710,-6.66056,62.37351
158971605.18400,586.56802,17.03795,192.38488,-10.57711,-6.66335,62.30547
158971606.18400,586.79096,17.03128,192.38480,-10.57711,-6.64963,62.25372
158971607.18400,587.01389,17.02462,192.38472,-10.57712,-6.63591,62.37070
158971608.18400,587.23683,17.01795,192.38465,-10.57712,-6.62220,62.56253
158971609.18400,587.45977,17.01128,192.38457,-10.57713,-6.60848,62.75113
158971610.18400,587.68270,17.00462,192.38449,-10.57713,-6.59476,62.93184
158971611.18400,587.90564,16.99795,192.38442,-10.57714,-6.58105,63.11679
158971612.18400,588.12857,16.99128,192.38434,-10.57714,-6.56733,63.31217
158971613.18400,588.35151,16.98462,192.38427,-10.57715,-6.55361,63.51046
158971614.18400,588.57444,16.97795,192.38420,-10.57715,-6.53989,63.71441
158971615.18400,588.79738,16.97128,192.38413,-10.57716,-6.52618,64.09194
158971616.18400,589.02031,16.96462,192.38406,-10.57716,-6.51246,64.77480
158971617.18400,589.24325,16.95795,192.38399,-10.57717,-6.49874,64.69909
158971618.18400,589.46618,16.95128,192.38392,-10.57717,-6.48502,63.74509
158971619.18400,589.68912,16.94462,192.38385,-10.57718,-6.47131,63.08354
158971620.18400,589.91220,16.93800,192.38377,-10.57718,-6.46335,62.51709
158971621.18400,590.13580,16.93154,192.38369,-10.57719,-6.47473,61.71993
158971622.18400,590.35939,16.92507,192.38361,-10.57719,-6.48612,60.81448
158971623.18400,590.58298,16.91861,192.38353,-10.57720,-6.49750,61.06391
158971624.18400,590.80657,16.91215,192.38345,-10.57720,-6.50888,62.33353
158971625.18400,591.03017,16.90569,192.38338,-10.57721,-6.52026,62.97961
158971626.18400,591.25376,16.89923,192.38330,-10.57721,-6.53164,63.14563
158971627.18400,591.47735,16.89277,192.38323,-10.57721,-6.54302,63.32718
158971628.18400,591.70094,16.88631,192.38316,-10.57722,-6.55440,63.49108
158971629.18400,591.92454,16.87985,192.38308,-10.57722,-6.56578,63.65342
158971630.18400,592.14813,16.87339,192.38301,-10.57723,-6.57716,63.83443
158971631.18400,592.37172,16.86693,192.38294,-10.57723,-6.58854,64.01464
158971632.18400,592.59531,16.86047,192.38287,-10.57724,-6.59992,64.17595
158971633.18400,592.81891,16.85401,192.38279,-10.57724,-6.61130,64.33964
158971634.18400,593.04250,16.84755,192.38272,-10.57725,-6.62268,64.51874
158971635.18400,593.26680,16.84105,192.38265,-10.57725,-6.63055,64.67024
158971636.18400,593.49350,16.83442,192.38258,-10.57726,-6.62662,64.64798
158971637.18400,593.72020,16.82778,192.38251,-10.57726,-6.62269,64.39695
158971638.18400,593.94690,16.82115,192.38244,-10.57727,-6.61876,64.06150
158971639.18400,594.17360,16.81452,192.38237,-10.57727,-6.61483,63.90386
158971640.18400,594.40029,16.80789,192.38230,-10.57728,-6.61090,64.07132
158971641.18400,594.62699,16.80126,192.38222,-10.57728,-6.60698,64.36599
158971642.18400,594.85369,16.79463,192.38215,-10.57728,-6.60305,64.65071
158971643.18400,595.08039,16.78800,192.38208,-10.57729,-6.59912,64.93742
158971644.18400,595.30708,16.78136,192.38201,-10.57729,-6.59519,65.16175
158971645.18400,595.53378,16.77473,192.38195,-10.57730,-6.59126,65.25921
158971646.18400,595.76048,16.76810,192.38188,-10.57730,-6.58733,65.29584
158971647.18400,595.98718,16.76147,192.38181,-10.57731,-6.58340,65.36054
158971648.18400,596.21388,16.75484,192.38174,-10.57731,-6.57947,65.54370
158971649.18400,596.44057,16.74821,192.38168,-10.57732,-6.57555,65.69849
158971650.18400,596.66765,16.74159,192.38161,-10.57732,-6.57388,65.59472
158971651.18400,596.89602,16.73502,192.38154,-10.57733,-6.57980,65.41440
158971652.18400,597.12438,16.72844,192.38147,-10.57733,-6.58572,65.22578
158971653.18400,597.35275,16.72187,192.38141,-10.57733,-6.59163,65.02793
158971654.18400,597.58111,16.71530,192.38134,-10.57734,-6.59755,64.84305
158971655.18400,597.80948,16.70873,192.38127,-10.57734,-6.60347,64.64239
158971656.18400,598.03784,16.70215,192.38120,-10.57735,-6.60939,64.45738
158971657.18400,598.26621,16.69558,192.38112,-10.57735,-6.61531,64.28676
158971658.18400,598.49457,16.68901,192.38105,-10.57736,-6.62122,64.08995
158971659.18400,598.72294,16.68244,192.38098,-10.57736,-6.62714,64.01248
158971660.18400,598.95130,16.67586,192.38091,-10.57737,-6.63306,64.11950
158971661.18400,599.17967,16.66929,192.38084,-10.57737,-6.63898,64.28390
158971662.18400,599.40803,16.66272,192.38076,-10.57737,-6.64490,64.45578
158971663.18400,599.63640,16.65615,192.38069,-10.57738,-6.65081,64.61771
158971664.18400,599.86476,16.64957,192.38062,-10.57738,-6.65673,64.78368
158971665.18400,600.09284,16.64298,192.38055,-10.57739,-6.65780,64.94241
158971666.18400,600.31993,16.63632,192.38048,-10.57739,-6.64259,65.04556
158971667.18400,600.54702,16.62966,192.38041,-10.57739,-6.62738,65.13987
158971668.18400,600.77411,16.62300,192.38035,-10.57740,-6.61217,65.19335
158971669.18400,601.00120,16.61633,192.38028,-10.57740,-6.59696,65.18218
158971670.18400,601.22829,16.60967,192.38021,-10.57741,-6.58175,65.15268
158971671.18400,601.45538,16.60301,192.38014,-10.57741,-6.56654,65.13094
158971672.18400,601.68247,16.59635,192.38007,-10.57742,-6.55133,65.09559
158971673.18400,601.90956,16.58969,192.38000,-10.57742,-6.53612,65.04944
158971674.18400,602.13665,16.58303,192.37993,-10.57742,-6.52091,65.01506
158971675.18400,602.36375,16.57637,192.37987,-10.57743,-6.50570,64.97907
158971676.18400,602.59084,16.56971,192.37980,-10.57743,-6.49049,63.96387
158971677.18400,602.81793,16.56304,192.37972,-10.57743,-6.47528,62.45775
158971678.18400,603.04502,16.55638,192.37965,-10.57744,-6.46007,62.02421
158971679.18400,603.27211,16.54972,192.37957,-10.57744,-6.44486,62.20026
158971680.18400,603.49934,16.54311,192.37949,-10.57745,-6.43613,62.40143
158971681.18400,603.72701,16.53668,192.37942,-10.57745,-6.44914,62.68515
158971682.18400,603.95469,16.53025,192.37934,-10.57745,-6.46215,62.95495
158971683.18400,604.18237,16.52381,192.37927,-10.57746,-6.47516,63.24416
158971684.18400,604.41005,16.51738,192.37920,-10.57746,-6.48817,63.83675
158971685.18400,604.63773,16.51095,192.37913,-10.57747,-6.50118,64.53624
158971686.18400,604.86541,16.50451,192.37906,-10.57747,-6.51419,64.80821
158971687.18400,605.09308,16.49808,192.37899,-10.57747,-6.52720,64.82265
158971688.18400,605.32076,16.49165,192.37892,-10.57748,-6.54021,64.84835
158971689.18400,605.54844,16.48521,192.37885,-10.57748,-6.55322,64.88022
158971690.18400,605.77612,16.47878,192.37878,-10.57748,-6.56624,64.89082
158971691.18400,606.00380,16.47235,192.37871,-10.57749,-6.57925,64.91564
158971692.18400,606.23147,16.46591,192.37864,-10.57749,-6.59226,64.94530
158971693.18400,606.45915,16.45948,192.37858,-10.57749,-6.60527,64.95953
158971694.18400,606.68683,16.45305,192.37851,-10.57750,-6.61828,64.98568
158971695.18400,606.91538,16.44657,192.37844,-10.57750,-6.62770,64.99844
158971696.18400,607.14684,16.43994,192.37837,-10.57750,-6.62507,64.96315
158971697.18400,607.37831,16.43331,192.37830,-10.57751,-6.62244,64.93954
158971698.18400,607.60978,16.42668,192.37823,-10.57751,-6.61981,64.91157
158971699.18400,607.84124,16.42006,192.37816,-10.57751,-6.61718,64.87656
158971700.18400,608.07271,16.41343,192.37809,-10.57752,-6.61455,64.85225
158971701.18400,608.30417,16.40680,192.37802,-10.57752,-6.61192,64.81234
158971702.18400,608.53564,16.40017,192.37795,-10.57752,-6.60929,64.78786
158971703.18400,608.76710,16.39354,192.37788,-10.57753,-6.60666,64.76360
158971704.18400,608.99857,16.38692,192.37781,-10.57753,-6.60403,64.72281
158971705.18400,609.23003,16.38029,192.37774,-10.57753,-6.60140,64.70987
158971706.18400,609.46150,16.37366,192.37767,-10.57754,-6.59877,64.67021
158971707.18400,609.69296,16.36703,192.37760,-10.57754,-6.59614,64.63488
158971708.18400,609.92443,16.36040,192.37753,-10.57754,-6.59351,64.61175
158971709.18400,610.15589,16.35378,192.37746,-10.57755,-6.59089,64.58299
158971710.18400,610.38700,16.34716,192.37739,-10.57755,-6.58718,64.55954
158971711.18400,610.61689,16.34057,192.37732,-10.57755,-6.57988,64.50364
158971712.18400,610.84677,16.33398,192.37725,-10.57756,-6.57258,64.46007
158971713.18400,611.07666,16.32739,192.37718,-10.57756,-6.56529,64.41807
158971714.18400,611.30655,16.32080,192.37711,-10.57756,-6.55799,64.36670
158971715.18400,611.53644,16.31421,192.37703,-10.57757,-6.55069,64.32601
158971716.18400,611.76633,16.30762,192.37696,-10.57757,-6.54339,64.26933
158971717.18400,611.99622,16.30103,192.37689,-10.57757,-6.53609,64.23015
158971718.18400,612.22611,16.29444,192.37682,-10.57758,-6.52879,64.18776
158971719.18400,612.45600,16.28785,192.37675,-10.57758,-6.52149,64.13109
158971720.18400,612.68589,16.28126,192.37668,-10.57758,-6.51419,64.08589
158971721.18400,612.91578,16.27467,192.37661,-10.57758,-6.50689,64.04558
158971722.18400,613.14567,16.26808,192.37654,-10.57759,-6.49959,64.01111
158971723.18400,613.37556,16.26150,192.37647,-10.57759,-6.49229,63.95304
158971724.18400,613.60545,16.25491,192.37639,-10.57759,-6.48499,63.90769
158971725.18400,613.83581,16.24834,192.37632,-10.57760,-6.48183,63.88106
158971726.18400,614.06773,16.24186,192.37625,-10.57760,-6.49251,63.89174
158971727.18400,614.29965,16.23538,192.37618,-10.57760,-6.50320,63.90423
158971728.18400,614.53157,16.22890,192.37611,-10.57760,-6.51389,63.91917
158971729.18400,614.76349,16.22242,192.37604,-10.57761,-6.52458,63.93538
158971730.18400,614.99541,16.21595,192.37597,-10.57761,-6.53527,63.95901
158971731.18400,615.22733,16.20947,192.37589,-10.57761,-6.54596,63.98405
158971732.18400,615.45925,16.20299,192.37582,-10.57762,-6.55665,63.98951
158971733.18400,615.69117,16.19651,192.37575,-10.57762,-6.56733,64.00817
158971734.18400,615.92309,16.19003,192.37568,-10.57762,-6.57802,64.02874
158971735.18400,616.15501,16.18355,192.37561,-10.57762,-6.58871,64.03885
158971736.18400,616.38693,16.17707,192.37553,-10.57763,-6.59940,64.05067
158971737.18400,616.61885,16.17059,192.37546,-10.57763,-6.61009,64.06539
158971738.18400,616.85077,16.16411,192.37539,-10.57763,-6.62078,64.08120
158971739.18400,617.08269,16.15763,192.37532,-10.57764,-6.63147,64.10401
158971740.18400,617.31438,16.15111,192.37524,-10.57764,-6.63538,64.10032
158971741.18400,617.54530,16.14448,192.37517,-10.57764,-6.61655,64.00994
158971742.18400,617.77621,16.13784,192.37510,-10.57764,-6.59773,63.92069
158971743.18400,618.00713,16.13120,192.37503,-10.57765,-6.57891,63.83580
158971744.18400,618.23805,16.12456,192.37495,-10.57765,-6.56009,63.75973
158971745.18400,618.46896,16.11792,192.37488,-10.57765,-6.54127,63.66805
158971746.18400,618.69988,16.11128,192.37481,-10.57765,-6.52244,63.58206
158971747.18400,618.93079,16.10464,192.37474,-10.57766,-6.50362,63.49415
158971748.18400,619.16171,16.09800,192.37466,-10.57766,-6.48480,63.40742
158971749.18400,619.39263,16.09136,192.37459,-10.57766,-6.46598,63.31561
158971750.18400,619.62354,16.08472,192.37452,-10.57766,-6.44716,63.23286
158971751.18400,619.85446,16.07808,192.37444,-10.57767,-6.42833,63.14384
158971752.18400,620.08537,16.07144,192.37437,-10.57767,-6.40951,63.05011
158971753.18400,620.31629,16.06480,192.37430,-10.57767,-6.39069,62.96838
158971754.18400,620.54721,16.05816,192.37422,-10.57767,-6.37187,62.87972
158971755.18400,620.77775,16.05159,192.37415,-10.57768,-6.35926,62.80695
158971756.18400,621.00702,16.04523,192.37408,-10.57768,-6.36750,62.82064
158971757.18400,621.23630,16.03888,192.37400,-10.57768,-6.37573,62.83075
158971758.18400,621.46557,16.03252,192.37393,-10.57768,-6.38397,62.83574
158971759.18400,621.69485,16.02616,192.37386,-10.57769,-6.39220,62.85052
158971760.18400,621.92413,16.01980,192.37378,-10.57769,-6.40043,62.85895
158971761.18400,622.15340,16.01345,192.37371,-10.57769,-6.40867,62.86216
158971762.18400,622.38268,16.00709,192.37363,-10.57769,-6.41690,62.77745
158971763.18400,622.61195,16.00073,192.37356,-10.57770,-6.42514,62.54595
158971764.18400,622.84123,15.99437,192.37348,-10.57770,-6.43337,62.32697
158971765.18400,623.07051,15.98802,192.37341,-10.57770,-6.44161,62.25552
158971766.18400,623.29978,15.98166,192.37333,-10.57770,-6.44984,62.21962
158971767.18400,623.52906,15.97530,192.37326,-10.57770,-6.45808,62.31354
158971768.18400,623.75833,15.96894,192.37318,-10.57771,-6.46631,62.60709
158971769.18400,623.98761,15.96259,192.37310,-10.57771,-6.47455,62.97780
158971770.18400,624.21730,15.95620,192.37303,-10.57771,-6.47960,63.35152
158971771.18400,624.44837,15.94972,192.37296,-10.57771,-6.47397,63.68439
158971772.18400,624.67944,15.94324,192.37289,-10.57771,-6.46835,64.00231
158971773.18400,624.91051,15.93676,192.37282,-10.57772,-6.46273,64.32285
158971774.18400,625.14159,15.93028,192.37275,-10.57772,-6.45710,64.22198
158971775.18400,625.37266,15.92379,192.37268,-10.57772,-6.45148,63.71159
158971776.18400,625.60373,15.91731,192.37260,-10.57772,-6.44586,63.48258
158971777.18400,625.83480,15.91083,192.37253,-10.57772,-6.44023,63.48955
158971778.18400,626.06587,15.90435,192.37246,-10.57773,-6.43461,63.49654
158971779.18400,626.29694,15.89787,192.37239,-10.57773,-6.42899,63.49878
158971780.18400,626.52802,15.89139,192.37232,-10.57773,-6.42336,63.48199
158971781.18400,626.75909,15.88491,192.37224,-10.57773,-6.41774,63.49375
158971782.18400,626.99016,15.87843,192.37217,-10.57773,-6.41212,63.49127
158971783.18400,627.22123,15.87194,192.37210,-10.57774,-6.40649,63.25851
158971784.18400,627.45230,15.86546,192.37203,-10.57774,-6.40087,63.05337
158971785.18400,627.68387,15.85900,192.37195,-10.57774,-6.39871,63.27863
158971786.18400,627.91707,15.85260,192.37188,-10.57774,-6.40818,63.76773
158971787.18400,628.15028,15.84621,192.37181,-10.57774,-6.41764,64.14223
158971788.18400,628.38348,15.83981,192.37174,-10.57775,-6.42711,64.32644
158971789.18400,628.61669,15.83342,192.37167,-10.57775,-6.43657,64.43982
158971790.18400,628.84989,15.82702,192.37160,-10.57775,-6.44604,64.54180
158971791.18400,629.08310,15.82062,192.37153,-10.57775,-6.45550,64.63884
158971792.18400,629.31630,15.81423,192.37147,-10.57775,-6.46497,64.73735
158971793.18400,629.54951,15.80783,192.37140,-10.57776,-6.47443,64.83412
158971794.18400,629.78271,15.80144,192.37133,-10.57776,-6.48390,64.94526
158971795.18400,630.01592,15.79504,192.37126,-10.57776,-6.49336,65.04226
158971796.18400,630.24912,15.78864,192.37119,-10.57776,-6.50283,65.13898
158971797.18400,630.48233,15.78225,192.37112,-10.57776,-6.51229,65.25154
158971798.18400,630.71554,15.77585,192.37106,-10.57777,-6.52175,65.34809
158971799.18400,630.94874,15.76946,192.37099,-10.57777,-6.53122,65.40729
158971800.18400,631.18185,15.76303,192.37092,-10.57777,-6.53501,65.37693
158971801.18400,631.41466,15.75649,192.37086,-10.57777,-6.51977,65.25230
158971802.18400,631.64746,15.74995,192.37079,-10.57777,-6.50453,65.11562
158971803.18400,631.88026,15.74341,192.37072,-10.57777,-6.48929,64.95171
158971804.18400,632.11307,15.73687,192.37065,-10.57778,-6.47406,64.77299
158971805.18400,632.34587,15.73033,192.37058,-10.57778,-6.45882,64.59026
158971806.18400,632.57867,15.72380,192.37051,-10.57778,-6.44358,64.40896
158971807.18400,632.81148,15.71726,192.37044,-10.57778,-6.42834,64.22795
158971808.18400,633.04428,15.71072,192.37037,-10.57778,-6.41310,64.04621
158971809.18400,633.27708,15.70418,192.37030,-10.57779,-6.39786,63.86535
158971810.18400,633.50989,15.69764,192.37023,-10.57779,-6.38262,63.75557
158971811.18400,633.74269,15.69110,192.37016,-10.57779,-6.36738,63.79172
158971812.18400,633.97549,15.68456,192.37009,-10.57779,-6.35215,63.86669
158971813.18400,634.20830,15.67803,192.37002,-10.57779,-6.33691,63.92603
158971814.18400,634.44110,15.67149,192.36995,-10.57779,-6.32167,64.00169
158971815.18400,634.67402,15.66500,192.36988,-10.57780,-6.31285,64.10102
158971816.18400,634.90731,15.65869,192.36981,-10.57780,-6.32558,64.28670
158971817.18400,635.14060,15.65238,192.36975,-10.57780,-6.33830,64.55895
158971818.18400,635.37389,15.64607,192.36968,-10.57780,-6.35103,64.63137
158971819.18400,635.60717,15.63976,192.36961,-10.57780,-6.36375,64.55986
158971820.18400,635.84046,15.63345,192.36954,-10.57780,-6.37648,64.83794
158971821.18400,636.07375,15.62714,192.36948,-10.57780,-6.38920,65.21603
158971822.18400,636.30704,15.62083,192.36941,-10.57781,-6.40193,65.41603
158971823.18400,636.54033,15.61452,192.36934,-10.57781,-6.41465,65.54162
158971824.18400,636.77362,15.60821,192.36928,-10.57781,-6.42737,65.64555
158971825.18400,637.00691,15.60190,192.36921,-10.57781,-6.44010,65.76556
158971826.18400,637.24020,15.59559,192.36915,-10.57781,-6.45282,65.88326
158971827.18400,637.47349,15.58928,192.36908,-10.57781,-6.46555,65.97970
158971828.18400,637.70678,15.58297,192.36902,-10.57781,-6.47827,66.10376
158971829.18400,637.94007,15.57666,192.36895,-10.57782,-6.49100,66.22914
158971830.18400,638.17360,15.57031,192.36889,-10.57782,-6.49785,66.31546
158971831.18400,638.40793,15.56381,192.36883,-10.57782,-6.48501,66.33962
158971832.18400,638.64226,15.55731,192.36876,-10.57782,-6.47217,66.37552
158971833.18400,638.87659,15.55080,192.36870,-10.57782,-6.45932,66.40468
158971834.18400,639.11092,15.54430,192.36864,-10.57782,-6.44648,66.42934
158971835.18400,639.34524,15.53780,192.36857,-10.57782,-6.43364,66.46583
158971836.18400,639.57957,15.53130,192.36851,-10.57782,-6.42080,66.49584
158971837.18400,639.81390,15.52480,192.36845,-10.57783,-6.40796,66.53779
158971838.18400,640.04823,15.51830,192.36838,-10.57783,-6.39511,66.56460
158971839.18400,640.28256,15.51180,192.36832,-10.57783,-6.38227,66.58840
158971840.18400,640.51689,15.50530,192.36826,-10.57783,-6.36943,66.63082
158971841.18400,640.75122,15.49880,192.36820,-10.57783,-6.35659,66.65623
158971842.18400,640.98555,15.49230,192.36814,-10.57783,-6.34375,66.69191
158971843.18400,641.21988,15.48580,192.36807,-10.57783,-6.33090,66.72436
158971844.18400,641.45421,15.47930,192.36801,-10.57783,-6.31806,66.75016
158971845.18400,641.68836,15.47284,192.36795,-10.57783,-6.30955,66.73580
158971846.18400,641.92190,15.46653,192.36789,-10.57784,-6.31555,66.67925
158971847.18400,642.15544,15.46022,192.36783,-10.57784,-6.32155,66.57887
158971848.18400,642.38898,15.45391,192.36777,-10.57784,-6.32754,66.48061
158971849.18400,642.62252,15.44761,192.36771,-10.57784,-6.33354,66.39606
158971850.18400,642.85606,15.44130,192.36764,-10.57784,-6.33954,66.29804
158971851.18400,643.08961,15.43499,192.36758,-10.57784,-6.34554,66.19868
158971852.18400,643.32315,15.42868,192.36752,-10.57784,-6.35154,66.10148
158971853.18400,643.55669,15.42237,192.36745,-10.57784,-6.35754,66.00114
158971854.18400,643.79023,15.41606,192.36739,-10.57784,-6.36354,65.59664
158971855.18400,644.02377,15.40975,192.36732,-10.57784,-6.36953,65.08206
158971856.18400,644.25731,15.40345,192.36726,-10.57785,-6.37553,65.04697
158971857.18400,644.49086,15.39714,192.36719,-10.57785,-6.38153,65.27631
158971858.18400,644.72440,15.39083,192.36713,-10.57785,-6.38753,65.50116
158971859.18400,644.95794,15.38452,192.36706,-10.57785,-6.39353,65.73463
158971860.18400,645.19186,15.37819,192.36700,-10.57785,-6.39725,65.95579
158971861.18400,645.42708,15.37179,192.36693,-10.57785,-6.39331,66.14917
158971862.18400,645.66230,15.36539,192.36687,-10.57785,-6.38938,66.33681
158971863.18400,645.89752,15.35900,192.36681,-10.57785,-6.38545,66.54185
158971864.18400,646.13273,15.35260,192.36674,-10.57785,-6.38152,66.58114
158971865.18400,646.36795,15.34620,192.36668,-10.57785,-6.37758,66.43911
158971866.18400,646.60317,15.33980,192.36662,-10.57785,-6.37365,66.34918
158971867.18400,646.83838,15.33340,192.36656,-10.57785,-6.36972,66.32778
158971868.18400,647.07360,15.32701,192.36649,-10.57785,-6.36579,66.30975
158971869.18400,647.30882,15.32061,192.36643,-10.57786,-6.36185,66.29353
158971870.18400,647.54403,15.31421,192.36637,-10.57786,-6.35792,66.27207
158971871.18400,647.77925,15.30781,192.36630,-10.57786,-6.35399,66.24391
158971872.18400,648.01447,15.30141,192.36624,-10.57786,-6.35005,66.23771
158971873.18400,648.24969,15.29502,192.36618,-10.57786,-6.34612,66.21620
158971874.18400,648.48490,15.28862,192.36612,-10.57786,-6.34219,66.18809
158971875.18400,648.71974,15.28223,192.36605,-10.57786,-6.33776,66.16325
158971876.18400,648.95330,15.27590,192.36599,-10.57786,-6.33164,66.13455
158971877.18400,649.18686,15.26956,192.36593,-10.57786,-6.32553,66.10929
158971878.18400,649.42042,15.26322,192.36586,-10.57786,-6.31941,66.08551
158971879.18400,649.65399,15.25688,192.36580,-10.57786,-6.31330,66.05675
158971880.18400,649.88755,15.25054,192.36574,-10.57786,-6.30718,66.02108
158971881.18400,650.12111,15.24420,192.36567,-10.57786,-6.30107,66.00724
158971882.18400,650.35467,15.23786,192.36561,-10.57786,-6.29495,65.97994
158971883.18400,650.58823,15.23152,192.36555,-10.57786,-6.28884,65.94233
158971884.18400,650.82180,15.22519,192.36548,-10.57786,-6.28272,65.90981
158971885.18400,651.05536,15.21885,192.36542,-10.57786,-6.27661,65.88411
158971886.18400,651.28892,15.21251,192.36536,-10.57786,-6.27049,65.85657
158971887.18400,651.52248,15.20617,192.36529,-10.57786,-6.26438,65.83078
158971888.18400,651.75604,15.19983,192.36523,-10.57787,-6.25826,65.80494
158971889.18400,651.98960,15.19349,192.36517,-10.57787,-6.25215,65.76716
158971890.18400,652.22305,15.18717,192.36510,-10.57787,-6.24753,65.75650
158971891.18400,652.45611,15.18093,192.36504,-10.57787,-6.24793,65.75285
158971892.18400,652.68916,15.17468,192.36498,-10.57787,-6.24832,65.73733
158971893.18400,652.92222,15.16843,192.36491,-10.57787,-6.24872,65.72852
158971894.18400,653.15528,15.16218,192.36485,-10.57787,-6.24911,65.72315
158971895.18400,653.38834,15.15593,192.36479,-10.57787,-6.24951,65.72293
158971896.18400,653.62139,15.14969,192.36472,-10.57787,-6.24990,65.71588
158971897.18400,653.85445,15.14344,192.36466,-10.57787,-6.25030,65.71049
158971898.18400,654.08751,15.13719,192.36460,-10.57787,-6.25069,65.70341
158971899.18400,654.32057,15.13094,192.36453,-10.57787,-6.25109,65.69640
158971900.18400,654.55362,15.12469,192.36447,-10.57787,-6.25148,65.68769
158971901.18400,654.78668,15.11845,192.36441,-10.57787,-6.25188,65.68238
158971902.18400,655.01974,15.11220,192.36434,-10.57787,-6.25227,65.68382
158971903.18400,655.25280,15.10595,192.36428,-10.57787,-6.25267,65.66666
158971904.18400,655.48585,15.09970,192.36422,-10.57787,-6.25307,65.65963
158971905.18400,655.71940,15.09345,192.36415,-10.57787,-6.25411,65.66328
158971906.18400,655.95459,15.08720,192.36409,-10.57787,-6.25733,65.66766
158971907.18400,656.18978,15.08095,192.36403,-10.57787,-6.26056,65.67878
158971908.18400,656.42497,15.07469,192.36396,-10.57787,-6.26378,65.67133
158971909.18400,656.66016,15.06844,192.36390,-10.57787,-6.26700,65.66727
158971910.18400,656.89536,15.06219,192.36383,-10.57787,-6.27022,65.67837
158971911.18400,657.13055,15.05593,192.36377,-10.57787,-6.27345,65.68947
158971912.18400,657.36574,15.04968,192.36371,-10.57787,-6.27667,65.70056
158971913.18400,657.60093,15.04343,192.36364,-10.57787,-6.27989,65.69312
158971914.18400,657.83612,15.03717,192.36358,-10.57787,-6.28311,65.68905
158971915.18400,658.07131,15.03092,192.36351,-10.57787,-6.28634,65.70012
158971916.18400,658.30650,15.02467,192.36345,-10.57787,-6.28956,65.70110
158971917.18400,658.54169,15.01841,192.36339,-10.57787,-6.29278,65.70542
158971918.18400,658.77688,15.01216,192.36332,-10.57787,-6.29600,65.71474
158971919.18400,659.01208,15.00591,192.36326,-10.57787,-6.29923,65.71734
158971920.18400,659.24738,14.99964,192.36320,-10.57787,-6.30046,65.70648
158971921.18400,659.48305,14.99334,192.36313,-10.57787,-6.29501,65.67952
158971922.18400,659.71873,14.98704,192.36307,-10.57787,-6.28956,65.65924
158971923.18400,659.95440,14.98074,192.36300,-10.57787,-6.28412,65.63227
158971924.18400,660.19008,14.97444,192.36294,-10.57787,-6.27867,65.60695
158971925.18400,660.42575,14.96814,192.36288,-10.57787,-6.27322,65.57988
158971926.18400,660.66143,14.96183,192.36281,-10.57787,-6.26777,65.55274
158971927.18400,660.89711,14.95553,192.36275,-10.57787,-6.26233,65.52388
158971928.18400,661.13278,14.94923,192.36268,-10.57787,-6.25688,65.49842
158971929.18400,661.36846,14.94293,192.36262,-10.57787,-6.25143,65.47967
158971930.18400,661.60413,14.93663,192.36255,-10.57787,-6.24599,65.45067
158971931.18400,661.83981,14.93033,192.36249,-10.57787,-6.24054,65.42504
158971932.18400,662.07548,14.92403,192.36243,-10.57786,-6.23509,65.39765
158971933.18400,662.31116,14.91773,192.36236,-10.57786,-6.22964,65.37019
158971934.18400,662.54683,14.91142,192.36230,-10.57786,-6.22420,65.34107
158971935.18400,662.78285,14.90514,192.36223,-10.57786,-6.22168,65.32386
158971936.18400,663.02000,14.89892,192.36217,-10.57786,-6.22902,65.35113
158971937.18400,663.25715,14.89270,192.36210,-10.57786,-6.23635,65.36829
158971938.18400,663.49431,14.88648,192.36204,-10.57786,-6.24369,65.38548
158971939.18400,663.73146,14.88026,192.36198,-10.57786,-6.25102,65.39242
158971940.18400,663.96861,14.87404,192.36191,-10.57786,-6.25835,65.40948
158971941.18400,664.20576,14.86782,192.36185,-10.57786,-6.26569,65.43647
158971942.18400,664.44291,14.86160,192.36178,-10.57786,-6.27302,65.45332
158971943.18400,664.68007,14.85538,192.36172,-10.57786,-6.28036,65.47690
158971944.18400,664.91722,14.84916,192.36165,-10.57786,-6.28769,65.48693
158971945.18400,665.15437,14.84294,192.36159,-10.57786,-6.29502,65.50542
158971946.18400,665.39152,14.83672,192.36152,-10.57786,-6.30236,65.53726
158971947.18400,665.62868,14.83050,192.36146,-10.57786,-6.30969,65.65776
158971948.18400,665.86583,14.82428,192.36140,-10.57786,-6.31703,65.97136
158971949.18400,666.10298,14.81806,192.36133,-10.57786,-6.32436,66.35647
158971950.18400,666.34112,14.81182,192.36127,-10.57786,-6.33098,66.52548
158971951.18400,666.58254,14.80549,192.36121,-10.57785,-6.33518,66.38249
158971952.18400,666.82397,14.79916,192.36115,-10.57785,-6.33939,66.19443
158971953.18400,667.06540,14.79283,192.36108,-10.57785,-6.34359,66.05924
158971954.18400,667.30683,14.78650,192.36102,-10.57785,-6.34780,65.90606
158971955.18400,667.54825,14.78017,192.36096,-10.57785,-6.35201,65.75170
158971956.18400,667.78968,14.77384,192.36089,-10.57785,-6.35621,65.60971
158971957.18400,668.03111,14.76751,192.36083,-10.57785,-6.36042,65.47633
158971958.18400,668.27254,14.76118,192.36076,-10.57785,-6.36462,65.52878
158971959.18400,668.51396,14.75485,192.36070,-10.57785,-6.36883,65.89522
158971960.18400,668.75539,14.74852,192.36063,-10.57785,-6.37304,66.24805
158971961.18400,668.99682,14.74219,192.36057,-10.57785,-6.37724,66.35054
158971962.18400,669.23825,14.73586,192.36051,-10.57785,-6.38145,66.34752
158971963.18400,669.47967,14.72953,192.36044,-10.57785,-6.38565,66.34461
158971964.18400,669.72110,14.72320,192.36038,-10.57785,-6.38986,66.34827
158971965.18400,669.96246,14.71685,192.36032,-10.57784,-6.39094,66.32656
158971966.18400,670.20358,14.71046,192.36025,-10.57784,-6.38151,66.28058
158971967.18400,670.44470,14.70406,192.36019,-10.57784,-6.37209,66.24107
158971968.18400,670.68582,14.69767,192.36013,-10.57784,-6.36266,66.19129
158971969.18400,670.92694,14.69128,192.36006,-10.57784,-6.35324,66.14500
158971970.18400,671.16806,14.68488,192.36000,-10.57784,-6.34382,66.08831
158971971.18400,671.40917,14.67849,192.35994,-10.57784,-6.33439,66.03807
158971972.18400,671.65029,14.67210,192.35987,-10.57784,-6.32497,65.99792
158971973.18400,671.89141,14.66570,192.35981,-10.57784,-6.31554,65.96761
158971974.18400,672.13253,14.65931,192.35975,-10.57784,-6.30612,66.07365
158971975.18400,672.37365,14.65292,192.35969,-10.57784,-6.29670,66.43114
158971976.18400,672.61477,14.64652,192.35962,-10.57783,-6.28727,66.77301
158971977.18400,672.85589,14.64013,192.35956,-10.57783,-6.27785,66.90464
158971978.18400,673.09701,14.63374,192.35950,-10.57783,-6.26842,66.95764
158971979.18400,673.33813,14.62734,192.35944,-10.57783,-6.25900,66.93351
158971980.18400,673.57872,14.62098,192.35938,-10.57783,-6.25114,66.78728
158971981.18400,673.81754,14.61473,192.35932,-10.57783,-6.24850,66.62225
158971982.18400,674.05637,14.60848,192.35926,-10.57783,-6.24587,66.47633
158971983.18400,674.29519,14.60223,192.35920,-10.57783,-6.24324,66.31523
158971984.18400,674.53401,14.59598,192.35914,-10.57783,-6.24061,66.14416
158971985.18400,674.77283,14.58972,192.35908,-10.57782,-6.23798,65.98174
158971986.18400,675.01165,14.58347,192.35901,-10.57782,-6.23535,65.82809
158971987.18400,675.25048,14.57722,192.35895,-10.57782,-6.23272,65.67435
158971988.18400,675.48930,14.57097,192.35889,-10.57782,-6.23008,65.51254
158971989.18400,675.72812,14.56472,192.35882,-10.57782,-6.22745,65.34461
158971990.18400,675.96694,14.55846,192.35876,-10.57782,-6.22482,65.18337
158971991.18400,676.20576,14.55221,192.35869,-10.57782,-6.22219,65.05470
158971992.18400,676.44459,14.54596,192.35863,-10.57782,-6.21956,65.33543
158971993.18400,676.68341,14.53971,192.35857,-10.57781,-6.21693,65.92915
158971994.18400,676.92223,14.53346,192.35850,-10.57781,-6.21430,66.16645
158971995.18400,677.16134,14.52721,192.35844,-10.57781,-6.21300,66.11050
158971996.18400,677.40143,14.52100,192.35838,-10.57781,-6.21616,66.05954
158971997.18400,677.64151,14.51479,192.35832,-10.57781,-6.21933,66.01876
158971998.18400,677.88160,14.50858,192.35825,-10.57781,-6.22250,65.98827
158971999.18400,678.12169,14.50237,192.35819,-10.57781,-6.22567,65.94758
158972000.18400,678.36177,14.49615,192.35813,-10.57780,-6.22883,65.90547
158972001.18400,678.60186,14.48994,192.35807,-10.57780,-6.23200,65.87555
158972002.18400,678.84195,14.48373,192.35800,-10.57780,-6.23517,65.84397
158972003.18400,679.08203,14.47752,192.35794,-10.57780,-6.23834,66.24668
158972004.18400,679.32212,14.47131,192.35788,-10.57780,-6.24150,67.32496
158972005.18400,679.56220,14.46509,192.35782,-10.57780,-6.24467,68.12721
158972006.18400,679.80229,14.45888,192.35777,-10.57779,-6.24784,68.00563
158972007.18400,680.04238,14.45267,192.35771,-10.57779,-6.25101,67.52695
158972008.18400,680.28246,14.44646,192.35765,-10.57779,-6.25417,67.45860
158972009.18400,680.52255,14.44025,192.35759,-10.57779,-6.25734,68.03466
158972010.18400,680.76278,14.43402,192.35754,-10.57779,-6.25863,68.89823
158972011.18400,681.00350,14.42776,192.35748,-10.57779,-6.25363,69.73762
158972012.18400,681.24422,14.42150,192.35743,-10.57778,-6.24863,70.18270
158972013.18400,681.48494,14.41524,192.35738,-10.57778,-6.24363,70.00539
158972014.18400,681.72567,14.40898,192.35733,-10.57778,-6.23863,69.58875
158972015.18400,681.96639,14.40272,192.35728,-10.57778,-6.23363,69.16304
158972016.18400,682.20711,14.39646,192.35723,-10.57778,-6.22863,68.72070
158972017.18400,682.44783,14.39020,192.35717,-10.57778,-6.22363,68.29794
158972018.18400,682.68855,14.38394,192.35711,-10.57777,-6.21863,67.88661
158972019.18400,682.92927,14.37768,192.35706,-10.57777,-6.21363,67.45197
158972020.18400,683.16999,14.37142,192.35700,-10.57777,-6.20862,67.02577
158972021.18400,683.41071,14.36516,192.35694,-10.57777,-6.20362,66.65247
158972022.18400,683.65143,14.35890,192.35688,-10.57777,-6.19862,66.47876
158972023.18400,683.89216,14.35264,192.35682,-10.57777,-6.19362,66.62583
158972024.18400,684.13288,14.34638,192.35676,-10.57776,-6.18862,66.90203
158972025.18400,684.37337,14.34014,192.35670,-10.57776,-6.18425,67.18390
158972026.18400,684.61311,14.33395,192.35664,-10.57776,-6.18197,67.47422
158972027.18400,684.85285,14.32777,192.35658,-10.57776,-6.17969,67.75663
158972028.18400,685.09258,14.32159,192.35653,-10.57776,-6.17741,68.04884
158972029.18400,685.33232,14.31540,192.35647,-10.57775,-6.17513,68.34978
158972030.18400,685.57206,14.30922,192.35642,-10.57775,-6.17285,68.64541
158972031.18400,685.81179,14.30303,192.35636,-10.57775,-6.17057,68.93311
158972032.18400,686.05153,14.29685,192.35631,-10.57775,-6.16830,69.23291
158972033.18400,686.29127,14.29066,192.35626,-10.57775,-6.16602,69.48018
158972034.18400,686.53101,14.28448,192.35620,-10.57774,-6.16374,68.63585
158972035.18400,686.77074,14.27829,192.35615,-10.57774,-6.16146,66.21467
158972036.18400,687.01048,14.27211,192.35608,-10.57774,-6.15918,64.97752
158972037.18400,687.25022,14.26592,192.35602,-10.57774,-6.15690,65.70810
158972038.18400,687.48996,14.25974,192.35596,-10.57773,-6.15462,65.91653
158972039.18400,687.72969,14.25355,192.35589,-10.57773,-6.15235,65.21787
158972040.18400,687.96970,14.24738,192.35583,-10.57773,-6.15122,64.69325
158972041.18400,688.21062,14.24123,192.35576,-10.57773,-6.15396,64.58027
158972042.18400,688.45155,14.23508,192.35570,-10.57773,-6.15671,64.60540
158972043.18400,688.69247,14.22893,192.35563,-10.57772,-6.15945,64.65074
158972044.18400,688.93339,14.22277,192.35557,-10.57772,-6.16219,64.68596
158972045.18400,689.17432,14.21662,192.35550,-10.57772,-6.16494,64.71924
158972046.18400,689.41524,14.21047,192.35544,-10.57772,-6.16768,64.76420
158972047.18400,689.65616,14.20432,192.35537,-10.57771,-6.17042,64.79119
158972048.18400,689.89708,14.19817,192.35531,-10.57771,-6.17317,64.83352
158972049.18400,690.13801,14.19202,192.35524,-10.57771,-6.17591,64.87713
158972050.18400,690.37893,14.18587,192.35517,-10.57771,-6.17865,64.90517
158972051.18400,690.61985,14.17972,192.35511,-10.57771,-6.18140,64.94815
158972052.18400,690.86077,14.17357,192.35504,-10.57770,-6.18414,64.98972
158972053.18400,691.10170,14.16742,192.35498,-10.57770,-6.18688,65.02590
158972054.18400,691.34262,14.16127,192.35492,-10.57770,-6.18963,65.06037
158972055.18400,691.58369,14.15511,192.35485,-10.57770,-6.19082,65.07924
158972056.18400,691.82529,14.14892,192.35479,-10.57769,-6.18680,65.09888
158972057.18400,692.06688,14.14273,192.35472,-10.57769,-6.18278,65.11914
158972058.18400,692.30847,14.13653,192.35466,-10.57769,-6.17875,65.13140
158972059.18400,692.55006,14.13034,192.35459,-10.57769,-6.17473,65.15113
158972060.18400,692.79165,14.12415,192.35453,-10.57768,-6.17071,65.16103
158972061.18400,693.03324,14.11796,192.35446,-10.57768,-6.16669,65.17198
158972062.18400,693.27483,14.11177,192.35440,-10.57768,-6.16267,65.18362
158972063.18400,693.51642,14.10558,192.35434,-10.57768,-6.15865,65.19671
158972064.18400,693.75801,14.09939,192.35427,-10.57767,-6.15463,65.22467
158972065.18400,693.99961,14.09319,192.35421,-10.57767,-6.15061,65.22608
158972066.18400,694.24120,14.08700,192.35414,-10.57767,-6.14659,65.23759
158972067.18400,694.48279,14.08081,192.35408,-10.57767,-6.14257,65.26572
158972068.18400,694.72438,14.07462,192.35402,-10.57767,-6.13855,65.27058
158972069.18400,694.96597,14.06843,192.35395,-10.57766,-6.13453,65.28168
158972070.18400,695.20721,14.06225,192.35389,-10.57766,-6.13035,65.29084
158972071.18400,695.44728,14.05612,192.35383,-10.57766,-6.12562,65.30906
158972072.18400,695.68734,14.04999,192.35376,-10.57766,-6.12090,65.32596
158972073.18400,695.92741,14.04386,192.35370,-10.57765,-6.11618,65.32811
158972074.18400,696.16748,14.03773,192.35364,-10.57765,-6.11145,65.34469
158972075.18400,696.40754,14.03159,192.35357,-10.57765,-6.10673,65.36166
158972076.18400,696.64761,14.02546,192.35351,-10.57765,-6.10201,65.36212
158972077.18400,696.88768,14.01933,192.35345,-10.57764,-6.09729,65.38024
158972078.18400,697.12774,14.01320,192.35338,-10.57764,-6.09256,65.39072
158972079.18400,697.36781,14.00707,192.35332,-10.57764,-6.08784,65.39839
158972080.18400,697.60787,14.00094,192.35326,-10.57764,-6.08312,65.41617
158972081.18400,697.84794,13.99481,192.35320,-10.57763,-6.07840,65.42671
158972082.18400,698.08801,13.98868,192.35313,-10.57763,-6.07367,65.43450
158972083.18400,698.32807,13.98254,192.35307,-10.57763,-6.06895,65.44202
158972084.18400,698.56814,13.97641,192.35301,-10.57763,-6.06423,65.46989
158972085.18400,698.80861,13.97030,192.35295,-10.57762,-6.06217,65.49064
158972086.18400,699.05042,13.96424,192.35289,-10.57762,-6.06904,65.52183
158972087.18400,699.29222,13.95818,192.35282,-10.57762,-6.07590,65.58100
158972088.18400,699.53403,13.95212,192.35276,-10.57762,-6.08277,65.65120
158972089.18400,699.77584,13.94606,192.35270,-10.57761,-6.08964,65.69917
158972090.18400,700.01765,13.93999,192.35264,-10.57761,-6.09651,65.74077
158972091.18400,700.25946,13.93393,192.35258,-10.57761,-6.10338,65.80026
158972092.18400,700.50127,13.92787,192.35251,-10.57761,-6.11024,65.85834
158972093.18400,700.74307,13.92181,192.35245,-10.57760,-6.11711,65.89799
158972094.18400,700.98488,13.91575,192.35239,-10.57760,-6.12398,65.95877
158972095.18400,701.22669,13.90969,192.35233,-10.57760,-6.13085,66.00997
158972096.18400,701.46850,13.90363,192.35227,-10.57760,-6.13772,66.05834
158972097.18400,701.71031,13.89757,192.35221,-10.57759,-6.14458,66.11688
158972098.18400,701.95212,13.89151,192.35215,-10.57759,-6.15145,66.16613
158972099.18400,702.19393,13.88545,192.35208,-10.57759,-6.15832,66.21601
158972100.18400,702.43559,13.87936,192.35202,-10.57759,-6.16072,66.24862
158972101.18400,702.67675,13.87320,192.35196,-10.57758,-6.14811,66.25006
158972102.18400,702.91791,13.86704,192.35190,-10.57758,-6.13551,66.23479
158972103.18400,703.15908,13.86087,192.35184,-10.57758,-6.12291,66.19621
158972104.18400,703.40024,13.85471,192.35178,-10.57758,-6.11030,66.18920
158972105.18400,703.64140,13.84854,192.35172,-10.57757,-6.09770,66.19161
158972106.18400,703.88257,13.84238,192.35166,-10.57757,-6.08510,66.17085
158972107.18400,704.12373,13.83622,192.35160,-10.57757,-6.07249,66.14694
158972108.18400,704.36489,13.83005,192.35154,-10.57757,-6.05989,66.13843
158972109.18400,704.60605,13.82389,192.35148,-10.57757,-6.04729,66.12848
158972110.18400,704.84722,13.81772,192.35142,-10.57756,-6.03468,66.10397
158972111.18400,705.08838,13.81156,192.35136,-10.57756,-6.02208,66.09422
158972112.18400,705.32954,13.80540,192.35130,-10.57756,-6.00948,66.07551
158972113.18400,705.57071,13.79923,192.35124,-10.57756,-5.99687,66.05715
158972114.18400,705.81187,13.79307,192.35118,-10.57755,-5.98427,66.04735
158972115.18400,706.05284,13.78695,192.35112,-10.57755,-5.97596,66.04362
158972116.18400,706.29317,13.78097,192.35106,-10.57755,-5.98207,66.09054
158972117.18400,706.53349,13.77500,192.35100,-10.57755,-5.98818,66.14968
158972118.18400,706.77381,13.76902,192.35094,-10.57754,-5.99429,66.20638
158972119.18400,707.01414,13.76305,192.35088,-10.57754,-6.00040,66.24424
158972120.18400,707.25446,13.75707,192.35082,-10.57754,-6.00651,66.29461
158972121.18400,707.49478,13.75110,192.35076,-10.57754,-6.01262,66.34269
158972122.18400,707.73511,13.74512,192.35070,-10.57753,-6.01872,66.40032
158972123.18400,707.97543,13.73915,192.35064,-10.57753,-6.02483,66.45644
158972124.18400,708.21576,13.73318,192.35058,-10.57753,-6.03094,66.50504
158972125.18400,708.45608,13.72720,192.35053,-10.57753,-6.03705,66.55499
158972126.18400,708.69640,13.72123,192.35047,-10.57753,-6.04316,66.60206
158972127.18400,708.93673,13.71525,192.35041,-10.57752,-6.04927,66.65863
158972128.18400,709.17705,13.70928,192.35035,-10.57752,-6.05538,66.70519
158972129.18400,709.41738,13.70330,192.35029,-10.57752,-6.06148,66.75277
158972130.18400,709.65764,13.69731,192.35023,-10.57752,-6.06378,66.78903
158972131.18400,709.89772,13.69124,192.35017,-10.57751,-6.05330,66.78684
158972132.18400,710.13779,13.68517,192.35011,-10.57751,-6.04281,66.78642
158972133.18400,710.37787,13.67911,192.35006,-10.57751,-6.03233,66.79248
158972134.18400,710.61794,13.67304,192.35000,-10.57751,-6.02184,67.00821
158972135.18400,710.85801,13.66698,192.34994,-10.57751,-6.01136,67.56308
158972136.18400,711.09809,13.66091,192.34989,-10.57750,-6.00087,67.99428
158972137.18400,711.33816,13.65484,192.34983,-10.57750,-5.99039,67.94491
158972138.18400,711.57824,13.64878,192.34978,-10.57750,-5.97990,67.69860
158972139.18400,711.81831,13.64271,192.34972,-10.57750,-5.96942,67.53953
158972140.18400,712.05839,13.63665,192.34967,-10.57749,-5.95894,67.53238
158972141.18400,712.29846,13.63058,192.34961,-10.57749,-5.94845,67.59534
158972142.18400,712.53854,13.62451,192.34956,-10.57749,-5.93797,67.65202
158972143.18400,712.77861,13.61845,192.34950,-10.57749,-5.92748,67.71553
158972144.18400,713.01869,13.61238,192.34945,-10.57749,-5.91700,67.82720
158972145.18400,713.25937,13.60635,192.34939,-10.57748,-5.91254,67.95977
158972146.18400,713.50208,13.60044,192.34934,-10.57748,-5.92829,68.16051
158972147.18400,713.74480,13.59454,192.34929,-10.57748,-5.94403,68.37095
158972148.18400,713.98751,13.58863,192.34923,-10.57748,-5.95978,68.55942
158972149.18400,714.23022,13.58272,192.34918,-10.57747,-5.97553,68.76490
158972150.18400,714.47294,13.57681,192.34913,-10.57747,-5.99128,68.95243
158972151.18400,714.71565,13.57090,192.34908,-10.57747,-6.00703,68.83703
158972152.18400,714.95837,13.56499,192.34902,-10.57747,-6.02277,68.24928
158972153.18400,715.20108,13.55908,192.34897,-10.57747,-6.03852,67.50198
158972154.18400,715.44380,13.55317,192.34891,-10.57746,-6.05427,67.03757
158972155.18400,715.68651,13.54727,192.34885,-10.57746,-6.07002,67.04308
158972156.18400,715.92922,13.54136,192.34880,-10.57746,-6.08577,67.25682
158972157.18400,716.17194,13.53545,192.34874,-10.57746,-6.10151,67.45164
158972158.18400,716.41465,13.52954,192.34868,-10.57745,-6.11726,67.64608
158972159.18400,716.65737,13.52363,192.34863,-10.57745,-6.13301,67.83998
158972160.18400,716.90110,13.51767,192.34857,-10.57745,-6.14401,68.03401
158972161.18400,717.14823,13.51152,192.34851,-10.57745,-6.13909,68.17781
158972162.18400,717.39537,13.50538,192.34846,-10.57745,-6.13417,68.29604
158972163.18400,717.64250,13.49923,192.34840,-10.57744,-6.12925,68.43513
158972164.18400,717.88964,13.49309,192.34835,-10.57744,-6.12432,68.57936
158972165.18400,718.13677,13.48694,192.34830,-10.57744,-6.11940,68.70787
158972166.18400,718.38391,13.48080,192.34824,-10.57744,-6.11448,68.83680
158972167.18400,718.63104,13.47465,192.34819,-10.57744,-6.10956,68.97342
158972168.18400,718.87818,13.46851,192.34814,-10.57743,-6.10464,69.11335
158972169.18400,719.12531,13.46236,192.34808,-10.57743,-6.09972,69.26184
158972170.18400,719.37245,13.45622,192.34803,-10.57743,-6.09480,69.40079
158972171.18400,719.61958,13.45007,192.34798,-10.57743,-6.08987,69.52468
158972172.18400,719.86672,13.44392,192.34793,-10.57742,-6.08495,69.66724
158972173.18400,720.11385,13.43778,192.34788,-10.57742,-6.08003,69.81222
158972174.18400,720.36099,13.43163,192.34783,-10.57742,-6.07511,69.94477
158972175.18400,720.60779,13.42551,192.34778,-10.57742,-6.07053,70.07607
158972176.18400,720.85344,13.41943,192.34773,-10.57742,-6.06707,70.10639
158972177.18400,721.09910,13.41336,192.34768,-10.57741,-6.06361,69.92840
158972178.18400,721.34476,13.40729,192.34763,-10.57741,-6.06015,69.67594
158972179.18400,721.59041,13.40122,192.34758,-10.57741,-6.05670,69.44424
158972180.18400,721.83607,13.39515,192.34753,-10.57741,-6.05324,69.18912
158972181.18400,722.08173,13.38908,192.34748,-10.57740,-6.04978,68.92908
158972182.18400,722.32738,13.38301,192.34742,-10.57740,-6.04632,68.70542
158972183.18400,722.57304,13.37693,192.34737,-10.57740,-6.04287,68.60497
158972184.18400,722.81870,13.37086,192.34732,-10.57740,-6.03941,68.74433
158972185.18400,723.06436,13.36479,192.34727,-10.57740,-6.03595,68.99159
158972186.18400,723.31001,13.35872,192.34721,-10.57739,-6.03250,69.23892
158972187.18400,723.55567,13.35265,192.34716,-10.57739,-6.02904,69.48548
158972188.18400,723.80133,13.34658,192.34711,-10.57739,-6.02558,69.71595
158972189.18400,724.04698,13.34051,192.34706,-10.57739,-6.02212,69.88454
158972190.18400,724.29291,13.33445,192.34701,-10.57738,-6.02036,69.97090
158972191.18400,724.53972,13.32843,192.34696,-10.57738,-6.02428,70.02578
158972192.18400,724.78653,13.32241,192.34691,-10.57738,-6.02819,70.07504
158972193.18400,725.03335,13.31639,192.34687,-10.57738,-6.03211,70.12427
158972194.18400,725.28016,13.31037,192.34682,-10.57738,-6.03602,70.17377
158972195.18400,725.52698,13.30435,192.34677,-10.57737,-6.03994,70.22526
158972196.18400,725.77379,13.29833,192.34672,-10.57737,-6.04386,70.27221
158972197.18400,726.02060,13.29231,192.34667,-10.57737,-6.04777,70.32083
158972198.18400,726.26742,13.28629,192.34662,-10.57737,-6.05169,70.37175
158972199.18400,726.51423,13.28027,192.34657,-10.57737,-6.05560,70.42636
158972200.18400,726.76105,13.27425,192.34652,-10.57736,-6.05952,70.47356
158972201.18400,727.00786,13.26823,192.34648,-10.57736,-6.06344,70.52810
158972202.18400,727.25467,13.26222,192.34643,-10.57736,-6.06735,70.56577
158972203.18400,727.50149,13.25620,192.34638,-10.57736,-6.07127,70.61465
158972204.18400,727.74830,13.25018,192.34633,-10.57736,-6.07518,70.67654
158972205.18400,727.99516,13.24414,192.34628,-10.57735,-6.07662,70.67337
158972206.18400,728.24216,13.23807,192.34624,-10.57735,-6.06975,70.05879
158972207.18400,728.48917,13.23199,192.34618,-10.57735,-6.06287,69.54504
158972208.18400,728.73617,13.22591,192.34613,-10.57735,-6.05599,69.88012
158972209.18400,728.98318,13.21983,192.34608,-10.57735,-6.04912,69.96554
158972210.18400,729.23018,13.21375,192.34603,-10.57734,-6.04224,69.64815
158972211.18400,729.47719,13.20768,192.34598,-10.57734,-6.03537,69.43577
158972212.18400,729.72419,13.20160,192.34593,-10.57734,-6.02849,69.27218
158972213.18400,729.97119,13.19552,192.34588,-10.57734,-6.02162,69.11601
158972214.18400,730.21820,13.18944,192.34583,-10.57734,-6.01474,68.95973
158972215.18400,730.46520,13.18336,192.34578,-10.57733,-6.00787,68.80151
158972216.18400,730.71221,13.17729,192.34572,-10.57733,-6.00099,68.68194
158972217.18400,730.95921,13.17121,192.34567,-10.57733,-5.99412,68.64869
158972218.18400,731.20621,13.16513,192.34562,-10.57733,-5.98724,68.64485
158972219.18400,731.45322,13.15905,192.34557,-10.57733,-5.98037,68.62808
158972220.18400,731.69974,13.15300,192.34551,-10.57732,-5.97424,68.62663
158972221.18400,731.94462,13.14702,192.34546,-10.57732,-5.97060,68.64623
158972222.18400,732.18950,13.14105,192.34541,-10.57732,-5.96697,68.64183
158972223.18400,732.43438,13.13507,192.34536,-10.57732,-5.96334,68.64882
158972224.18400,732.67926,13.12910,192.34530,-10.57732,-5.95970,68.66705
158972225.18400,732.92414,13.12312,192.34525,-10.57732,-5.95607,68.65312
158972226.18400,733.16902,13.11715,192.34520,-10.57731,-5.95244,68.65939
158972227.18400,733.41390,13.11117,192.34515,-10.57731,-5.94880,68.66804
158972228.18400,733.65878,13.10519,192.34509,-10.57731,-5.94517,68.66364
158972229.18400,733.90366,13.09922,192.34504,-10.57731,-5.94154,68.67587
158972230.18400,734.14854,13.09324,192.34499,-10.57731,-5.93790,68.68633
158972231.18400,734.39342,13.08727,192.34494,-10.57730,-5.93427,68.69494
158972232.18400,734.63830,13.08129,192.34489,-10.57730,-5.93064,68.69055
158972233.18400,734.88318,13.07532,192.34483,-10.57730,-5.92700,68.69545
158972234.18400,735.12806,13.06934,192.34478,-10.57730,-5.92337,68.71527
158972235.18400,735.37347,13.06338,192.34473,-10.57730,-5.92229,68.72295
158972236.18400,735.62064,13.05746,192.34468,-10.57729,-5.92976,68.76045
158972237.18400,735.86781,13.05154,192.34463,-10.57729,-5.93723,68.80531
158972238.18400,736.11499,13.04562,192.34457,-10.57729,-5.94470,68.84152
158972239.18400,736.36216,13.03970,192.34452,-10.57729,-5.95217,68.88250
158972240.18400,736.60933,13.03378,192.34447,-10.57729,-5.95964,68.92460
158972241.18400,736.85650,13.02786,192.34442,-10.57728,-5.96711,68.95799
158972242.18400,737.10368,13.02194,192.34437,-10.57728,-5.97459,68.99866
158972243.18400,737.35085,13.01601,192.34432,-10.57728,-5.98206,69.05230
158972244.18400,737.59802,13.01009,192.34426,-10.57728,-5.98953,69.09658
158972245.18400,737.84520,13.00417,192.34421,-10.57728,-5.99700,69.12597
158972246.18400,738.09237,12.99825,192.34416,-10.57727,-6.00447,69.16824
158972247.18400,738.33954,12.99233,192.34411,-10.57727,-6.01194,69.21043
158972248.18400,738.58671,12.98641,192.34406,-10.57727,-6.01941,69.25253
158972249.18400,738.83389,12.98049,192.34401,-10.57727,-6.02688,69.28903
158972250.18400,739.08131,12.97454,192.34396,-10.57727,-6.03100,69.32045
158972251.18400,739.32958,12.96851,192.34391,-10.57726,-6.02387,69.31654
158972252.18400,739.57784,12.96248,192.34385,-10.57726,-6.01673,69.31263
158972253.18400,739.82610,12.95645,192.34380,-10.57726,-6.00960,69.31499
158972254.18400,740.07437,12.95041,192.34375,-10.57726,-6.00246,69.29261
158972255.18400,740.32263,12.94438,192.34370,-10.57726,-5.99533,69.28234
158972256.18400,740.57090,12.93835,192.34365,-10.57725,-5.98819,69.29686
158972257.18400,740.81916,12.93232,192.34360,-10.57725,-5.98106,69.29290
158972258.18400,741.06743,12.92628,192.34355,-10.57725,-5.97392,69.27590
158972259.18400,741.31569,12.92025,192.34350,-10.57725,-5.96679,69.27004
158972260.18400,741.56395,12.91422,192.34345,-10.57725,-5.95965,69.26043
158972261.18400,741.81222,12.90818,192.34340,-10.57724,-5.95252,69.25827
158972262.18400,742.06048,12.90215,192.34334,-10.57724,-5.94539,69.25985
158972263.18400,742.30875,12.89612,192.34329,-10.57724,-5.93825,69.25581
158972264.18400,742.55701,12.89009,192.34324,-10.57724,-5.93112,69.24615
158972265.18400,742.80549,12.88408,192.34319,-10.57724,-5.92722,69.23933
158972266.18400,743.05471,12.87815,192.34314,-10.57723,-5.93417,69.28036
158972267.18400,743.30392,12.87223,192.34309,-10.57723,-5.94112,69.33451
158972268.18400,743.55314,12.86630,192.34304,-10.57723,-5.94808,69.37427
158972269.18400,743.80235,12.86038,192.34299,-10.57723,-5.95503,69.39630
158972270.18400,744.05157,12.85445,192.34294,-10.57723,-5.96198,69.43815
158972271.18400,744.30078,12.84853,192.34289,-10.57722,-5.96894,69.48442
158972272.18400,744.55000,12.84260,192.34284,-10.57722,-5.97589,69.52501
158972273.18400,744.79921,12.83668,192.34279,-10.57722,-5.98284,69.55993
158972274.18400,745.04843,12.83075,192.34274,-10.57722,-5.98980,69.60038
158972275.18400,745.29764,12.82483,192.34269,-10.57722,-5.99675,69.64635
158972276.18400,745.54686,12.81890,192.34264,-10.57721,-6.00370,69.66617
158972277.18400,745.79607,12.81297,192.34259,-10.57721,-6.01066,69.71943
158972278.18400,746.04529,12.80705,192.34254,-10.57721,-6.01761,69.76145
158972279.18400,746.29450,12.80112,192.34249,-10.57721,-6.02456,69.78853
158972280.18400,746.54430,12.79517,192.34244,-10.57721,-6.02933,69.82183
158972281.18400,746.79604,12.78914,192.34239,-10.57720,-6.02677,69.82706
158972282.18400,747.04779,12.78311,192.34234,-10.57720,-6.02420,69.85452
158972283.18400,747.29953,12.77708,192.34229,-10.57720,-6.02163,69.85294
158972284.18400,747.55128,12.77105,192.34224,-10.57720,-6.01907,69.85998
158972285.18400,747.80303,12.76502,192.34219,-10.57720,-6.01650,69.86998
158972286.18400,748.05477,12.75899,192.34214,-10.57719,-6.01394,69.87330
158972287.18400,748.30652,12.75296,192.34209,-10.57719,-6.01137,69.89713
158972288.18400,748.55826,12.74693,192.34204,-10.57719,-6.00881,69.90047
158972289.18400,748.81001,12.74090,192.34199,-10.57719,-6.00624,69.91127
158972290.18400,749.06175,12.73487,192.34194,-10.57719,-6.00368,69.92419
158972291.18400,749.31350,12.72884,192.34189,-10.57718,-6.00111,69.91710
158972292.18400,749.56524,12.72281,192.34185,-10.57718,-5.99855,69.93407
158972293.18400,749.81699,12.71678,192.34180,-10.57718,-5.99598,69.94378
158972294.18400,750.06874,12.71075,192.34175,-10.57718,-5.99342,69.94974
158972295.18400,750.32112,12.70473,192.34170,-10.57718,-5.99319,69.97530
158972296.18400,750.57565,12.69874,192.34165,-10.57717,-6.00083,70.01820
158972297.18400,750.83017,12.69275,192.34160,-10.57717,-6.00846,70.05292
158972298.18400,751.08470,12.68676,192.34155,-10.57717,-6.01610,70.09426
158972299.18400,751.33923,12.68077,192.34150,-10.57717,-6.02374,70.13822
158972300.18400,751.59375,12.67478,192.34145,-10.57717,-6.03137,70.18058
158972301.18400,751.84828,12.66879,192.34140,-10.57717,-6.03901,70.22216
158972302.18400,752.10281,12.66279,192.34135,-10.57716,-6.04664,70.24848
158972303.18400,752.35733,12.65680,192.34131,-10.57716,-6.05428,70.29081
158972304.18400,752.61186,12.65081,192.34126,-10.57716,-6.06191,70.33421
158972305.18400,752.86638,12.64482,192.34121,-10.57716,-6.06955,70.37869
158972306.18400,753.12091,12.63883,192.34116,-10.57716,-6.07718,70.48435
158972307.18400,753.37544,12.63284,192.34111,-10.57715,-6.08482,70.70006
158972308.18400,753.62996,12.62685,192.34106,-10.57715,-6.09245,70.94887
158972309.18400,753.88449,12.62086,192.34102,-10.57715,-6.10009,71.19354
158972310.18400,754.13818,12.61484,192.34097,-10.57715,-6.10078,71.43537
158972311.18400,754.38905,12.60873,192.34092,-10.57715,-6.07820,71.60495
158972312.18400,754.63993,12.60263,192.34088,-10.57715,-6.05562,71.76830
158972313.18400,754.89081,12.59652,192.34083,-10.57714,-6.03305,71.94801
158972314.18400,755.14168,12.59041,192.34079,-10.57714,-6.01047,72.11361
158972315.18400,755.39256,12.58431,192.34075,-10.57714,-5.98789,72.28211
158972316.18400,755.64344,12.57820,192.34070,-10.57714,-5.96531,72.47185
158972317.18400,755.89431,12.57210,192.34066,-10.57714,-5.94273,72.64698
158972318.18400,756.14519,12.56599,192.34062,-10.57713,-5.92015,72.83393
158972319.18400,756.39607,12.55988,192.34058,-10.57713,-5.89757,73.00210
158972320.18400,756.64694,12.55378,192.34054,-10.57713,-5.87499,73.10218
158972321.18400,756.89782,12.54767,192.34050,-10.57713,-5.85241,73.07083
158972322.18400,757.14869,12.54157,192.34046,-10.57713,-5.82983,72.98579
158972323.18400,757.39957,12.53546,192.34042,-10.57713,-5.80725,72.89726
158972324.18400,757.65045,12.52935,192.34038,-10.57712,-5.78467,72.80374
158972325.18400,757.90004,12.52333,192.34034,-10.57712,-5.76773,72.73709
158972326.18400,758.14534,12.51756,192.34030,-10.57712,-5.76970,72.70249
158972327.18400,758.39064,12.51179,192.34026,-10.57712,-5.77166,72.68116
158972328.18400,758.63594,12.50602,192.34022,-10.57712,-5.77362,72.66687
158972329.18400,758.88124,12.50026,192.34018,-10.57711,-5.77559,72.63900
158972330.18400,759.12654,12.49449,192.34014,-10.57711,-5.77755,72.61837
158972331.18400,759.37183,12.48872,192.34010,-10.57711,-5.77952,72.60521
158972332.18400,759.61713,12.48295,192.34005,-10.57711,-5.78148,72.59169
158972333.18400,759.86243,12.47719,192.34001,-10.57711,-5.78344,72.56128
158972334.18400,760.10773,12.47142,192.33997,-10.57711,-5.78541,72.52601
158972335.18400,760.35303,12.46565,192.33993,-10.57710,-5.78737,72.52190
158972336.18400,760.59833,12.45988,192.33989,-10.57710,-5.78934,72.51216
158972337.18400,760.84363,12.45412,192.33985,-10.57710,-5.79130,72.48357
158972338.18400,761.08892,12.44835,192.33981,-10.57710,-5.79326,72.44868
158972339.18400,761.33422,12.44258,192.33977,-10.57710,-5.79523,72.42866
158972340.18400,761.57936,12.43681,192.33973,-10.57710,-5.79517,72.41122
158972341.18400,761.82395,12.43101,192.33968,-10.57709,-5.78834,72.35771
158972342.18400,762.06855,12.42522,192.33964,-10.57709,-5.78151,72.31164
158972343.18400,762.31314,12.41942,192.33960,-10.57709,-5.77467,72.27089
158972344.18400,762.55773,12.41362,192.33956,-10.57709,-5.76784,72.23127
158972345.18400,762.80233,12.40783,192.33952,-10.57709,-5.76101,72.17270
158972346.18400,763.04692,12.40203,192.33948,-10.57708,-5.75418,72.11308
158972347.18400,763.29152,12.39623,192.33943,-10.57708,-5.74735,71.95790
158972348.18400,763.53611,12.39044,192.33939,-10.57708,-5.74051,71.58032
158972349.18400,763.78070,12.38464,192.33935,-10.57708,-5.73368,71.09184
158972350.18400,764.02530,12.37884,192.33930,-10.57708,-5.72685,70.63019
158972351.18400,764.26989,12.37305,192.33926,-10.57708,-5.72002,70.19675
158972352.18400,764.51448,12.36725,192.33921,-10.57707,-5.71319,69.72666
158972353.18400,764.75908,12.36145,192.33916,-10.57707,-5.70635,69.26511
158972354.18400,765.00367,12.35566,192.33911,-10.57707,-5.69952,68.99961
158972355.18400,765.24928,12.34988,192.33906,-10.57707,-5.69829,70.37004
158972356.18400,765.49829,12.34419,192.33902,-10.57707,-5.71585,71.82840
158972357.18400,765.74730,12.33849,192.33898,-10.57707,-5.73340,71.63543
158972358.18400,765.99631,12.33280,192.33894,-10.57706,-5.75096,71.39349
158972359.18400,766.24532,12.32710,192.33889,-10.57706,-5.76851,71.36432
158972360.18400,766.49433,12.32141,192.33885,-10.57706,-5.78607,71.43674
158972361.18400,766.74334,12.31571,192.33881,-10.57706,-5.80362,71.49386
158972362.18400,766.99235,12.31002,192.33876,-10.57706,-5.82118,71.56753
158972363.18400,767.24136,12.30432,192.33872,-10.57705,-5.83874,71.65372
158972364.18400,767.49037,12.29863,192.33867,-10.57705,-5.85629,71.70916
158972365.18400,767.73938,12.29294,192.33863,-10.57705,-5.87385,71.79798
158972366.18400,767.98840,12.28724,192.33859,-10.57705,-5.89140,71.88359
158972367.18400,768.23741,12.28155,192.33854,-10.57705,-5.90896,71.93912
158972368.18400,768.48642,12.27585,192.33850,-10.57705,-5.92651,72.00747
158972369.18400,768.73543,12.27016,192.33846,-10.57704,-5.94407,72.08820
158972370.18400,768.98478,12.26440,192.33841,-10.57704,-5.95387,72.11888
158972371.18400,769.23531,12.25844,192.33837,-10.57704,-5.93765,72.09670
158972372.18400,769.48584,12.25249,192.33833,-10.57704,-5.92143,72.07287
158972373.18400,769.73636,12.24653,192.33828,-10.57704,-5.90522,72.02659
158972374.18400,769.98689,12.24057,192.33824,-10.57704,-5.88900,72.01284
158972375.18400,770.23742,12.23461,192.33820,-10.57703,-5.87278,72.00572
158972376.18400,770.48794,12.22866,192.33816,-10.57703,-5.85657,71.98533
158972377.18400,770.73847,12.22270,192.33811,-10.57703,-5.84035,71.95612
158972378.18400,770.98899,12.21674,192.33807,-10.57703,-5.82413,71.92428
158972379.18400,771.23952,12.21079,192.33803,-10.57703,-5.80792,71.89775
158972380.18400,771.49005,12.20483,192.33798,-10.57702,-5.79170,71.87024
158972381.18400,771.74057,12.19887,192.33794,-10.57702,-5.77548,71.82782
158972382.18400,771.99110,12.19291,192.33790,-10.57702,-5.75927,71.79815
158972383.18400,772.24163,12.18696,192.33786,-10.57702,-5.74305,71.77084
158972384.18400,772.49215,12.18100,192.33781,-10.57702,-5.72683,71.74452
158972385.18400,772.74265,12.17510,192.33777,-10.57702,-5.71722,71.74928
158972386.18400,772.99304,12.16938,192.33773,-10.57701,-5.72977,71.82762
158972387.18400,773.24344,12.16367,192.33769,-10.57701,-5.74231,71.88474
158972388.18400,773.49384,12.15795,192.33764,-10.57701,-5.75486,71.92473
158972389.18400,773.74423,12.15224,192.33760,-10.57701,-5.76741,71.98363
158972390.18400,773.99463,12.14652,192.33756,-10.57701,-5.77995,72.03884
158972391.18400,774.24503,12.14081,192.33752,-10.57701,-5.79250,72.09497
158972392.18400,774.49542,12.13509,192.33748,-10.57700,-5.80504,72.14641
158972393.18400,774.74582,12.12938,192.33743,-10.57700,-5.81759,72.20248
158972394.18400,774.99622,12.12367,192.33739,-10.57700,-5.83014,72.26084
158972395.18400,775.24661,12.11795,192.33735,-10.57700,-5.84268,72.31813
158972396.18400,775.49701,12.11224,192.33731,-10.57700,-5.85523,72.39242
158972397.18400,775.74741,12.10652,192.33727,-10.57699,-5.86777,72.44439
158972398.18400,775.99780,12.10081,192.33722,-10.57699,-5.88032,72.49924
158972399.18400,776.24820,12.09509,192.33718,-10.57699,-5.89287,72.55890
158972400.18400,776.49926,12.08933,192.33714,-10.57699,-5.90108,72.58066
158972401.18400,776.75255,12.08343,192.33710,-10.57699,-5.89478,72.58375
158972402.18400,777.00585,12.07753,192.33706,-10.57699,-5.88848,72.60180
158972403.18400,777.25914,12.07163,192.33702,-10.57698,-5.88218,72.60080
158972404.18400,777.51243,12.06573,192.33698,-10.57698,-5.87588,72.59197
158972405.18400,777.76573,12.05982,192.33693,-10.57698,-5.86958,72.59084
158972406.18400,778.01902,12.05392,192.33689,-10.57698,-5.86328,72.59303
158972407.18400,778.27231,12.04802,192.33685,-10.57698,-5.85698,72.57942
158972408.18400,778.52560,12.04212,192.33681,-10.57698,-5.85068,72.58161
158972409.18400,778.77890,12.03622,192.33677,-10.57697,-5.84438,72.58379
158972410.18400,779.03219,12.03031,192.33673,-10.57697,-5.83808,72.58202
158972411.18400,779.28548,12.02441,192.33669,-10.57697,-5.83178,72.58818
158972412.18400,779.53877,12.01851,192.33664,-10.57697,-5.82547,72.58840
158972413.18400,779.79207,12.01261,192.33660,-10.57697,-5.81917,72.58861
158972414.18400,780.04536,12.00671,192.33656,-10.57697,-5.81287,72.57888
158972415.18400,780.29865,12.00083,192.33652,-10.57697,-5.80871,72.62294
158972416.18400,780.55195,11.99502,192.33648,-10.57696,-5.81170,72.70709
158972417.18400,780.80524,11.98921,192.33644,-10.57696,-5.81469,72.71955
158972418.18400,781.05853,11.98340,192.33640,-10.57696,-5.81768,72.72778
158972419.18400,781.31183,11.97759,192.33636,-10.57696,-5.82067,72.77208
158972420.18400,781.56512,11.97179,192.33632,-10.57696,-5.82366,72.80034
158972421.18400,781.81842,11.96598,192.33628,-10.57696,-5.82665,72.82859
158972422.18400,782.07171,11.96017,192.33624,-10.57695,-5.82964,72.83890
158972423.18400,782.32501,11.95436,192.33620,-10.57695,-5.83263,72.86512
158972424.18400,782.57830,11.94855,192.33616,-10.57695,-5.83562,72.89331
158972425.18400,782.83159,11.94275,192.33612,-10.57695,-5.83861,72.92546
158972426.18400,783.08489,11.93694,192.33608,-10.57695,-5.84160,72.95360
158972427.18400,783.33818,11.93113,192.33603,-10.57695,-5.84459,72.96185
158972428.18400,783.59148,11.92532,192.33599,-10.57695,-5.84758,73.00188
158972429.18400,783.84477,11.91951,192.33595,-10.57694,-5.85057,73.01408
158972430.18400,784.09930,11.91370,192.33591,-10.57694,-5.85509,73.05031
158972431.18400,784.35797,11.90784,192.33587,-10.57694,-5.86476,73.09651
158972432.18400,784.61664,11.90199,192.33583,-10.57694,-5.87442,73.12277
158972433.18400,784.87531,11.89614,192.33579,-10.57694,-5.88409,73.18456
158972434.18400,785.13398,11.89028,192.33575,-10.57694,-5.89375,73.23046
158972435.18400,785.39265,11.88443,192.33571,-10.57693,-5.90342,73.25839
158972436.18400,785.65133,11.87858,192.33567,-10.57693,-5.91308,73.30587
158972437.18400,785.91000,11.87272,192.33563,-10.57693,-5.92275,73.34738
158972438.18400,786.16867,11.86687,192.33559,-10.57693,-5.93241,73.39271
158972439.18400,786.42734,11.86102,192.33555,-10.57693,-5.94208,73.43792
158972440.18400,786.68601,11.85516,192.33551,-10.57693,-5.95174,73.48300
158972441.18400,786.94468,11.84931,192.33547,-10.57692,-5.96141,73.52795
158972442.18400,787.20335,11.84346,192.33543,-10.57692,-5.97107,73.55517
158972443.18400,787.46202,11.83760,192.33540,-10.57692,-5.98074,73.60185
158972444.18400,787.72069,11.83175,192.33536,-10.57692,-5.99040,73.64645
158972445.18400,787.97935,11.82586,192.33532,-10.57692,-5.99474,73.69803
158972446.18400,788.23796,11.81987,192.33528,-10.57692,-5.98121,73.72054
158972447.18400,788.49657,11.81387,192.33524,-10.57692,-5.96769,73.72093
158972448.18400,788.75518,11.80787,192.33520,-10.57691,-5.95416,73.70560
158972449.18400,789.01379,11.80187,192.33516,-10.57691,-5.94063,73.67050
158972450.18400,789.27240,11.79588,192.33512,-10.57691,-5.92710,73.65499
158972451.18400,789.53101,11.78988,192.33508,-10.57691,-5.91357,73.64337
158972452.18400,789.78962,11.78388,192.33504,-10.57691,-5.90004,73.62583
158972453.18400,790.04823,11.77788,192.33500,-10.57691,-5.88651,73.60805
158972454.18400,790.30684,11.77189,192.33496,-10.57690,-5.87298,73.57634
158972455.18400,790.56545,11.76589,192.33492,-10.57690,-5.85946,73.55845
158972456.18400,790.82406,11.75989,192.33489,-10.57690,-5.84593,73.54049
158972457.18400,791.08267,11.75389,192.33485,-10.57690,-5.83240,73.52453
158972458.18400,791.34128,11.74790,192.33481,-10.57690,-5.81887,73.50632
158972459.18400,791.59989,11.74190,192.33477,-10.57690,-5.80534,73.49214
158972460.18400,791.85755,11.73595,192.33473,-10.57690,-5.79430,73.48259
158972461.18400,792.11201,11.73015,192.33469,-10.57689,-5.79160,73.47737
158972462.18400,792.36648,11.72436,192.33465,-10.57689,-5.78891,73.49232
158972463.18400,792.62095,11.71856,192.33461,-10.57689,-5.78621,73.50526
158972464.18400,792.87541,11.71277,192.33458,-10.57689,-5.78351,73.51620
158972465.18400,793.12988,11.70697,192.33454,-10.57689,-5.78082,73.54735
158972466.18400,793.38435,11.70118,192.33450,-10.57689,-5.77812,73.58057
158972467.18400,793.63881,11.69538,192.33446,-10.57688,-5.77542,73.59342
158972468.18400,793.89328,11.68959,192.33442,-10.57688,-5.77273,73.59051
158972469.18400,794.14774,11.68379,192.33438,-10.57688,-5.77003,73.60152
158972470.18400,794.40221,11.67800,192.33435,-10.57688,-5.76733,73.61043
158972471.18400,794.65668,11.67220,192.33431,-10.57688,-5.76464,73.62552
158972472.18400,794.91114,11.66640,192.33427,-10.57688,-5.76194,73.63860
158972473.18400,795.16561,11.66061,192.33423,-10.57688,-5.75924,73.63341
158972474.18400,795.42007,11.65481,192.33419,-10.57687,-5.75655,73.65057
158972475.18400,795.67511,11.64903,192.33416,-10.57687,-5.75608,73.70423
158972476.18400,795.93206,11.64327,192.33412,-10.57687,-5.76310,73.74336
158972477.18400,796.18901,11.63752,192.33408,-10.57687,-5.77011,73.78444
158972478.18400,796.44596,11.63176,192.33404,-10.57687,-5.77713,73.82341
158972479.18400,796.70291,11.62601,192.33400,-10.57687,-5.78414,73.84406
158972480.18400,796.95986,11.62025,192.33397,-10.57686,-5.79115,73.89908
158972481.18400,797.21680,11.61450,192.33393,-10.57686,-5.79817,73.93579
158972482.18400,797.47375,11.60875,192.33389,-10.57686,-5.80518,73.95626
158972483.18400,797.73070,11.60299,192.33385,-10.57686,-5.81220,73.99485
158972484.18400,797.98765,11.59724,192.33382,-10.57686,-5.81921,74.03538
158972485.18400,798.24460,11.59148,192.33378,-10.57686,-5.82623,74.05383
158972486.18400,798.50155,11.58573,192.33374,-10.57686,-5.83324,74.11109
158972487.18400,798.75850,11.57997,192.33370,-10.57685,-5.84026,74.15011
158972488.18400,799.01545,11.57422,192.33367,-10.57685,-5.84727,74.16845
158972489.18400,799.27240,11.56846,192.33363,-10.57685,-5.85429,74.20992
158972490.18400,799.52937,11.56268,192.33359,-10.57685,-5.85749,74.23811
158972491.18400,799.78641,11.55682,192.33356,-10.57685,-5.84794,74.23116
158972492.18400,800.04346,11.55097,192.33352,-10.57685,-5.83838,74.22472
158972493.18400,800.30051,11.54511,192.33348,-10.57685,-5.82883,74.22158
158972494.18400,800.55755,11.53925,192.33344,-10.57684,-5.81927,74.20029
158972495.18400,800.81460,11.53339,192.33341,-10.57684,-5.80971,74.21323
158972496.18400,801.07164,11.52753,192.33337,-10.57684,-5.80016,74.22839
158972497.18400,801.32869,11.52167,192.33333,-10.57684,-5.79060,74.22472
158972498.18400,801.58574,11.51581,192.33330,-10.57684,-5.78105,74.21626
158972499.18400,801.84278,11.50995,192.33326,-10.57684,-5.77149,74.21388
158972500.18400,802.09983,11.50409,192.33322,-10.57683,-5.76193,74.20945
158972501.18400,802.35687,11.49823,192.33319,-10.57683,-5.75238,74.18660
158972502.18400,802.61392,11.49237,192.33315,-10.57683,-5.74282,74.18212
158972503.18400,802.87097,11.48651,192.33311,-10.57683,-5.73327,74.17565
158972504.18400,803.12801,11.48065,192.33308,-10.57683,-5.72371,74.17104
158972505.18400,803.38497,11.47483,192.33304,-10.57683,-5.71757,74.17353
158972506.18400,803.64161,11.46911,192.33300,-10.57683,-5.72291,74.19248
158972507.18400,803.89826,11.46339,192.33297,-10.57682,-5.72824,74.22788
158972508.18400,804.15490,11.45768,192.33293,-10.57682,-5.73357,74.28169
158972509.18400,804.41155,11.45196,192.33289,-10.57682,-5.73890,74.29846
158972510.18400,804.66819,11.44624,192.33286,-10.57682,-5.74423,74.32875
158972511.18400,804.92484,11.44053,192.33282,-10.57682,-5.74957,74.36433
158972512.18400,805.18148,11.43481,192.33279,-10.57682,-5.75490,74.38215
158972513.18400,805.43813,11.42909,192.33275,-10.57682,-5.76023,74.43193
158972514.18400,805.69477,11.42338,192.33271,-10.57681,-5.76556,74.46453
158972515.18400,805.95142,11.41766,192.33268,-10.57681,-5.77089,74.49856
158972516.18400,806.20806,11.41194,192.33264,-10.57681,-5.77623,74.55316
158972517.18400,806.46471,11.40623,192.33261,-10.57681,-5.78156,74.58912
158972518.18400,806.72135,11.40051,192.33257,-10.57681,-5.78689,74.62308
158972519.18400,806.97799,11.39479,192.33253,-10.57681,-5.79222,74.65504
158972520.18400,807.23561,11.38906,192.33250,-10.57680,-5.79723,74.66841
158972521.18400,807.49648,11.38326,192.33246,-10.57680,-5.80114,74.70088
158972522.18400,807.75735,11.37747,192.33243,-10.57680,-5.80505,74.72993
158972523.18400,808.01822,11.37167,192.33239,-10.57680,-5.80897,74.75885
158972524.18400,808.27909,11.36587,192.33236,-10.57680,-5.81288,74.79316
158972525.18400,808.53996,11.36008,192.33232,-10.57680,-5.81679,74.84436
158972526.18400,808.80083,11.35428,192.33228,-10.57680,-5.82070,74.89346
158972527.18400,809.06170,11.34849,192.33225,-10.57679,-5.82462,74.90458
158972528.18400,809.32257,11.34269,192.33221,-10.57679,-5.82853,74.93249
158972529.18400,809.58344,11.33689,192.33218,-10.57679,-5.83244,74.96320
158972530.18400,809.84431,11.33110,192.33214,-10.57679,-5.83636,74.99252
158972531.18400,810.10518,11.32530,192.33211,-10.57679,-5.84027,75.02237
158972532.18400,810.36604,11.31951,192.33207,-10.57679,-5.84418,75.05095
158972533.18400,810.62691,11.31371,192.33204,-10.57679,-5.84809,75.08090
158972534.18400,810.88778,11.30791,192.33200,-10.57679,-5.85201,75.09388
158972535.18400,811.14821,11.30211,192.33197,-10.57678,-5.85205,75.11219
158972536.18400,811.40714,11.29625,192.33193,-10.57678,-5.83914,75.10374
158972537.18400,811.66607,11.29039,192.33190,-10.57678,-5.82622,75.09194
158972538.18400,811.92500,11.28454,192.33186,-10.57678,-5.81330,75.07656
158972539.18400,812.18393,11.27868,192.33183,-10.57678,-5.80039,75.06806
158972540.18400,812.44286,11.27283,192.33179,-10.57678,-5.78747,75.05610
158972541.18400,812.70179,11.26697,192.33176,-10.57678,-5.77455,75.02207
158972542.18400,812.96072,11.26112,192.33172,-10.57677,-5.76164,75.01340
158972543.18400,813.21965,11.25526,192.33169,-10.57677,-5.74872,75.00403
158972544.18400,813.47858,11.24941,192.33165,-10.57677,-5.73580,74.98968
158972545.18400,813.73751,11.24355,192.33162,-10.57677,-5.72289,74.99662
158972546.18400,813.99644,11.23770,192.33158,-10.57677,-5.70997,74.98989
158972547.18400,814.25537,11.23184,192.33155,-10.57677,-5.69705,74.97757
158972548.18400,814.51430,11.22599,192.33152,-10.57677,-5.68414,74.98244
158972549.18400,814.77323,11.22013,192.33148,-10.57677,-5.67122,74.95266
158972550.18400,815.03165,11.21432,192.33145,-10.57676,-5.66210,74.94980
158972551.18400,815.28833,11.20866,192.33141,-10.57676,-5.66570,74.97988
158972552.18400,815.54500,11.20300,192.33138,-10.57676,-5.66930,74.98969
158972553.18400,815.80168,11.19734,192.33134,-10.57676,-5.67291,75.04070
158972554.18400,816.05836,11.19167,192.33131,-10.57676,-5.67651,75.06993
158972555.18400,816.31504,11.18601,192.33128,-10.57676,-5.68011,75.07893
158972556.18400,816.57172,11.18035,192.33124,-10.57676,-5.68371,75.10970
158972557.18400,816.82840,11.17469,192.33121,-10.57676,-5.68732,75.13885
158972558.18400,817.08507,11.16903,192.33117,-10.57675,-5.69092,75.14988
158972559.18400,817.34175,11.16337,192.33114,-10.57675,-5.69452,75.19717
158972560.18400,817.59843,11.15771,192.33111,-10.57675,-5.69812,75.22631
158972561.18400,817.85511,11.15204,192.33107,-10.57675,-5.70173,75.23735
158972562.18400,818.11179,11.14638,192.33104,-10.57675,-5.70533,75.26779
158972563.18400,818.36847,11.14072,192.33101,-10.57675,-5.70893,75.29753
158972564.18400,818.62514,11.13506,192.33097,-10.57675,-5.71253,75.32656
158972565.18400,818.88226,11.12939,192.33094,-10.57674,-5.71512,75.37445
158972566.18400,819.14082,11.12367,192.33090,-10.57674,-5.71427,75.41480
158972567.18400,819.39939,11.11796,192.33087,-10.57674,-5.71342,75.41416
158972568.18400,819.65796,11.11224,192.33084,-10.57674,-5.71258,75.43078
158972569.18400,819.91652,11.10653,192.33080,-10.57674,-5.71173,75.44826
158972570.18400,820.17509,11.10081,192.33077,-10.57674,-5.71089,75.46715
158972571.18400,820.43366,11.09510,192.33074,-10.57674,-5.71004,75.48727
158972572.18400,820.69222,11.08938,192.33070,-10.57674,-5.70919,75.48733
158972573.18400,820.95079,11.08366,192.33067,-10.57673,-5.70835,75.50693
158972574.18400,821.20936,11.07795,192.33064,-10.57673,-5.70750,75.54367
158972575.18400,821.46792,11.07223,192.33060,-10.57673,-5.70666,75.58130
158972576.18400,821.72649,11.06652,192.33057,-10.57673,-5.70581,75.60103
158972577.18400,821.98506,11.06080,192.33054,-10.57673,-5.70496,75.61912
158972578.18400,822.24362,11.05509,192.33051,-10.57673,-5.70412,75.64000
158972579.18400,822.50219,11.04937,192.33047,-10.57673,-5.70327,75.64087
158972580.18400,822.76091,11.04366,192.33044,-10.57672,-5.70256,75.65808
158972581.18400,823.02018,11.03796,192.33041,-10.57672,-5.70230,75.69641
158972582.18400,823.27944,11.03226,192.33037,-10.57672,-5.70203,75.69781
158972583.18400,823.53870,11.02655,192.33034,-10.57672,-5.70177,75.71892
158972584.18400,823.79796,11.02085,192.33031,-10.57672,-5.70151,75.73644
158972585.18400,824.05722,11.01515,192.33028,-10.57672,-5.70125,75.71693
158972586.18400,824.31648,11.00945,192.33024,-10.57672,-5.70098,75.73804
158972587.18400,824.57574,11.00375,192.33021,-10.57672,-5.70072,75.75557
158972588.18400,824.83500,10.99804,192.33018,-10.57671,-5.70046,75.75488
158972589.18400,825.09426,10.99234,192.33015,-10.57671,-5.70020,75.77810
158972590.18400,825.35352,10.98664,192.33011,-10.57671,-5.69993,75.79853
158972591.18400,825.61278,10.98094,192.33008,-10.57671,-5.69967,75.81807
158972592.18400,825.87204,10.97524,192.33005,-10.57671,-5.69941,75.83842
158972593.18400,826.13131,10.96953,192.33002,-10.57671,-5.69914,75.83862
158972594.18400,826.39057,10.96383,192.32998,-10.57671,-5.69888,75.85809
158972595.18400,826.64980,10.95813,192.32995,-10.57670,-5.69797,75.91883
158972596.18400,826.90895,10.95243,192.32992,-10.57670,-5.69488,75.97538
158972597.18400,827.16810,10.94673,192.32989,-10.57670,-5.69179,75.98610
158972598.18400,827.42725,10.94104,192.32986,-10.57670,-5.68871,75.99983
158972599.18400,827.68639,10.93534,192.32982,-10.57670,-5.68562,76.01449
158972600.18400,827.94554,10.92964,192.32979,-10.57670,-5.68253,76.00932
158972601.18400,828.20469,10.92394,192.32976,-10.57670,-5.67944,76.02228
158972602.18400,828.46384,10.91824,192.32973,-10.57670,-5.67635,76.03598
158972603.18400,828.72299,10.91254,192.32970,-10.57669,-5.67327,76.05061
158972604.18400,828.98214,10.90684,192.32966,-10.57669,-5.67018,76.06159
158972605.18400,829.24129,10.90114,192.32963,-10.57669,-5.66709,76.05432
158972606.18400,829.50043,10.89545,192.32960,-10.57669,-5.66400,76.04875
158972607.18400,829.75958,10.88975,192.32957,-10.57669,-5.66091,76.04442
158972608.18400,830.01873,10.88405,192.32954,-10.57669,-5.65783,76.05827
158972609.18400,830.27788,10.87835,192.32951,-10.57669,-5.65474,76.07296
158972610.18400,830.53732,10.87266,192.32947,-10.57669,-5.65326,76.09144
158972611.18400,830.79774,10.86701,192.32944,-10.57668,-5.65720,76.11981
158972612.18400,831.05816,10.86136,192.32941,-10.57668,-5.66113,76.15027
158972613.18400,831.31858,10.85570,192.32938,-10.57668,-5.66507,76.18068
158972614.18400,831.57901,10.85005,192.32935,-10.57668,-5.66900,76.19135
158972615.18400,831.83943,10.84440,192.32932,-10.57668,-5.67294,76.24282
158972616.18400,832.09985,10.83875,192.32929,-10.57668,-5.67687,76.29285
158972617.18400,832.36027,10.83309,192.32925,-10.57668,-5.68081,76.32523
158972618.18400,832.62069,10.82744,192.32922,-10.57668,-5.68474,76.35547
158972619.18400,832.88111,10.82179,192.32919,-10.57668,-5.68868,76.36239
158972620.18400,833.14153,10.81613,192.32916,-10.57667,-5.69261,76.39257
158972621.18400,833.40195,10.81048,192.32913,-10.57667,-5.69655,76.44518
158972622.18400,833.66238,10.80483,192.32910,-10.57667,-5.70048,76.45339
158972623.18400,833.92280,10.79918,192.32907,-10.57667,-5.70441,76.48049
158972624.18400,834.18322,10.79352,192.32904,-10.57667,-5.70835,76.51174
158972625.18400,834.44424,10.78786,192.32901,-10.57667,-5.71160,76.53935
158972626.18400,834.70725,10.78215,192.32898,-10.57667,-5.71256,76.60244
158972627.18400,834.97026,10.77644,192.32895,-10.57667,-5.71353,76.62653
158972628.18400,835.23327,10.77072,192.32892,-10.57666,-5.71449,76.62798
158972629.18400,835.49628,10.76501,192.32888,-10.57666,-5.71545,76.65331
158972630.18400,835.75929,10.75930,192.32885,-10.57666,-5.71641,76.67738
158972631.18400,836.02230,10.75359,192.32882,-10.57666,-5.71738,76.69941
158972632.18400,836.28531,10.74788,192.32879,-10.57666,-5.71834,76.72351
158972633.18400,836.54832,10.74217,192.32876,-10.57666,-5.71930,76.72569
158972634.18400,836.81134,10.73646,192.32873,-10.57666,-5.72027,76.75186
158972635.18400,837.07435,10.73074,192.32870,-10.57666,-5.72123,76.77588
158972636.18400,837.33736,10.72503,192.32867,-10.57665,-5.72219,76.79617
158972637.18400,837.60037,10.71932,192.32864,-10.57665,-5.72315,76.81938
158972638.18400,837.86338,10.71361,192.32861,-10.57665,-5.72412,76.84347
158972639.18400,838.12639,10.70790,192.32858,-10.57665,-5.72508,76.86667
158972640.18400,838.38946,10.70218,192.32855,-10.57665,-5.72505,76.86867
158972641.18400,838.65274,10.69646,192.32852,-10.57665,-5.72172,76.88236
158972642.18400,838.91601,10.69073,192.32849,-10.57665,-5.71838,76.89387
158972643.18400,839.17929,10.68501,192.32846,-10.57665,-5.71504,76.90759
158972644.18400,839.44256,10.67928,192.32843,-10.57665,-5.71171,76.92352
158972645.18400,839.70583,10.67355,192.32840,-10.57664,-5.70837,76.93654
158972646.18400,839.96911,10.66783,192.32837,-10.57664,-5.70503,76.94811
158972647.18400,840.23238,10.66210,192.32834,-10.57664,-5.70170,76.93990
158972648.18400,840.49566,10.65638,192.32831,-10.57664,-5.69836,76.95279
158972649.18400,840.75893,10.65065,192.32828,-10.57664,-5.69502,76.96566
158972650.18400,841.02220,10.64492,192.32825,-10.57664,-5.69169,76.97860
158972651.18400,841.28548,10.63920,192.32822,-10.57664,-5.68835,76.99426
158972652.18400,841.54875,10.63347,192.32819,-10.57664,-5.68501,76.98994
158972653.18400,841.81203,10.62775,192.32816,-10.57663,-5.68168,77.00380
158972654.18400,842.07530,10.62202,192.32813,-10.57663,-5.67834,77.03767
158972655.18400,842.33827,10.61631,192.32811,-10.57663,-5.67490,77.05221
158972656.18400,842.60022,10.61063,192.32808,-10.57663,-5.67113,77.04390
158972657.18400,842.86217,10.60496,192.32805,-10.57663,-5.66735,77.03559
158972658.18400,843.12412,10.59928,192.32802,-10.57663,-5.66357,77.06986
158972659.18400,843.38607,10.59361,192.32799,-10.57663,-5.65980,77.08414
158972660.18400,843.64802,10.58793,192.32796,-10.57663,-5.65602,77.07584
158972661.18400,843.90997,10.58225,192.32793,-10.57663,-5.65224,77.08758
158972662.18400,844.17192,10.57658,192.32790,-10.57662,-5.64847,77.10062
158972663.18400,844.43387,10.57090,192.32787,-10.57662,-5.64469,77.11368
158972664.18400,844.69582,10.56523,192.32784,-10.57662,-5.64091,77.12676
158972665.18400,844.95777,10.55955,192.32781,-10.57662,-5.63714,77.16127
158972666.18400,845.21972,10.55388,192.32778,-10.57662,-5.63336,77.17441
158972667.18400,845.48167,10.54820,192.32776,-10.57662,-5.62958,77.18765
158972668.18400,845.74361,10.54253,192.32773,-10.57662,-5.62581,77.22229
158972669.18400,846.00556,10.53685,192.32770,-10.57662,-5.62203,77.21607
158972670.18400,846.26780,10.53119,192.32767,-10.57662,-5.62008,77.23329
158972671.18400,846.53101,10.52557,192.32764,-10.57661,-5.62424,77.26091
158972672.18400,846.79422,10.51995,192.32761,-10.57661,-5.62840,77.27005
158972673.18400,847.05744,10.51433,192.32758,-10.57661,-5.63256,77.32296
158972674.18400,847.32065,10.50871,192.32755,-10.57661,-5.63672,77.35348
158972675.18400,847.58386,10.50309,192.32753,-10.57661,-5.64088,77.36254
158972676.18400,847.84707,10.49747,192.32750,-10.57661,-5.64504,77.39300
158972677.18400,848.11028,10.49185,192.32747,-10.57661,-5.64920,77.42343
158972678.18400,848.37349,10.48623,192.32744,-10.57661,-5.65336,77.43242
158972679.18400,848.63670,10.48062,192.32741,-10.57661,-5.65752,77.46278
158972680.18400,848.89991,10.47500,192.32738,-10.57660,-5.66168,77.51448
158972681.18400,849.16312,10.46938,192.32736,-10.57660,-5.66584,77.54475
158972682.18400,849.42633,10.46376,192.32733,-10.57660,-5.67000,77.55363
158972683.18400,849.68954,10.45814,192.32730,-10.57660,-5.67416,77.58296
158972684.18400,849.95275,10.45252,192.32727,-10.57660,-5.67833,77.61313
158972685.18400,850.21630,10.44688,192.32724,-10.57660,-5.68082,77.64064
158972686.18400,850.48100,10.44120,192.32722,-10.57660,-5.67775,77.67686
158972687.18400,850.74569,10.43552,192.32719,-10.57660,-5.67467,77.71313
158972688.18400,851.01039,10.42984,192.32716,-10.57660,-5.67159,77.70883
158972689.18400,851.27508,10.42416,192.32713,-10.57659,-5.66851,77.72163
158972690.18400,851.53978,10.41848,192.32710,-10.57659,-5.66544,77.73659
158972691.18400,851.80448,10.41280,192.32708,-10.57659,-5.66236,77.75156
158972692.18400,852.06917,10.40712,192.32705,-10.57659,-5.65928,77.76450
158972693.18400,852.33387,10.40143,192.32702,-10.57659,-5.65620,77.76022
158972694.18400,852.59856,10.39575,192.32699,-10.57659,-5.65313,77.77729
158972695.18400,852.86326,10.39007,192.32697,-10.57659,-5.65005,77.76995
158972696.18400,853.12795,10.38439,192.32694,-10.57659,-5.64697,77.76137
158972697.18400,853.39265,10.37871,192.32691,-10.57659,-5.64390,77.77731
158972698.18400,853.65734,10.37303,192.32688,-10.57658,-5.64082,77.79237
158972699.18400,853.92204,10.36735,192.32686,-10.57658,-5.63774,77.80530
158972700.18400,854.18649,10.36168,192.32683,-10.57658,-5.63478,77.82279
158972701.18400,854.45014,10.35604,192.32680,-10.57658,-5.63222,77.81959
158972702.18400,854.71378,10.35040,192.32677,-10.57658,-5.62965,77.83148
158972703.18400,854.97743,10.34477,192.32675,-10.57658,-5.62709,77.84768
158972704.18400,855.24108,10.33913,192.32672,-10.57658,-5.62453,77.84665
158972705.18400,855.50472,10.33350,192.32669,-10.57658,-5.62196,77.90390
158972706.18400,855.76837,10.32786,192.32666,-10.57658,-5.61940,77.93962
158972707.18400,856.03202,10.32223,192.32664,-10.57657,-5.61683,77.93553
158972708.18400,856.29566,10.31659,192.32661,-10.57657,-5.61427,77.95183
158972709.18400,856.55931,10.31096,192.32658,-10.57657,-5.61171,77.96908
158972710.18400,856.82295,10.30532,192.32656,-10.57657,-5.60914,77.98542
158972711.18400,857.08660,10.29969,192.32653,-10.57657,-5.60658,78.00178
158972712.18400,857.35025,10.29405,192.32650,-10.57657,-5.60401,78.01824
158972713.18400,857.61389,10.28842,192.32648,-10.57657,-5.60145,78.01285
158972714.18400,857.87754,10.28278,192.32645,-10.57657,-5.59889,78.02915
158972715.18400,858.14051,10.27715,192.32642,-10.57657,-5.59498,78.06460
158972716.18400,858.40122,10.27156,192.32640,-10.57656,-5.58660,78.09073
158972717.18400,858.66192,10.26596,192.32637,-10.57656,-5.57822,78.09516
158972718.18400,858.92263,10.26036,192.32634,-10.57656,-5.56983,78.09656
158972719.18400,859.18334,10.25476,192.32632,-10.57656,-5.56145,78.10101
158972720.18400,859.44405,10.24917,192.32629,-10.57656,-5.55307,78.08664
158972721.18400,859.70475,10.24357,192.32626,-10.57656,-5.54468,78.09108
158972722.18400,859.96546,10.23797,192.32624,-10.57656,-5.53630,78.09554
158972723.18400,860.22617,10.23238,192.32621,-10.57656,-5.52792,78.10002
158972724.18400,860.48688,10.22678,192.32619,-10.57656,-5.51953,78.10451
158972725.18400,860.74758,10.22118,192.32616,-10.57655,-5.51115,78.08695
158972726.18400,861.00829,10.21558,192.32613,-10.57655,-5.50277,78.06935
158972727.18400,861.26900,10.20999,192.32611,-10.57655,-5.49438,78.05169
158972728.18400,861.52970,10.20439,192.32608,-10.57655,-5.48600,78.05392
158972729.18400,861.79041,10.19879,192.32605,-10.57655,-5.47762,78.05837
158972730.18400,862.05164,10.19322,192.32603,-10.57655,-5.47384,78.07480
158972731.18400,862.31461,10.18775,192.32600,-10.57655,-5.48549,78.12254
158972732.18400,862.57758,10.18228,192.32598,-10.57655,-5.49714,78.14794
158972733.18400,862.84056,10.17681,192.32595,-10.57655,-5.50879,78.19440
158972734.18400,863.10353,10.17134,192.32592,-10.57654,-5.52045,78.26360
158972735.18400,863.36650,10.16587,192.32590,-10.57654,-5.53210,78.31049
158972736.18400,863.62947,10.16040,192.32587,-10.57654,-5.54375,78.33359
158972737.18400,863.89244,10.15492,192.32585,-10.57654,-5.55541,78.35656
158972738.18400,864.15542,10.14945,192.32582,-10.57654,-5.56706,78.42187
158972739.18400,864.41839,10.14398,192.32580,-10.57654,-5.57871,78.46637
158972740.18400,864.68136,10.13851,192.32577,-10.57654,-5.59036,78.49103
158972741.18400,864.94433,10.13304,192.32574,-10.57654,-5.60202,78.53612
158972742.18400,865.20730,10.12757,192.32572,-10.57654,-5.61367,78.58103
158972743.18400,865.47028,10.12210,192.32569,-10.57654,-5.62532,78.62489
158972744.18400,865.73325,10.11662,192.32567,-10.57653,-5.63697,78.66730
158972745.18400,865.99755,10.11111,192.32564,-10.57653,-5.64630,78.72967
158972746.18400,866.26630,10.10547,192.32562,-10.57653,-5.64780,78.75640
158972747.18400,866.53504,10.09982,192.32559,-10.57653,-5.64930,78.78095
158972748.18400,866.80379,10.09418,192.32557,-10.57653,-5.65080,78.82496
158972749.18400,867.07254,10.08853,192.32554,-10.57653,-5.65231,78.83004
158972750.18400,867.34128,10.08288,192.32552,-10.57653,-5.65381,78.85457
158972751.18400,867.61003,10.07724,192.32549,-10.57653,-5.65531,78.87692
158972752.18400,867.87878,10.07159,192.32547,-10.57653,-5.65681,78.88199
158972753.18400,868.14753,10.06595,192.32544,-10.57652,-5.65832,78.92593
158972754.18400,868.41627,10.06030,192.32542,-10.57652,-5.65982,78.94942
158972755.18400,868.68502,10.05465,192.32539,-10.57652,-5.66132,78.95446
158972756.18400,868.95377,10.04901,192.32537,-10.57652,-5.66282,78.97995
158972757.18400,869.22252,10.04336,192.32534,-10.57652,-5.66433,79.00451
158972758.18400,869.49126,10.03772,192.32532,-10.57652,-5.66583,79.00738
158972759.18400,869.76001,10.03207,192.32529,-10.57652,-5.66733,79.03173
158972760.18400,870.02780,10.02642,192.32527,-10.57652,-5.66482,79.06805
158972761.18400,870.29240,10.02075,192.32524,-10.57652,-5.64886,79.06047
158972762.18400,870.55699,10.01508,192.32522,-10.57651,-5.63290,79.03335
158972763.18400,870.82158,10.00941,192.32519,-10.57651,-5.61693,79.00395
158972764.18400,871.08618,10.00375,192.32517,-10.57651,-5.60097,79.01575
158972765.18400,871.35077,9.99808,192.32514,-10.57651,-5.58500,79.00705
158972766.18400,871.61537,9.99241,192.32512,-10.57651,-5.56904,78.97853
158972767.18400,871.87996,9.98674,192.32510,-10.57651,-5.55308,78.98950
158972768.18400,872.14455,9.98107,192.32507,-10.57651,-5.53711,78.96077
158972769.18400,872.40915,9.97541,192.32505,-10.57651,-5.52115,78.95181
158972770.18400,872.67374,9.96974,192.32502,-10.57651,-5.50518,78.94141
158972771.18400,872.93833,9.96407,192.32500,-10.57651,-5.48922,78.91229
158972772.18400,873.20293,9.95840,192.32497,-10.57651,-5.47326,78.92462
158972773.18400,873.46752,9.95273,192.32495,-10.57650,-5.45729,78.91321
158972774.18400,873.73211,9.94707,192.32493,-10.57650,-5.44133,78.88161
158972775.18400,873.99660,9.94145,192.32490,-10.57650,-5.43183,78.88743
158972776.18400,874.26075,9.93602,192.32488,-10.57650,-5.44402,78.93095
158972777.18400,874.52490,9.93059,192.32485,-10.57650,-5.45621,78.97656
158972778.18400,874.78904,9.92516,192.32483,-10.57650,-5.46840,79.02292
158972779.18400,875.05319,9.91974,192.32481,-10.57650,-5.48059,79.04801
158972780.18400,875.31733,9.91431,192.32478,-10.57650,-5.49278,79.09299
158972781.18400,875.58148,9.90888,192.32476,-10.57650,-5.50497,79.15765
158972782.18400,875.84563,9.90345,192.32474,-10.57650,-5.51716,79.18649
158972783.18400,876.10977,9.89802,192.32471,-10.57649,-5.52934,79.23194
158972784.18400,876.37392,9.89259,192.32469,-10.57649,-5.54153,79.27594
158972785.18400,876.63806,9.88716,192.32466,-10.57649,-5.55372,79.30206
158972786.18400,876.90221,9.88173,192.32464,-10.57649,-5.56591,79.36979
158972787.18400,877.16635,9.87630,192.32462,-10.57649,-5.57810,79.41231
158972788.18400,877.43050,9.87087,192.32459,-10.57649,-5.59029,79.43413
158972789.18400,877.69465,9.86544,192.32457,-10.57649,-5.60248,79.47853
158972790.18400,877.96037,9.85997,192.32455,-10.57649,-5.61284,79.51949
158972791.18400,878.23137,9.85436,192.32452,-10.57649,-5.61706,79.54906
158972792.18400,878.50237,9.84875,192.32450,-10.57649,-5.62127,79.57851
158972793.18400,878.77337,9.84313,192.32448,-10.57649,-5.62549,79.58835
158972794.18400,879.04437,9.83752,192.32445,-10.57648,-5.62971,79.61858
158972795.18400,879.31537,9.83191,192.32443,-10.57648,-5.63392,79.64724
158972796.18400,879.58637,9.82630,192.32441,-10.57648,-5.63814,79.67582
158972797.18400,879.85737,9.82069,192.32438,-10.57648,-5.64236,79.70290
158972798.18400,880.12837,9.81507,192.32436,-10.57648,-5.64657,79.73026
158972799.18400,880.39938,9.80946,192.32434,-10.57648,-5.65079,79.75858
158972800.18400,880.67038,9.80385,192.32431,-10.57648,-5.65501,79.76608
158972801.18400,880.94138,9.79824,192.32429,-10.57648,-5.65922,79.79623
158972802.18400,881.21238,9.79263,192.32427,-10.57648,-5.66344,79.82857
158972803.18400,881.48338,9.78701,192.32425,-10.57648,-5.66766,79.85857
158972804.18400,881.75438,9.78140,192.32422,-10.57648,-5.67187,79.88640
158972805.18400,882.02614,9.77578,192.32420,-10.57647,-5.67551,79.93623
158972806.18400,882.30042,9.77010,192.32418,-10.57647,-5.67722,79.98049
158972807.18400,882.57469,9.76443,192.32416,-10.57647,-5.67893,79.98563
158972808.18400,882.84897,9.75875,192.32413,-10.57647,-5.68063,80.01019
158972809.18400,883.12325,9.75308,192.32411,-10.57647,-5.68234,80.03482
158972810.18400,883.39753,9.74740,192.32409,-10.57647,-5.68405,80.06239
158972811.18400,883.67181,9.74173,192.32407,-10.57647,-5.68575,80.08700
158972812.18400,883.94609,9.73605,192.32404,-10.57647,-5.68746,80.08698
158972813.18400,884.22037,9.73038,192.32402,-10.57647,-5.68917,80.11157
158972814.18400,884.49465,9.72470,192.32400,-10.57647,-5.69087,80.15789
158972815.18400,884.76893,9.71903,192.32398,-10.57647,-5.69258,80.16080
158972816.18400,885.04321,9.71336,192.32395,-10.57646,-5.69429,80.14415
158972817.18400,885.31749,9.70768,192.32393,-10.57646,-5.69599,80.15002
158972818.18400,885.59177,9.70201,192.32391,-10.57646,-5.69770,80.17024
158972819.18400,885.86605,9.69633,192.32389,-10.57646,-5.69941,80.21344
158972820.18400,886.13988,9.69065,192.32386,-10.57646,-5.69836,80.23549
158972821.18400,886.41218,9.68495,192.32384,-10.57646,-5.68807,80.22036
158972822.18400,886.68449,9.67925,192.32382,-10.57646,-5.67779,80.22481
158972823.18400,886.95679,9.67355,192.32380,-10.57646,-5.66750,80.22483
158972824.18400,887.22910,9.66785,192.32378,-10.57646,-5.65721,80.22912
158972825.18400,887.50141,9.66215,192.32375,-10.57646,-5.64693,80.23651
158972826.18400,887.77371,9.65645,192.32373,-10.57646,-5.63664,80.22344
158972827.18400,888.04602,9.65075,192.32371,-10.57645,-5.62636,80.22483
158972828.18400,888.31832,9.64505,192.32369,-10.57645,-5.61607,80.24461
158972829.18400,888.59063,9.63934,192.32367,-10.57645,-5.60578,80.23166
158972830.18400,888.86294,9.63364,192.32365,-10.57645,-5.59550,80.23830
158972831.18400,889.13524,9.62794,192.32362,-10.57645,-5.58521,80.24037
158972832.18400,889.40755,9.62224,192.32360,-10.57645,-5.57493,80.22494
158972833.18400,889.67985,9.61654,192.32358,-10.57645,-5.56464,80.24795
158972834.18400,889.95216,9.61084,192.32356,-10.57645,-5.55435,80.25246
158972835.18400,890.22415,9.60518,192.32354,-10.57645,-5.54716,80.26591
158972836.18400,890.49510,9.59963,192.32352,-10.57645,-5.55036,80.31142
158972837.18400,890.76605,9.59408,192.32350,-10.57645,-5.55356,80.33922
158972838.18400,891.03700,9.58854,192.32347,-10.57644,-5.55675,80.35135
158972839.18400,891.30794,9.58299,192.32345,-10.57644,-5.55995,80.37669
158972840.18400,891.57889,9.57744,192.32343,-10.57644,-5.56315,80.42513
158972841.18400,891.84984,9.57190,192.32341,-10.57644,-5.56634,80.45051
158972842.18400,892.12079,9.56635,192.32339,-10.57644,-5.56954,80.45505
158972843.18400,892.39173,9.56080,192.32337,-10.57644,-5.57274,80.48702
158972844.18400,892.66268,9.55526,192.32335,-10.57644,-5.57593,80.51232
158972845.18400,892.93363,9.54971,192.32333,-10.57644,-5.57913,80.49565
158972846.18400,893.20458,9.54416,192.32330,-10.57644,-5.58233,80.50323
158972847.18400,893.47552,9.53862,192.32328,-10.57644,-5.58552,80.55049
158972848.18400,893.74647,9.53307,192.32326,-10.57644,-5.58872,80.55889
158972849.18400,894.01742,9.52752,192.32324,-10.57644,-5.59192,80.58409
158972850.18400,894.28904,9.52196,192.32322,-10.57643,-5.59493,80.61030
158972851.18400,894.56294,9.51637,192.32320,-10.57643,-5.59732,80.63412
158972852.18400,894.83683,9.51078,192.32318,-10.57643,-5.59971,80.66014
158972853.18400,895.11072,9.50518,192.32316,-10.57643,-5.60211,80.66859
158972854.18400,895.38462,9.49959,192.32314,-10.57643,-5.60450,80.69467
158972855.18400,895.65851,9.49399,192.32312,-10.57643,-5.60689,80.71833
158972856.18400,895.93241,9.48840,192.32310,-10.57643,-5.60929,80.74276
158972857.18400,896.20630,9.48280,192.32308,-10.57643,-5.61168,80.77309
158972858.18400,896.48019,9.47721,192.32306,-10.57643,-5.61407,80.79822
158972859.18400,896.75409,9.47161,192.32304,-10.57643,-5.61646,80.81971
158972860.18400,897.02798,9.46602,192.32301,-10.57643,-5.61886,80.84578
158972861.18400,897.30187,9.46042,192.32299,-10.57642,-5.62125,80.85403
158972862.18400,897.57577,9.45483,192.32297,-10.57642,-5.62364,80.87528
158972863.18400,897.84966,9.44923,192.32295,-10.57642,-5.62603,80.90110
158972864.18400,898.12356,9.44364,192.32293,-10.57642,-5.62843,80.93219
158972865.18400,898.39728,9.43804,192.32291,-10.57642,-5.62864,80.95234
158972866.18400,898.67042,9.43241,192.32289,-10.57642,-5.62153,80.94022
158972867.18400,898.94355,9.42678,192.32287,-10.57642,-5.61442,80.95320
158972868.18400,899.21669,9.42115,192.32285,-10.57642,-5.60732,80.96412
158972869.18400,899.48983,9.41552,192.32283,-10.57642,-5.60021,80.97054
158972870.18400,899.76297,9.40989,192.32281,-10.57642,-5.59310,80.98130
158972871.18400,900.03611,9.40426,192.32279,-10.57642,-5.58600,80.99532
158972872.18400,900.30924,9.39863,192.32277,-10.57641,-5.57889,81.00403
158972873.18400,900.58238,9.39300,192.32275,-10.57641,-5.57178,80.99629
158972874.18400,900.85552,9.38737,192.32273,-10.57641,-5.56468,81.00502
158972875.18400,901.12866,9.38174,192.32271,-10.57641,-5.55757,81.03159
158972876.18400,901.40180,9.37611,192.32269,-10.57641,-5.55046,81.02934
158972877.18400,901.67493,9.37048,192.32267,-10.57641,-5.54336,81.04038
158972878.18400,901.94807,9.36485,192.32265,-10.57641,-5.53625,81.04687
158972879.18400,902.22121,9.35922,192.32263,-10.57641,-5.52914,81.03874
158972880.18400,902.49311,9.35361,192.32261,-10.57641,-5.52115,81.06860
158972881.18400,902.76088,9.34809,192.32260,-10.57641,-5.51017,81.05571
158972882.18400,903.02864,9.34256,192.32258,-10.57641,-5.49919,81.05942
158972883.18400,903.29641,9.33704,192.32256,-10.57641,-5.48821,81.06534
158972884.18400,903.56417,9.33152,192.32254,-10.57640,-5.47723,81.07122
158972885.18400,903.83193,9.32599,192.32252,-10.57640,-5.46625,81.07473
158972886.18400,904.09970,9.32047,192.32250,-10.57640,-5.45528,81.06162
158972887.18400,904.36746,9.31494,192.32248,-10.57640,-5.44430,81.08420
158972888.18400,904.63522,9.30942,192.32246,-10.57640,-5.43332,81.06724
158972889.18400,904.90299,9.30390,192.32244,-10.57640,-5.42234,81.07460
158972890.18400,905.17075,9.29837,192.32242,-10.57640,-5.41136,81.07969
158972891.18400,905.43852,9.29285,192.32240,-10.57640,-5.40038,81.08243
158972892.18400,905.70628,9.28732,192.32238,-10.57640,-5.38940,81.08689
158972893.18400,905.97404,9.28180,192.32236,-10.57640,-5.37843,81.07438
158972894.18400,906.24181,9.27628,192.32235,-10.57640,-5.36745,81.07712
158972895.18400,906.50963,9.27079,192.32233,-10.57640,-5.36100,81.08901
158972896.18400,906.77766,9.26543,192.32231,-10.57640,-5.36976,81.12948
158972897.18400,907.04569,9.26007,192.32229,-10.57640,-5.37852,81.16206
158972898.18400,907.31371,9.25471,192.32227,-10.57640,-5.38728,81.19864
158972899.18400,907.58174,9.24935,192.32225,-10.57639,-5.39603,81.23637
158972900.18400,907.84977,9.24400,192.32223,-10.57639,-5.40479,81.27085
158972901.18400,908.11780,9.23864,192.32221,-10.57639,-5.41355,81.28884
158972902.18400,908.38582,9.23328,192.32219,-10.57639,-5.42231,81.32856
158972903.18400,908.65385,9.22792,192.32218,-10.57639,-5.43107,81.36274
158972904.18400,908.92188,9.22256,192.32216,-10.57639,-5.43982,81.39419
158972905.18400,909.18991,9.21720,192.32214,-10.57639,-5.44858,81.43289
158972906.18400,909.45793,9.21184,192.32212,-10.57639,-5.45734,81.45310
158972907.18400,909.72596,9.20649,192.32210,-10.57639,-5.46610,81.48385
158972908.18400,909.99399,9.20113,192.32208,-10.57639,-5.47486,81.53485
158972909.18400,910.26202,9.19577,192.32207,-10.57639,-5.48361,81.55619
158972910.18400,910.53089,9.19038,192.32205,-10.57639,-5.49004,81.58768
158972911.18400,910.80263,9.18489,192.32203,-10.57639,-5.48865,81.60232
158972912.18400,911.07436,9.17940,192.32201,-10.57638,-5.48726,81.60643
158972913.18400,911.34609,9.17391,192.32199,-10.57638,-5.48587,81.64776
158972914.18400,911.61782,9.16842,192.32197,-10.57638,-5.48448,81.66928
158972915.18400,911.88955,9.16293,192.32196,-10.57638,-5.48309,81.65206
158972916.18400,912.16129,9.15743,192.32194,-10.57638,-5.48170,81.64494
158972917.18400,912.43302,9.15194,192.32192,-10.57638,-5.48032,81.66397
158972918.18400,912.70475,9.14645,192.32190,-10.57638,-5.47893,81.66853
158972919.18400,912.97648,9.14096,192.32188,-10.57638,-5.47754,81.68409
158972920.18400,913.24822,9.13547,192.32187,-10.57638,-5.47615,81.72584
158972921.18400,913.51995,9.12998,192.32185,-10.57638,-5.47476,81.74650
158972922.18400,913.79168,9.12449,192.32183,-10.57638,-5.47337,81.74218
158972923.18400,914.06341,9.11900,192.32181,-10.57638,-5.47198,81.76721
158972924.18400,914.33514,9.11351,192.32179,-10.57638,-5.47059,81.78963
158972925.18400,914.60673,9.10802,192.32178,-10.57638,-5.46891,81.82660
158972926.18400,914.87785,9.10255,192.32176,-10.57638,-5.46623,81.86800
158972927.18400,915.14896,9.09709,192.32174,-10.57637,-5.46355,81.87020
158972928.18400,915.42008,9.09162,192.32172,-10.57637,-5.46088,81.88532
158972929.18400,915.69119,9.08615,192.32171,-10.57637,-5.45820,81.90183
158972930.18400,915.96231,9.08068,192.32169,-10.57637,-5.45553,81.92457
158972931.18400,916.23342,9.07521,192.32167,-10.57637,-5.45285,81.94431
158972932.18400,916.50454,9.06974,192.32165,-10.57637,-5.45018,81.95860
158972933.18400,916.77565,9.06427,192.32164,-10.57637,-5.44750,81.97920
158972934.18400,917.04677,9.05880,192.32162,-10.57637,-5.44483,81.97835
158972935.18400,917.31788,9.05333,192.32160,-10.57637,-5.44215,81.97429
158972936.18400,917.58900,9.04786,192.32158,-10.57637,-5.43948,81.97215
158972937.18400,917.86011,9.04239,192.32157,-10.57637,-5.43680,81.98960
158972938.18400,918.13123,9.03692,192.32155,-10.57637,-5.43413,82.00845
158972939.18400,918.40234,9.03145,192.32153,-10.57637,-5.43145,82.00631
158972940.18400,918.67421,9.02599,192.32152,-10.57637,-5.43144,82.02768
158972941.18400,918.94859,9.02056,192.32150,-10.57637,-5.44038,82.08163
158972942.18400,919.22297,9.01513,192.32148,-10.57636,-5.44932,82.09619
158972943.18400,919.49736,9.00970,192.32146,-10.57636,-5.45826,82.13026
158972944.18400,919.77174,9.00428,192.32145,-10.57636,-5.46720,82.17014
158972945.18400,920.04613,8.99885,192.32143,-10.57636,-5.47613,82.18904
158972946.18400,920.32051,8.99342,192.32141,-10.57636,-5.48507,82.23644
158972947.18400,920.59489,8.98799,192.32140,-10.57636,-5.49401,82.27143
158972948.18400,920.86928,8.98256,192.32138,-10.57636,-5.50295,82.28856
158972949.18400,921.14366,8.97713,192.32136,-10.57636,-5.51189,82.32354
158972950.18400,921.41805,8.97170,192.32135,-10.57636,-5.52082,82.35992
158972951.18400,921.69243,8.96627,192.32133,-10.57636,-5.52976,82.38867
158972952.18400,921.96681,8.96084,192.32131,-10.57636,-5.53870,82.42316
158972953.18400,922.24120,8.95541,192.32130,-10.57636,-5.54764,82.43917
158972954.18400,922.51558,8.94998,192.32128,-10.57636,-5.55658,82.47440
158972955.18400,922.79091,8.94452,192.32126,-10.57636,-5.56326,82.52577
158972956.18400,923.06940,8.93896,192.32125,-10.57636,-5.56239,82.52182
158972957.18400,923.34789,8.93340,192.32123,-10.57635,-5.56153,82.54387
158972958.18400,923.62638,8.92783,192.32121,-10.57635,-5.56066,82.56948
158972959.18400,923.90487,8.92227,192.32120,-10.57635,-5.55979,82.57226
158972960.18400,924.18336,8.91671,192.32118,-10.57635,-5.55892,82.61005
158972961.18400,924.46185,8.91114,192.32117,-10.57635,-5.55806,82.62895
158972962.18400,924.74034,8.90558,192.32115,-10.57635,-5.55719,82.63174
158972963.18400,925.01883,8.90002,192.32113,-10.57635,-5.55632,82.64936
158972964.18400,925.29732,8.89445,192.32112,-10.57635,-5.55545,82.67052
158972965.18400,925.57581,8.88889,192.32110,-10.57635,-5.55459,82.65768
158972966.18400,925.85430,8.88333,192.32108,-10.57635,-5.55372,82.65499
158972967.18400,926.13279,8.87776,192.32107,-10.57635,-5.55285,82.68955
158972968.18400,926.41128,8.87220,192.32105,-10.57635,-5.55199,82.71053
158972969.18400,926.68977,8.86664,192.32104,-10.57635,-5.55112,82.71460
158972970.18400,926.96784,8.86108,192.32102,-10.57635,-5.54886,82.72949
158972971.18400,927.24454,8.85552,192.32100,-10.57635,-5.54195,82.74257
158972972.18400,927.52124,8.84997,192.32099,-10.57634,-5.53504,82.74559
158972973.18400,927.79794,8.84442,192.32097,-10.57634,-5.52813,82.75225
158972974.18400,928.07464,8.83887,192.32096,-10.57634,-5.52122,82.77661
158972975.18400,928.35134,8.83332,192.32094,-10.57634,-5.51431,82.79791
158972976.18400,928.62803,8.82777,192.32093,-10.57634,-5.50740,82.79579
158972977.18400,928.90473,8.82222,192.32091,-10.57634,-5.50049,82.80728
158972978.18400,929.18143,8.81667,192.32089,-10.57634,-5.49358,82.82088
158972979.18400,929.45813,8.81112,192.32088,-10.57634,-5.48667,82.81133
158972980.18400,929.73483,8.80557,192.32086,-10.57634,-5.47976,82.82598
158972981.18400,930.01153,8.80002,192.32085,-10.57634,-5.47285,82.85791
158972982.18400,930.28822,8.79447,192.32083,-10.57634,-5.46593,82.84837
158972983.18400,930.56492,8.78892,192.32082,-10.57634,-5.45902,82.86771
158972984.18400,930.84162,8.78337,192.32080,-10.57634,-5.45211,82.88149
158972985.18400,931.11730,8.77784,192.32079,-10.57634,-5.44509,82.87408
158972986.18400,931.38953,8.77239,192.32077,-10.57634,-5.43768,82.90437
158972987.18400,931.66177,8.76695,192.32076,-10.57633,-5.43026,82.91530
158972988.18400,931.93401,8.76150,192.32074,-10.57633,-5.42285,82.91201
158972989.18400,932.20625,8.75605,192.32073,-10.57633,-5.41544,82.92633
158972990.18400,932.47848,8.75061,192.32071,-10.57633,-5.40803,82.93965
158972991.18400,932.75072,8.74516,192.32069,-10.57633,-5.40062,82.94793
158972992.18400,933.02296,8.73971,192.32068,-10.57633,-5.39320,82.96238
158972993.18400,933.29520,8.73427,192.32066,-10.57633,-5.38579,82.97580
158972994.18400,933.56743,8.72882,192.32065,-10.57633,-5.37838,82.98881
158972995.18400,933.83967,8.72337,192.32064,-10.57633,-5.37097,82.98477
158972996.18400,934.11191,8.71793,192.32062,-10.57633,-5.36356,82.99827
158972997.18400,934.38415,8.71248,192.32061,-10.57633,-5.35614,83.01136
158972998.18400,934.65639,8.70703,192.32059,-10.57633,-5.34873,83.01902
158972999.18400,934.92862,8.70159,192.32058,-10.57633,-5.34132,83.03497
158973000.18400,935.20151,8.69616,192.32056,-10.57633,-5.33846,83.03776
158973001.18400,935.47655,8.69083,192.32055,-10.57633,-5.35087,83.07556
158973002.18400,935.75160,8.68549,192.32053,-10.57632,-5.36328,83.11443
158973003.18400,936.02664,8.68016,192.32052,-10.57632,-5.37569,83.15300
158973004.18400,936.30169,8.67482,192.32050,-10.57632,-5.38810,83.19262
158973005.18400,936.57674,8.66949,192.32049,-10.57632,-5.40051,83.20350
158973006.18400,936.85178,8.66415,192.32047,-10.57632,-5.41292,83.21664
158973007.18400,937.12683,8.65882,192.32046,-10.57632,-5.42533,83.23862
158973008.18400,937.40188,8.65348,192.32044,-10.57632,-5.43774,83.27648
158973009.18400,937.67692,8.64815,192.32043,-10.57632,-5.45015,83.31539
158973010.18400,937.95197,8.64281,192.32042,-10.57632,-5.46256,83.35304
158973011.18400,938.22702,8.63748,192.32040,-10.57632,-5.47497,83.39117
158973012.18400,938.50206,8.63214,192.32039,-10.57632,-5.48738,83.42624
158973013.18400,938.77711,8.62681,192.32037,-10.57632,-5.49979,83.46460
158973014.18400,939.05216,8.62147,192.32036,-10.57632,-5.51220,83.48438
158973015.18400,939.32796,8.61609,192.32034,-10.57632,-5.52026,83.51652
158973016.18400,939.60629,8.61057,192.32033,-10.57632,-5.51375,83.55000
158973017.18400,939.88462,8.60505,192.32032,-10.57632,-5.50724,83.54040
158973018.18400,940.16296,8.59953,192.32030,-10.57632,-5.50072,83.53944
158973019.18400,940.44129,8.59400,192.32029,-10.57632,-5.49421,83.57748
158973020.18400,940.71963,8.58848,192.32027,-10.57631,-5.48770,83.58592
158973021.18400,940.99796,8.58296,192.32026,-10.57631,-5.48118,83.58575
158973022.18400,941.27629,8.57744,192.32025,-10.57631,-5.47467,83.60057
158973023.18400,941.55463,8.57192,192.32023,-10.57631,-5.46816,83.61137
158973024.18400,941.83296,8.56639,192.32022,-10.57631,-5.46164,83.63159
158973025.18400,942.11130,8.56087,192.32021,-10.57631,-5.45513,83.64625
158973026.18400,942.38963,8.55535,192.32019,-10.57631,-5.44862,83.65687
158973027.18400,942.66796,8.54983,192.32018,-10.57631,-5.44210,83.66917
158973028.18400,942.94630,8.54431,192.32016,-10.57631,-5.43559,83.66756
158973029.18400,943.22463,8.53878,192.32015,-10.57631,-5.42908,83.68312
158973030.18400,943.50208,8.53328,192.32014,-10.57631,-5.42263,83.69769
158973031.18400,943.77658,8.52786,192.32012,-10.57631,-5.41639,83.70806
158973032.18400,944.05108,8.52244,192.32011,-10.57631,-5.41015,83.72267
158973033.18400,944.32558,8.51701,192.32010,-10.57631,-5.40392,83.73845
158973034.18400,944.60008,8.51159,192.32008,-10.57631,-5.39768,83.73765
158973035.18400,944.87459,8.50616,192.32007,-10.57631,-5.39144,83.73829
158973036.18400,945.14909,8.50074,192.32006,-10.57631,-5.38521,83.74122
158973037.18400,945.42359,8.49532,192.32004,-10.57630,-5.37897,83.73541
158973038.18400,945.69809,8.48989,192.32003,-10.57630,-5.37273,83.74288
158973039.18400,945.97259,8.48447,192.32002,-10.57630,-5.36650,83.76929
158973040.18400,946.24709,8.47904,192.32000,-10.57630,-5.36026,83.78575
158973041.18400,946.52159,8.47362,192.31999,-10.57630,-5.35402,83.78561
158973042.18400,946.79609,8.46820,192.31998,-10.57630,-5.34779,83.80189
158973043.18400,947.07059,8.46277,192.31996,-10.57630,-5.34155,83.81820
158973044.18400,947.34509,8.45735,192.31995,-10.57630,-5.33531,83.83010
158973045.18400,947.61907,8.45195,192.31994,-10.57630,-5.32998,83.85198
158973046.18400,947.89133,8.44661,192.31993,-10.57630,-5.32768,83.86584
158973047.18400,948.16358,8.44128,192.31991,-10.57630,-5.32537,83.87028
158973048.18400,948.43584,8.43595,192.31990,-10.57630,-5.32307,83.89181
158973049.18400,948.70809,8.43062,192.31989,-10.57630,-5.32077,83.92407
158973050.18400,948.98035,8.42529,192.31987,-10.57630,-5.31846,83.93327
158973051.18400,949.25260,8.41996,192.31986,-10.57630,-5.31616,83.95200
158973052.18400,949.52485,8.41463,192.31985,-10.57630,-5.31386,83.96814
158973053.18400,949.79711,8.40930,192.31984,-10.57630,-5.31155,83.97264
158973054.18400,950.06936,8.40397,192.31982,-10.57630,-5.30925,84.01024
158973055.18400,950.34162,8.39864,192.31981,-10.57630,-5.30695,84.01544
158973056.18400,950.61387,8.39331,192.31980,-10.57630,-5.30464,83.99564
158973057.18400,950.88613,8.38798,192.31979,-10.57630,-5.30234,84.00253
158973058.18400,951.15838,8.38265,192.31977,-10.57630,-5.30004,84.02363
158973059.18400,951.43064,8.37732,192.31976,-10.57630,-5.29773,84.02817
158973060.18400,951.70393,8.37199,192.31975,-10.57629,-5.29860,84.05311
158973061.18400,951.98069,8.36670,192.31974,-10.57629,-5.31011,84.10585
158973062.18400,952.25745,8.36140,192.31972,-10.57629,-5.32162,84.14211
158973063.18400,952.53422,8.35611,192.31971,-10.57629,-5.33313,84.16174
158973064.18400,952.81098,8.35081,192.31970,-10.57629,-5.34463,84.19833
158973065.18400,953.08774,8.34551,192.31969,-10.57629,-5.35614,84.23357
158973066.18400,953.36450,8.34022,192.31968,-10.57629,-5.36765,84.24586
158973067.18400,953.64127,8.33492,192.31966,-10.57629,-5.37915,84.28172
158973068.18400,953.91803,8.32963,192.31965,-10.57629,-5.39066,84.33321
158973069.18400,954.19479,8.32433,192.31964,-10.57629,-5.40217,84.36848
158973070.18400,954.47156,8.31903,192.31963,-10.57629,-5.41368,84.38735
158973071.18400,954.74832,8.31374,192.31961,-10.57629,-5.42518,84.41601
158973072.18400,955.02508,8.30844,192.31960,-10.57629,-5.43669,84.45028
158973073.18400,955.30184,8.30315,192.31959,-10.57629,-5.44820,84.46886
158973074.18400,955.57861,8.29785,192.31958,-10.57629,-5.45971,84.50118
158973075.18400,955.85558,8.29251,192.31957,-10.57629,-5.46594,84.51662
158973076.18400,956.13327,8.28705,192.31956,-10.57629,-5.45450,84.49855
158973077.18400,956.41096,8.28158,192.31954,-10.57629,-5.44305,84.51914
158973078.18400,956.68865,8.27611,192.31953,-10.57629,-5.43161,84.52156
158973079.18400,956.96634,8.27064,192.31952,-10.57629,-5.42017,84.51703
158973080.18400,957.24403,8.26517,192.31951,-10.57629,-5.40872,84.53868
158973081.18400,957.52172,8.25970,192.31950,-10.57629,-5.39728,84.54985
158973082.18400,957.79941,8.25423,192.31949,-10.57628,-5.38584,84.54535
158973083.18400,958.07710,8.24876,192.31947,-10.57628,-5.37439,84.55515
158973084.18400,958.35479,8.24330,192.31946,-10.57628,-5.36295,84.56913
158973085.18400,958.63248,8.23783,192.31945,-10.57628,-5.35151,84.57404
158973086.18400,958.91017,8.23236,192.31944,-10.57628,-5.34006,84.58604
158973087.18400,959.18785,8.22689,192.31943,-10.57628,-5.32862,84.58222
158973088.18400,959.46554,8.22142,192.31942,-10.57628,-5.31718,84.59127
158973089.18400,959.74323,8.21595,192.31941,-10.57628,-5.30573,84.62235
158973090.18400,960.02137,8.21052,192.31939,-10.57628,-5.30008,84.64038
158973091.18400,960.30098,8.20523,192.31938,-10.57628,-5.31383,84.66128
158973092.18400,960.58060,8.19993,192.31937,-10.57628,-5.32758,84.67528
158973093.18400,960.86022,8.19463,192.31936,-10.57628,-5.34133,84.71218
158973094.18400,961.13984,8.18934,192.31935,-10.57628,-5.35509,84.76629
158973095.18400,961.41946,8.18404,192.31934,-10.57628,-5.36884,84.80006
158973096.18400,961.69908,8.17874,192.31933,-10.57628,-5.38259,84.82357
158973097.18400,961.97870,8.17345,192.31932,-10.57628,-5.39634,84.85437
158973098.18400,962.25831,8.16815,192.31931,-10.57628,-5.41009,84.88833
158973099.18400,962.53793,8.16285,192.31929,-10.57628,-5.42385,84.93455
158973100.18400,962.81755,8.15756,192.31928,-10.57628,-5.43760,84.97046
158973101.18400,963.09717,8.15226,192.31927,-10.57628,-5.45135,84.98268
158973102.18400,963.37679,8.14696,192.31926,-10.57628,-5.46510,85.01811
158973103.18400,963.65641,8.14167,192.31925,-10.57628,-5.47885,85.05053
158973104.18400,963.93603,8.13637,192.31924,-10.57628,-5.49261,85.07973
158973105.18400,964.21630,8.13103,192.31923,-10.57628,-5.50109,85.09387
158973106.18400,964.49875,8.12552,192.31922,-10.57628,-5.49193,85.08383
158973107.18400,964.78121,8.12002,192.31921,-10.57627,-5.48276,85.09364
158973108.18400,965.06366,8.11452,192.31920,-10.57627,-5.47360,85.09238
158973109.18400,965.34612,8.10901,192.31919,-10.57627,-5.46443,85.10724
158973110.18400,965.62858,8.10351,192.31918,-10.57627,-5.45527,85.12274
158973111.18400,965.91103,8.09801,192.31917,-10.57627,-5.44610,85.12786
158973112.18400,966.19349,8.09250,192.31916,-10.57627,-5.43694,85.14518
158973113.18400,966.47594,8.08700,192.31915,-10.57627,-5.42777,85.16719
158973114.18400,966.75840,8.08150,192.31914,-10.57627,-5.41861,85.17301
158973115.18400,967.04086,8.07599,192.31912,-10.57627,-5.40944,85.15132
158973116.18400,967.32331,8.07049,192.31911,-10.57627,-5.40028,85.14284
158973117.18400,967.60577,8.06499,192.31910,-10.57627,-5.39111,85.15626
158973118.18400,967.88822,8.05948,192.31909,-10.57627,-5.38195,85.17309
158973119.18400,968.17068,8.05398,192.31908,-10.57627,-5.37278,85.18131
158973120.18400,968.45224,8.04851,192.31907,-10.57627,-5.36492,85.19542
158973121.18400,968.73080,8.04314,192.31906,-10.57627,-5.36143,85.21581
158973122.18400,969.00936,8.03778,192.31905,-10.57627,-5.35795,85.22244
158973123.18400,969.28792,8.03241,192.31904,-10.57627,-5.35446,85.24256
158973124.18400,969.56649,8.02705,192.31903,-10.57627,-5.35097,85.26302
158973125.18400,969.84505,8.02168,192.31902,-10.57627,-5.34749,85.27644
158973126.18400,970.12361,8.01632,192.31901,-10.57627,-5.34400,85.29534
158973127.18400,970.40217,8.01095,192.31900,-10.57627,-5.34051,85.30806
158973128.18400,970.68073,8.00558,192.31899,-10.57627,-5.33703,85.32154
158973129.18400,970.95929,8.00022,192.31898,-10.57627,-5.33354,85.34921
158973130.18400,971.23785,7.99485,192.31897,-10.57626,-5.33005,85.37692
158973131.18400,971.51642,7.98949,192.31896,-10.57626,-5.32657,85.38135
158973132.18400,971.79498,7.98412,192.31895,-10.57626,-5.32308,85.38748
158973133.18400,972.07354,7.97876,192.31894,-10.57626,-5.31959,85.41841
158973134.18400,972.35210,7.97339,192.31894,-10.57626,-5.31611,85.43599
158973135.18400,972.63119,7.96804,192.31893,-10.57626,-5.31502,85.42796
158973136.18400,972.91205,7.96273,192.31892,-10.57626,-5.32200,85.42684
158973137.18400,973.19291,7.95741,192.31891,-10.57626,-5.32898,85.45646
158973138.18400,973.47378,7.95210,192.31890,-10.57626,-5.33597,85.48635
158973139.18400,973.75464,7.94678,192.31889,-10.57626,-5.34295,85.50604
158973140.18400,974.03550,7.94147,192.31888,-10.57626,-5.34993,85.53545
158973141.18400,974.31637,7.93616,192.31887,-10.57626,-5.35691,85.55066
158973142.18400,974.59723,7.93084,192.31886,-10.57626,-5.36389,85.58072
158973143.18400,974.87809,7.92553,192.31885,-10.57626,-5.37087,85.62322
158973144.18400,975.15895,7.92021,192.31884,-10.57626,-5.37785,85.62889
158973145.18400,975.43982,7.91490,192.31883,-10.57626,-5.38483,85.65907
158973146.18400,975.72068,7.90959,192.31882,-10.57626,-5.39181,85.69742
158973147.18400,976.00154,7.90427,192.31881,-10.57626,-5.39879,85.71059
158973148.18400,976.28240,7.89896,192.31880,-10.57626,-5.40577,85.74770
158973149.18400,976.56327,7.89364,192.31880,-10.57626,-5.41275,85.77722
158973150.18400,976.84510,7.88831,192.31879,-10.57626,-5.41843,85.79139
158973151.18400,977.13020,7.88289,192.31878,-10.57626,-5.41974,85.80661
158973152.18400,977.41530,7.87747,192.31877,-10.57626,-5.42104,85.83025
158973153.18400,977.70040,7.87205,192.31876,-10.57626,-5.42235,85.84989
158973154.18400,977.98550,7.86663,192.31875,-10.57626,-5.42366,85.86314
158973155.18400,978.27060,7.86122,192.31874,-10.57626,-5.42497,85.88044
158973156.18400,978.55570,7.85580,192.31873,-10.57626,-5.42627,85.89032
158973157.18400,978.84080,7.85038,192.31872,-10.57625,-5.42758,85.88879
158973158.18400,979.12590,7.84496,192.31872,-10.57625,-5.42889,85.90651
158973159.18400,979.41100,7.83954,192.31871,-10.57625,-5.43020,85.93326
158973160.18400,979.69610,7.83413,192.31870,-10.57625,-5.43150,85.94756
158973161.18400,979.98120,7.82871,192.31869,-10.57625,-5.43281,85.96197
158973162.18400,980.26629,7.82329,192.31868,-10.57625,-5.43412,86.00220
158973163.18400,980.55139,7.81787,192.31867,-10.57625,-5.43543,86.02547
158973164.18400,980.83649,7.81245,192.31866,-10.57625,-5.43673,86.02687
158973165.18400,981.12085,7.80703,192.31866,-10.57625,-5.43491,86.03214
158973166.18400,981.40273,7.80159,192.31865,-10.57625,-5.42257,86.02132
158973167.18400,981.68461,7.79616,192.31864,-10.57625,-5.41024,86.01179
158973168.18400,981.96648,7.79072,192.31863,-10.57625,-5.39791,86.02843
158973169.18400,982.24836,7.78528,192.31862,-10.57625,-5.38558,86.05685
158973170.18400,982.53024,7.77984,192.31861,-10.57625,-5.37324,86.05564
158973171.18400,982.81212,7.77441,192.31860,-10.57625,-5.36091,86.07172
158973172.18400,983.09399,7.76897,192.31860,-10.57625,-5.34858,86.08629
158973173.18400,983.37587,7.76353,192.31859,-10.57625,-5.33625,86.09147
158973174.18400,983.65775,7.75810,192.31858,-10.57625,-5.32391,86.10615
158973175.18400,983.93963,7.75266,192.31857,-10.57625,-5.31158,86.11505
158973176.18400,984.22150,7.74722,192.31856,-10.57625,-5.29925,86.12272
158973177.18400,984.50338,7.74178,192.31856,-10.57625,-5.28692,86.12918
158973178.18400,984.78526,7.73635,192.31855,-10.57625,-5.27458,86.15947
158973179.18400,985.06713,7.73091,192.31854,-10.57625,-5.26225,86.17032
158973180.18400,985.34864,7.72551,192.31853,-10.57625,-5.25403,86.17232
158973181.18400,985.62890,7.72026,192.31852,-10.57625,-5.25961,86.20780
158973182.18400,985.90916,7.71501,192.31852,-10.57625,-5.26519,86.23533
158973183.18400,986.18942,7.70976,192.31851,-10.57625,-5.27077,86.24627
158973184.18400,986.46968,7.70450,192.31850,-10.57625,-5.27635,86.26751
158973185.18400,986.74993,7.69925,192.31849,-10.57625,-5.28194,86.28122
158973186.18400,987.03019,7.69400,192.31848,-10.57625,-5.28752,86.28275
158973187.18400,987.31045,7.68874,192.31848,-10.57624,-5.29310,86.30266
158973188.18400,987.59071,7.68349,192.31847,-10.57624,-5.29868,86.31609
158973189.18400,987.87097,7.67824,192.31846,-10.57624,-5.30426,86.34213
158973190.18400,988.15123,7.67299,192.31845,-10.57624,-5.30984,86.38643
158973191.18400,988.43149,7.66773,192.31845,-10.57624,-5.31542,86.39931
158973192.18400,988.71175,7.66248,192.31844,-10.57624,-5.32100,86.40990
158973193.18400,988.99200,7.65723,192.31843,-10.57624,-5.32658,86.44259
158973194.18400,989.27226,7.65198,192.31842,-10.57624,-5.33216,86.47267
158973195.18400,989.55351,7.64670,192.31842,-10.57624,-5.33706,86.49959
158973196.18400,989.83805,7.64137,192.31841,-10.57624,-5.33966,86.52217
158973197.18400,990.12260,7.63603,192.31840,-10.57624,-5.34226,86.53538
158973198.18400,990.40714,7.63069,192.31839,-10.57624,-5.34486,86.56119
158973199.18400,990.69168,7.62536,192.31839,-10.57624,-5.34746,86.58443
158973200.18400,990.97623,7.62002,192.31838,-10.57624,-5.35006,86.58609
158973201.18400,991.26077,7.61468,192.31837,-10.57624,-5.35266,86.62714
158973202.18400,991.54532,7.60935,192.31837,-10.57624,-5.35526,86.65239
158973203.18400,991.82986,7.60401,192.31836,-10.57624,-5.35786,86.66187
158973204.18400,992.11440,7.59867,192.31835,-10.57624,-5.36046,86.68944
158973205.18400,992.39895,7.59334,192.31834,-10.57624,-5.36306,86.66703
158973206.18400,992.68349,7.58800,192.31834,-10.57624,-5.36566,86.64240
158973207.18400,992.96804,7.58266,192.31833,-10.57624,-5.36827,86.64451
158973208.18400,993.25258,7.57733,192.31832,-10.57624,-5.37087,86.67232
158973209.18400,993.53713,7.57199,192.31832,-10.57624,-5.37347,86.71159
158973210.18400,993.82226,7.56665,192.31831,-10.57624,-5.37579,86.73340
158973211.18400,994.10939,7.56127,192.31830,-10.57624,-5.37719,86.74601
158973212.18400,994.39652,7.55589,192.31830,-10.57624,-5.37860,86.77117
158973213.18400,994.68365,7.55052,192.31829,-10.57624,-5.38000,86.79318
158973214.18400,994.97078,7.54514,192.31828,-10.57624,-5.38140,86.79356
158973215.18400,995.25791,7.53977,192.31828,-10.57624,-5.38280,86.81990
158973216.18400,995.54504,7.53439,192.31827,-10.57624,-5.38420,86.85882
158973217.18400,995.83217,7.52902,192.31826,-10.57624,-5.38561,86.88109
158973218.18400,996.11930,7.52364,192.31826,-10.57624,-5.38701,86.89130
158973219.18400,996.40643,7.51827,192.31825,-10.57624,-5.38841,86.90771
158973220.18400,996.69356,7.51289,192.31824,-10.57624,-5.38981,86.93199
158973221.18400,996.98069,7.50752,192.31824,-10.57624,-5.39121,86.94067
158973222.18400,997.26782,7.50214,192.31823,-10.57624,-5.39262,86.96493
158973223.18400,997.55496,7.49677,192.31822,-10.57624,-5.39402,87.00276
158973224.18400,997.84209,7.49139,192.31822,-10.57624,-5.39542,87.01490
158973225.18400,998.12887,7.48601,192.31821,-10.57624,-5.39476,87.01508
158973226.18400,998.41449,7.48061,192.31820,-10.57624,-5.38719,87.00887
158973227.18400,998.70011,7.47522,192.31820,-10.57624,-5.37961,87.01408
158973228.18400,998.98574,7.46982,192.31819,-10.57624,-5.37204,87.03963
158973229.18400,999.27136,7.46442,192.31819,-10.57624,-5.36447,87.05904
158973230.18400,999.55698,7.45903,192.31818,-10.57624,-5.35689,87.06287
158973231.18400,999.84260,7.45363,192.31817,-10.57624,-5.34932,87.08237
158973232.18400,1000.12823,7.44823,192.31817,-10.57623,-5.34175,87.10194
158973233.18400,1000.41385,7.44284,192.31816,-10.57623,-5.33417,87.11353
158973234.18400,1000.69947,7.43744,192.31815,-10.57623,-5.32660,87.13319
158973235.18400,1000.98509,7.43204,192.31815,-10.57623,-5.31903,87.15145
158973236.18400,1001.27072,7.42665,192.31814,-10.57623,-5.31145,87.17123
158973237.18400,1001.55634,7.42125,192.31814,-10.57623,-5.30388,87.17620
158973238.18400,1001.84196,7.41585,192.31813,-10.57623,-5.29631,87.19805
158973239.18400,1002.12758,7.41046,192.31812,-10.57623,-5.28873,87.21857
158973240.18400,1002.41290,7.40509,192.31812,-10.57623,-5.28328,87.22805
158973241.18400,1002.69720,7.39980,192.31811,-10.57623,-5.28496,87.25288
158973242.18400,1002.98150,7.39452,192.31811,-10.57623,-5.28664,87.26235
158973243.18400,1003.26580,7.38924,192.31810,-10.57623,-5.28831,87.28714
158973244.18400,1003.55010,7.38396,192.31810,-10.57623,-5.28999,87.31531
158973245.18400,1003.83439,7.37867,192.31809,-10.57623,-5.29166,87.29225
158973246.18400,1004.11869,7.37339,192.31809,-10.57623,-5.29334,87.26625
158973247.18400,1004.40299,7.36811,192.31808,-10.57623,-5.29501,87.29060
158973248.18400,1004.68729,7.36283,192.31807,-10.57623,-5.29669,87.31596
158973249.18400,1004.97159,7.35754,192.31807,-10.57623,-5.29836,87.31958
158973250.18400,1005.25588,7.35226,192.31806,-10.57623,-5.30004,87.34431
158973251.18400,1005.54018,7.34698,192.31806,-10.57623,-5.30171,87.36563
158973252.18400,1005.82448,7.34169,192.31805,-10.57623,-5.30339,87.38078
158973253.18400,1006.10878,7.33641,192.31805,-10.57623,-5.30506,87.40648
158973254.18400,1006.39308,7.33113,192.31804,-10.57623,-5.30674,87.44070
158973255.18400,1006.67729,7.32584,192.31804,-10.57623,-5.30685,87.45457
158973256.18400,1006.96120,7.32053,192.31803,-10.57623,-5.30169,87.46349
158973257.18400,1007.24512,7.31522,192.31802,-10.57623,-5.29654,87.48548
158973258.18400,1007.52903,7.30992,192.31802,-10.57623,-5.29138,87.50985
158973259.18400,1007.81295,7.30461,192.31801,-10.57623,-5.28623,87.52659
158973260.18400,1008.09686,7.29930,192.31801,-10.57623,-5.28108,87.54706
158973261.18400,1008.38078,7.29399,192.31800,-10.57623,-5.27592,87.55906
158973262.18400,1008.66469,7.28868,192.31800,-10.57623,-5.27077,87.56739
158973263.18400,1008.94861,7.28338,192.31799,-10.57623,-5.26561,87.60349
158973264.18400,1009.23252,7.27807,192.31799,-10.57623,-5.26046,87.61264
158973265.18400,1009.51644,7.27276,192.31798,-10.57623,-5.25531,87.60971
158973266.18400,1009.80035,7.26745,192.31798,-10.57623,-5.25015,87.60556
158973267.18400,1010.08427,7.26214,192.31797,-10.57623,-5.24500,87.61340
158973268.18400,1010.36818,7.25684,192.31797,-10.57623,-5.23984,87.64006
158973269.18400,1010.65210,7.25153,192.31796,-10.57623,-5.23469,87.66076
158973270.18400,1010.93594,7.24624,192.31796,-10.57623,-5.23113,87.66885
158973271.18400,1011.21953,7.24101,192.31796,-10.57623,-5.23291,87.69743
158973272.18400,1011.50312,7.23578,192.31795,-10.57623,-5.23470,87.73449
158973273.18400,1011.78671,7.23054,192.31795,-10.57623,-5.23648,87.73470
158973274.18400,1012.07030,7.22531,192.31794,-10.57623,-5.23827,87.74692
158973275.18400,1012.35389,7.22008,192.31794,-10.57623,-5.24005,87.77075
158973276.18400,1012.63748,7.21485,192.31793,-10.57623,-5.24183,87.77236
158973277.18400,1012.92107,7.20962,192.31793,-10.57623,-5.24362,87.77342
158973278.18400,1013.20466,7.20439,192.31792,-10.57622,-5.24540,87.78933
158973279.18400,1013.48825,7.19916,192.31792,-10.57622,-5.24719,87.81448
158973280.18400,1013.77185,7.19393,192.31791,-10.57622,-5.24897,87.84900
158973281.18400,1014.05544,7.18869,192.31791,-10.57622,-5.25075,87.87356
158973282.18400,1014.33903,7.18346,192.31790,-10.57622,-5.25254,87.87650
158973283.18400,1014.62262,7.17823,192.31790,-10.57622,-5.25432,87.90062
158973284.18400,1014.90621,7.17300,192.31790,-10.57622,-5.25611,87.93405
158973285.18400,1015.19089,7.16776,192.31789,-10.57622,-5.25927,87.96190
158973286.18400,1015.47921,7.16251,192.31789,-10.57622,-5.26707,87.97694
158973287.18400,1015.76753,7.15725,192.31788,-10.57622,-5.27487,87.98941
158973288.18400,1016.05585,7.15199,192.31788,-10.57622,-5.28266,88.01739
158973289.18400,1016.34418,7.14673,192.31788,-10.57622,-5.29046,88.03227
158973290.18400,1016.63250,7.14148,192.31787,-10.57622,-5.29826,88.05803
158973291.18400,1016.92082,7.13622,192.31787,-10.57622,-5.30606,88.08475
158973292.18400,1017.20914,7.13096,192.31786,-10.57622,-5.31385,88.11058
158973293.18400,1017.49747,7.12570,192.31786,-10.57622,-5.32165,88.13653
158973294.18400,1017.78579,7.12045,192.31786,-10.57622,-5.32945,88.15440
158973295.18400,1018.07411,7.11519,192.31785,-10.57622,-5.33724,88.14577
158973296.18400,1018.36243,7.10993,192.31785,-10.57622,-5.34504,88.11057
158973297.18400,1018.65076,7.10467,192.31784,-10.57622,-5.35284,88.12376
158973298.18400,1018.93908,7.09942,192.31784,-10.57622,-5.36064,88.16189
158973299.18400,1019.22740,7.09416,192.31784,-10.57622,-5.36843,88.16834
158973300.18400,1019.51587,7.08888,192.31783,-10.57622,-5.37254,88.19331
158973301.18400,1019.80485,7.08350,192.31783,-10.57622,-5.36429,88.22274
158973302.18400,1020.09384,7.07813,192.31782,-10.57622,-5.35604,88.23119
158973303.18400,1020.38282,7.07275,192.31782,-10.57622,-5.34779,88.25542
158973304.18400,1020.67180,7.06738,192.31782,-10.57622,-5.33954,88.27700
158973305.18400,1020.96078,7.06201,192.31781,-10.57622,-5.33129,88.28384
158973306.18400,1021.24976,7.05663,192.31781,-10.57622,-5.32304,88.29372
158973307.18400,1021.53874,7.05126,192.31781,-10.57622,-5.31479,88.31595
158973308.18400,1021.82772,7.04588,192.31780,-10.57622,-5.30654,88.33793
158973309.18400,1022.11670,7.04051,192.31780,-10.57622,-5.29829,88.36189
158973310.18400,1022.40568,7.03514,192.31780,-10.57622,-5.29004,88.38345
158973311.18400,1022.69466,7.02976,192.31779,-10.57622,-5.28179,88.39058
158973312.18400,1022.98365,7.02439,192.31779,-10.57622,-5.27354,88.40009
158973313.18400,1023.27263,7.01901,192.31779,-10.57622,-5.26529,88.43371
158973314.18400,1023.56161,7.01364,192.31778,-10.57622,-5.25704,88.45779
158973315.18400,1023.84970,7.00829,192.31778,-10.57622,-5.24984,88.41703
158973316.18400,1024.13481,7.00304,192.31778,-10.57622,-5.24616,88.39176
158973317.18400,1024.41992,6.99779,192.31777,-10.57622,-5.24248,88.41724
158973318.18400,1024.70503,6.99254,192.31777,-10.57622,-5.23880,88.43792
158973319.18400,1024.99014,6.98729,192.31777,-10.57622,-5.23513,88.44894
158973320.18400,1025.27526,6.98204,192.31776,-10.57622,-5.23145,88.45997
158973321.18400,1025.56037,6.97679,192.31776,-10.57622,-5.22777,88.48557
158973322.18400,1025.84548,6.97154,192.31776,-10.57622,-5.22409,88.49665
158973323.18400,1026.13059,6.96629,192.31775,-10.57622,-5.22042,88.51746
158973324.18400,1026.41570,6.96104,192.31775,-10.57622,-5.21674,88.55288
158973325.18400,1026.70081,6.95579,192.31775,-10.57622,-5.21306,88.57619
158973326.18400,1026.98592,6.95054,192.31775,-10.57622,-5.20938,88.58736
158973327.18400,1027.27103,6.94529,192.31774,-10.57622,-5.20571,88.61073
158973328.18400,1027.55614,6.94004,192.31774,-10.57622,-5.20203,88.63657
158973329.18400,1027.84125,6.93478,192.31774,-10.57622,-5.19835,88.63561
158973330.18400,1028.12693,6.92955,192.31773,-10.57622,-5.19717,88.65727
158973331.18400,1028.41448,6.92435,192.31773,-10.57622,-5.20437,88.69568
158973332.18400,1028.70203,6.91915,192.31773,-10.57622,-5.21156,88.70965
158973333.18400,1028.98958,6.91396,192.31773,-10.57622,-5.21875,88.73574
158973334.18400,1029.27713,6.90876,192.31772,-10.57622,-5.22595,88.74962
158973335.18400,1029.56468,6.90357,192.31772,-10.57622,-5.23314,88.73922
158973336.18400,1029.85223,6.89837,192.31772,-10.57622,-5.24033,88.76516
158973337.18400,1030.13978,6.89317,192.31772,-10.57622,-5.24753,88.78135
158973338.18400,1030.42733,6.88798,192.31771,-10.57622,-5.25472,88.78302
158973339.18400,1030.71488,6.88278,192.31771,-10.57622,-5.26191,88.81844
158973340.18400,1031.00243,6.87759,192.31771,-10.57622,-5.26911,88.84413
158973341.18400,1031.28998,6.87239,192.31771,-10.57622,-5.27630,88.86975
158973342.18400,1031.57753,6.86719,192.31770,-10.57622,-5.28349,88.88329
158973343.18400,1031.86508,6.86200,192.31770,-10.57622,-5.29069,88.90879
158973344.18400,1032.15263,6.85680,192.31770,-10.57622,-5.29788,88.92224
158973345.18400,1032.44060,6.85158,192.31770,-10.57622,-5.30228,88.92314
158973346.18400,1032.72997,6.84628,192.31769,-10.57622,-5.29730,88.92453
158973347.18400,1033.01934,6.84098,192.31769,-10.57622,-5.29232,88.94749
158973348.18400,1033.30871,6.83567,192.31769,-10.57622,-5.28734,88.96809
158973349.18400,1033.59807,6.83037,192.31769,-10.57622,-5.28236,88.96712
158973350.18400,1033.88744,6.82507,192.31769,-10.57622,-5.27738,89.00220
158973351.18400,1034.17681,6.81976,192.31768,-10.57622,-5.27240,89.02533
158973352.18400,1034.46618,6.81446,192.31768,-10.57622,-5.26742,89.03645
158973353.18400,1034.75555,6.80916,192.31768,-10.57622,-5.26244,89.05965
158973354.18400,1035.04491,6.80385,192.31768,-10.57622,-5.25746,89.08289
158973355.18400,1035.33428,6.79855,192.31768,-10.57622,-5.25248,89.03371
158973356.18400,1035.62365,6.79325,192.31767,-10.57622,-5.24750,89.00862
158973357.18400,1035.91302,6.78794,192.31767,-10.57622,-5.24252,89.05608
158973358.18400,1036.20239,6.78264,192.31767,-10.57622,-5.23754,89.06730
158973359.18400,1036.49175,6.77734,192.31767,-10.57622,-5.23256,89.06641
158973360.18400,1036.78049,6.77205,192.31767,-10.57622,-5.22784,89.10440
158973361.18400,1037.06711,6.76682,192.31766,-10.57622,-5.22403,89.12803
158973362.18400,1037.35374,6.76159,192.31766,-10.57622,-5.22021,89.13712
158973363.18400,1037.64036,6.75636,192.31766,-10.57622,-5.21640,89.16081
158973364.18400,1037.92698,6.75113,192.31766,-10.57622,-5.21259,89.17237
158973365.18400,1038.21360,6.74591,192.31766,-10.57622,-5.20877,89.19612
158973366.18400,1038.50022,6.74068,192.31766,-10.57622,-5.20496,89.21991
158973367.18400,1038.78684,6.73545,192.31765,-10.57622,-5.20114,89.24373
158973368.18400,1039.07347,6.73022,192.31765,-10.57622,-5.19733,89.26759
158973369.18400,1039.36009,6.72499,192.31765,-10.57622,-5.19351,89.27926
158973370.18400,1039.64671,6.71976,192.31765,-10.57622,-5.18970,89.30318
158973371.18400,1039.93333,6.71453,192.31765,-10.57622,-5.18588,89.31490
158973372.18400,1040.21995,6.70930,192.31765,-10.57622,-5.18207,89.33888
158973373.18400,1040.50657,6.70408,192.31765,-10.57622,-5.17825,89.37515
158973374.18400,1040.79320,6.69885,192.31764,-10.57622,-5.17444,89.37469
158973375.18400,1041.08027,6.69363,192.31764,-10.57622,-5.17287,89.37450
158973376.18400,1041.36888,6.68846,192.31764,-10.57622,-5.17886,89.38748
158973377.18400,1041.65749,6.68329,192.31764,-10.57622,-5.18484,89.40042
158973378.18400,1041.94609,6.67812,192.31764,-10.57622,-5.19082,89.41333
158973379.18400,1042.23470,6.67295,192.31764,-10.57622,-5.19680,89.43843
158973380.18400,1042.52330,6.66778,192.31764,-10.57622,-5.20278,89.46346
158973381.18400,1042.81191,6.66260,192.31764,-10.57622,-5.20877,89.47626
158973382.18400,1043.10052,6.65743,192.31763,-10.57622,-5.21475,89.50119
158973383.18400,1043.38912,6.65226,192.31763,-10.57622,-5.22073,89.53822
158973384.18400,1043.67773,6.64709,192.31763,-10.57622,-5.22671,89.53874
158973385.18400,1043.96634,6.64192,192.31763,-10.57622,-5.23269,89.51503
158973386.18400,1044.25494,6.63675,192.31763,-10.57622,-5.23868,89.51558
158973387.18400,1044.54355,6.63158,192.31763,-10.57622,-5.24466,89.51613
158973388.18400,1044.83216,6.62640,192.31763,-10.57622,-5.25064,89.52877
158973389.18400,1045.12076,6.62123,192.31763,-10.57622,-5.25662,89.55344
158973390.18400,1045.40959,6.61604,192.31763,-10.57622,-5.25979,89.56577
158973391.18400,1045.69917,6.61078,192.31763,-10.57622,-5.25350,89.58941
158973392.18400,1045.98875,6.60552,192.31763,-10.57622,-5.24721,89.62519
158973393.18400,1046.27833,6.60026,192.31762,-10.57622,-5.24092,89.63684
158973394.18400,1046.56792,6.59500,192.31762,-10.57622,-5.23464,89.66065
158973395.18400,1046.85750,6.58973,192.31762,-10.57622,-5.22835,89.67237
158973396.18400,1047.14708,6.58447,192.31762,-10.57622,-5.22206,89.68413
158973397.18400,1047.43666,6.57921,192.31762,-10.57622,-5.21577,89.73240
158973398.18400,1047.72624,6.57395,192.31762,-10.57622,-5.20949,89.74426
158973399.18400,1048.01582,6.56869,192.31762,-10.57622,-5.20320,89.75614
158973400.18400,1048.30540,6.56343,192.31762,-10.57622,-5.19691,89.78026
158973401.18400,1048.59498,6.55817,192.31762,-10.57622,-5.19063,89.79222
158973402.18400,1048.88456,6.55291,192.31762,-10.57622,-5.18434,89.82868
158973403.18400,1049.17414,6.54764,192.31762,-10.57622,-5.17805,89.85297
158973404.18400,1049.46373,6.54238,192.31762,-10.57622,-5.17176,89.85280
158973405.18400,1049.75318,6.53714,192.31762,-10.57622,-5.16750,89.82812
158973406.18400,1050.04218,6.53198,192.31762,-10.57622,-5.17005,89.80366
158973407.18400,1050.33119,6.52681,192.31762,-10.57622,-5.17260,89.82829
158973408.18400,1050.62020,6.52164,192.31762,-10.57622,-5.17514,89.85289
158973409.18400,1050.90921,6.51648,192.31762,-10.57622,-5.17769,89.86277
158973410.18400,1051.19821,6.51131,192.31762,-10.57622,-5.18023,89.88733
158973411.18400,1051.48722,6.50614,192.31762,-10.57622,-5.18278,89.91431
158973412.18400,1051.77623,6.50098,192.31762,-10.57622,-5.18532,89.93883
158973413.18400,1052.06524,6.49581,192.31762,-10.57622,-5.18787,89.95109
158973414.18400,1052.35424,6.49064,192.31762,-10.57622,-5.19041,89.97555
158973415.18400,1052.64325,6.48548,192.31762,-10.57622,-5.19296,90.00000
158973416.18400,1052.93226,6.48031,192.31762,-10.57622,-5.19550,89.98779
158973417.18400,1053.22127,6.47514,192.31762,-10.57622,-5.19805,89.96339
158973418.18400,1053.51027,6.46998,192.31762,-10.57622,-5.20059,89.95121
158973419.18400,1053.79928,6.46481,192.31762,-10.57622,-5.20314,89.92928
158973420.18400,1054.08815,6.45963,192.31762,-10.57622,-5.20372,89.90491
158973421.18400,1054.37652,6.45443,192.31762,-10.57622,-5.19772,89.87795
158973422.18400,1054.66490,6.44922,192.31762,-10.57622,-5.19171,89.85337
158973423.18400,1054.95328,6.44402,192.31762,-10.57622,-5.18571,89.84096
158973424.18400,1055.24166,6.43881,192.31762,-10.57622,-5.17970,89.82853
158973425.18400,1055.53004,6.43361,192.31762,-10.57622,-5.17370,89.84060
158973426.18400,1055.81842,6.42840,192.31762,-10.57622,-5.16769,89.86496
158973427.18400,1056.10680,6.42320,192.31762,-10.57622,-5.16169,89.86481
158973428.18400,1056.39518,6.41799,192.31762,-10.57622,-5.15568,89.82773
158973429.18400,1056.68356,6.41279,192.31762,-10.57622,-5.14968,89.80290
158973430.18400,1056.97194,6.40758,192.31762,-10.57622,-5.14367,89.79280
158973431.18400,1057.26031,6.40238,192.31762,-10.57622,-5.13767,89.76651
158973432.18400,1057.54869,6.39717,192.31762,-10.57622,-5.13166,89.74769
158973433.18400,1057.83707,6.39196,192.31762,-10.57622,-5.12566,89.72109
158973434.18400,1058.12545,6.38676,192.31762,-10.57622,-5.11966,89.69051
158973435.18400,1058.41450,6.38158,192.31762,-10.57622,-5.11757,89.67687
158973436.18400,1058.70581,6.37646,192.31762,-10.57622,-5.12862,89.67757
158973437.18400,1058.99711,6.37134,192.31762,-10.57622,-5.13967,89.68721
158973438.18400,1059.28842,6.36623,192.31762,-10.57622,-5.15072,89.66446
158973439.18400,1059.57972,6.36111,192.31763,-10.57622,-5.16177,89.62860
158973440.18400,1059.87103,6.35600,192.31763,-10.57622,-5.17281,89.60222
158973441.18400,1060.16233,6.35088,192.31763,-10.57622,-5.18386,89.59269
158973442.18400,1060.45364,6.34577,192.31763,-10.57622,-5.19491,89.58496
158973443.18400,1060.74494,6.34065,192.31763,-10.57622,-5.20596,89.56214
158973444.18400,1061.03624,6.33554,192.31763,-10.57622,-5.21701,89.53341
158973445.18400,1061.32755,6.33042,192.31763,-10.57622,-5.22806,89.53439
158973446.18400,1061.61885,6.32531,192.31763,-10.57622,-5.23911,89.53771
158973447.18400,1061.91016,6.32019,192.31763,-10.57622,-5.25016,89.52752
158973448.18400,1062.20146,6.31508,192.31763,-10.57622,-5.26121,89.49506
158973449.18400,1062.49277,6.30996,192.31763,-10.57622,-5.27226,89.45805
158973450.18400,1062.78457,6.30481,192.31764,-10.57621,-5.27892,89.43839
158973451.18400,1063.07806,6.29953,192.31764,-10.57621,-5.27088,89.41532
158973452.18400,1063.37155,6.29425,192.31764,-10.57621,-5.26284,89.39203
158973453.18400,1063.66504,6.28897,192.31764,-10.57621,-5.25480,89.38297
158973454.18400,1063.95852,6.28368,192.31764,-10.57621,-5.24676,89.36345
158973455.18400,1064.25201,6.27840,192.31764,-10.57621,-5.23872,89.35525
158973456.18400,1064.54550,6.27312,192.31764,-10.57621,-5.23068,89.36564
158973457.18400,1064.83899,6.26784,192.31764,-10.57621,-5.22264,89.34185
158973458.18400,1065.13248,6.26256,192.31764,-10.57621,-5.21460,89.31258
158973459.18400,1065.42596,6.25728,192.31765,-10.57621,-5.20656,89.30763
158973460.18400,1065.71945,6.25200,192.31765,-10.57621,-5.19852,89.27714
158973461.18400,1066.01294,6.24672,192.31765,-10.57621,-5.19048,89.24128
158973462.18400,1066.30643,6.24144,192.31765,-10.57621,-5.18244,89.22995
158973463.18400,1066.59991,6.23616,192.31765,-10.57621,-5.17440,89.18545
158973464.18400,1066.89340,6.23088,192.31765,-10.57621,-5.16636,89.15981
158973465.18400,1067.18656,6.22562,192.31765,-10.57621,-5.16066,89.19506
158973466.18400,1067.47859,6.22046,192.31766,-10.57621,-5.16279,89.20786
158973467.18400,1067.77062,6.21530,192.31766,-10.57621,-5.16493,89.18961
158973468.18400,1068.06266,6.21014,192.31766,-10.57621,-5.16706,89.17254
158973469.18400,1068.35469,6.20498,192.31766,-10.57620,-5.16920,89.14541
158973470.18400,1068.64672,6.19982,192.31766,-10.57620,-5.17133,89.13772
158973471.18400,1068.93876,6.19466,192.31766,-10.57620,-5.17346,89.11914
158973472.18400,1069.23079,6.18950,192.31767,-10.57620,-5.17560,89.10029
158973473.18400,1069.52282,6.18434,192.31767,-10.57620,-5.17773,89.07975
158973474.18400,1069.81486,6.17918,192.31767,-10.57620,-5.17987,89.06075
158973475.18400,1070.10689,6.17402,192.31767,-10.57620,-5.18200,89.03300
158973476.18400,1070.39893,6.16886,192.31767,-10.57620,-5.18413,89.01214
158973477.18400,1070.69096,6.16370,192.31768,-10.57620,-5.18627,89.00662
158973478.18400,1070.98299,6.15854,192.31768,-10.57620,-5.18840,88.97904
158973479.18400,1071.27503,6.15338,192.31768,-10.57620,-5.19054,88.95798
158973480.18400,1071.56690,6.14822,192.31768,-10.57620,-5.19075,88.94954
158973481.18400,1071.85824,6.14303,192.31768,-10.57620,-5.18451,88.92039
158973482.18400,1072.14958,6.13783,192.31769,-10.57620,-5.17827,88.88565
158973483.18400,1072.44091,6.13264,192.31769,-10.57620,-5.17203,88.87318
158973484.18400,1072.73225,6.12745,192.31769,-10.57619,-5.16580,88.86742
158973485.18400,1073.02359,6.12226,192.31769,-10.57619,-5.15956,88.89099
158973486.18400,1073.31493,6.11707,192.31769,-10.57619,-5.15332,88.91614
158973487.18400,1073.60627,6.11187,192.31770,-10.57619,-5.14708,88.88679
158973488.18400,1073.89760,6.10668,192.31770,-10.57619,-5.14084,88.86343
158973489.18400,1074.18894,6.10149,192.31770,-10.57619,-5.13461,88.84131
158973490.18400,1074.48028,6.09630,192.31770,-10.57619,-5.12837,88.81190
158973491.18400,1074.77162,6.09111,192.31771,-10.57619,-5.12213,88.80240
158973492.18400,1075.06296,6.08591,192.31771,-10.57619,-5.11589,88.78227
158973493.18400,1075.35429,6.08072,192.31771,-10.57619,-5.10965,88.76233
158973494.18400,1075.64563,6.07553,192.31771,-10.57619,-5.10342,88.73590
158973495.18400,1075.93721,6.07036,192.31771,-10.57619,-5.10012,88.73509
158973496.18400,1076.22959,6.06526,192.31772,-10.57619,-5.10670,88.72826
158973497.18400,1076.52196,6.06016,192.31772,-10.57619,-5.11328,88.70324
158973498.18400,1076.81434,6.05506,192.31772,-10.57619,-5.11987,88.68478
158973499.18400,1077.10672,6.04996,192.31772,-10.57618,-5.12645,88.65498
158973500.18400,1077.39910,6.04487,192.31773,-10.57618,-5.13303,88.64350
158973501.18400,1077.69147,6.03977,192.31773,-10.57618,-5.13961,88.61703
158973502.18400,1077.98385,6.03467,192.31773,-10.57618,-5.14619,88.59941
158973503.18400,1078.27623,6.02957,192.31774,-10.57618,-5.15277,88.59186
158973504.18400,1078.56861,6.02447,192.31774,-10.57618,-5.15935,88.56642
158973505.18400,1078.86098,6.01937,192.31774,-10.57618,-5.16594,88.58370
158973506.18400,1079.15336,6.01427,192.31774,-10.57618,-5.17252,88.60786
158973507.18400,1079.44574,6.00917,192.31775,-10.57618,-5.17910,88.58283
158973508.18400,1079.73811,6.00408,192.31775,-10.57618,-5.18568,88.54778
158973509.18400,1080.03049,5.99898,192.31775,-10.57618,-5.19226,88.53057
158973510.18400,1080.32296,5.99386,192.31775,-10.57617,-5.19554,88.52413
158973511.18400,1080.61572,5.98866,192.31776,-10.57617,-5.18777,88.49245
158973512.18400,1080.90848,5.98346,192.31776,-10.57617,-5.17999,88.47102
158973513.18400,1081.20125,5.97826,192.31776,-10.57617,-5.17222,88.45270
158973514.18400,1081.49401,5.97307,192.31777,-10.57617,-5.16445,88.42740
158973515.18400,1081.78677,5.96787,192.31777,-10.57617,-5.15667,88.42504
158973516.18400,1082.07953,5.96267,192.31777,-10.57617,-5.14890,88.41735
158973517.18400,1082.37230,5.95747,192.31778,-10.57617,-5.14112,88.39191
158973518.18400,1082.66506,5.95228,192.31778,-10.57617,-5.13335,88.37385
158973519.18400,1082.95782,5.94708,192.31778,-10.57616,-5.12557,88.36208
158973520.18400,1083.25058,5.94188,192.31778,-10.57616,-5.11780,88.33056
158973521.18400,1083.54335,5.93669,192.31779,-10.57616,-5.11002,88.31485
158973522.18400,1083.83611,5.93149,192.31779,-10.57616,-5.10225,88.30625
158973523.18400,1084.12887,5.92629,192.31779,-10.57616,-5.09447,88.28168
158973524.18400,1084.42163,5.92109,192.31780,-10.57616,-5.08670,88.24838
158973525.18400,1084.71448,5.91592,192.31780,-10.57616,-5.08212,88.23165
158973526.18400,1085.00761,5.91084,192.31780,-10.57616,-5.08825,88.25025
158973527.18400,1085.30073,5.90576,192.31781,-10.57616,-5.09438,88.24240
158973528.18400,1085.59386,5.90068,192.31781,-10.57615,-5.10051,88.22092
158973529.18400,1085.88699,5.89560,192.31781,-10.57615,-5.10664,88.19868
158973530.18400,1086.18011,5.89052,192.31782,-10.57615,-5.11278,88.17651
158973531.18400,1086.47324,5.88544,192.31782,-10.57615,-5.11891,88.16928
158973532.18400,1086.76636,5.88036,192.31782,-10.57615,-5.12504,88.14861
158973533.18400,1087.05949,5.87528,192.31783,-10.57615,-5.13117,88.12961
158973534.18400,1087.35262,5.87020,192.31783,-10.57615,-5.13730,88.11534
158973535.18400,1087.64574,5.86512,192.31784,-10.57615,-5.14343,88.11313
158973536.18400,1087.93887,5.86004,192.31784,-10.57615,-5.14956,88.11772
158973537.18400,1088.23199,5.85495,192.31784,-10.57614,-5.15569,88.09856
158973538.18400,1088.52512,5.84987,192.31785,-10.57614,-5.16183,88.09142
158973539.18400,1088.81825,5.84479,192.31785,-10.57614,-5.16796,88.07672
158973540.18400,1089.11233,5.83969,192.31785,-10.57614,-5.17295,88.04809
158973541.18400,1089.40962,5.83452,192.31786,-10.57614,-5.17413,88.02078
158973542.18400,1089.70692,5.82935,192.31786,-10.57614,-5.17532,87.99529
158973543.18400,1090.00421,5.82417,192.31787,-10.57614,-5.17650,87.96483
158973544.18400,1090.30150,5.81900,192.31787,-10.57614,-5.17768,87.94591
158973545.18400,1090.59880,5.81383,192.31787,-10.57613,-5.17886,87.96477
158973546.18400,1090.89609,5.80866,192.31788,-10.57613,-5.18004,87.99196
158973547.18400,1091.19339,5.80348,192.31788,-10.57613,-5.18123,87.97426
158973548.18400,1091.49068,5.79831,192.31789,-10.57613,-5.18241,87.95693
158973549.18400,1091.78797,5.79314,192.31789,-10.57613,-5.18359,87.93426
158973550.18400,1092.08527,5.78797,192.31789,-10.57613,-5.18477,87.91314
158973551.18400,1092.38256,5.78279,192.31790,-10.57613,-5.18595,87.90667
158973552.18400,1092.67986,5.77762,192.31790,-10.57613,-5.18714,87.88240
158973553.18400,1092.97715,5.77245,192.31791,-10.57612,-5.18832,87.86354
158973554.18400,1093.27444,5.76727,192.31791,-10.57612,-5.18950,87.84851
158973555.18400,1093.57124,5.76210,192.31791,-10.57612,-5.18848,87.84582
158973556.18400,1093.86634,5.75691,192.31792,-10.57612,-5.18009,87.82764
158973557.18400,1094.16145,5.75172,192.31792,-10.57612,-5.17170,87.81544
158973558.18400,1094.45656,5.74653,192.31793,-10.57612,-5.16331,87.78784
158973559.18400,1094.75167,5.74134,192.31793,-10.57612,-5.15492,87.77262
158973560.18400,1095.04678,5.73614,192.31794,-10.57611,-5.14653,87.75030
158973561.18400,1095.34188,5.73095,192.31794,-10.57611,-5.13814,87.71076
158973562.18400,1095.63699,5.72576,192.31794,-10.57611,-5.12975,87.68749
158973563.18400,1095.93210,5.72057,192.31795,-10.57611,-5.12136,87.65316
158973564.18400,1096.22721,5.71538,192.31795,-10.57611,-5.11297,87.62340
158973565.18400,1096.52232,5.71019,192.31796,-10.57611,-5.10458,87.61757
158973566.18400,1096.81742,5.70500,192.31796,-10.57611,-5.09619,87.61481
158973567.18400,1097.11253,5.69981,192.31797,-10.57610,-5.08779,87.59327
158973568.18400,1097.40764,5.69462,192.31797,-10.57610,-5.07940,87.57281
158973569.18400,1097.70275,5.68943,192.31798,-10.57610,-5.07101,87.54517
158973570.18400,1097.99743,5.68427,192.31798,-10.57610,-5.06498,87.51857
158973571.18400,1098.29066,5.67920,192.31799,-10.57610,-5.06684,87.51237
158973572.18400,1098.58390,5.67414,192.31799,-10.57610,-5.06870,87.48719
158973573.18400,1098.87713,5.66907,192.31799,-10.57609,-5.07056,87.45019
158973574.18400,1099.17037,5.66401,192.31800,-10.57609,-5.07242,87.45350
158973575.18400,1099.46360,5.65894,192.31800,-10.57609,-5.07428,87.47010
158973576.18400,1099.75684,5.65388,192.31801,-10.57609,-5.07614,87.49228
158973577.18400,1100.05007,5.64881,192.31801,-10.57609,-5.07800,87.46135
158973578.18400,1100.34331,5.64375,192.31802,-10.57609,-5.07986,87.42778
158973579.18400,1100.63654,5.63868,192.31802,-10.57609,-5.08172,87.42169
158973580.18400,1100.92978,5.63362,192.31803,-10.57608,-5.08358,87.39320
158973581.18400,1101.22301,5.62856,192.31803,-10.57608,-5.08544,87.37143
158973582.18400,1101.51625,5.62349,192.31804,-10.57608,-5.08730,87.34904
158973583.18400,1101.80949,5.61843,192.31804,-10.57608,-5.08916,87.33283
158973584.18400,1102.10272,5.61336,192.31805,-10.57608,-5.09102,87.31119
158973585.18400,1102.39589,5.60829,192.31805,-10.57607,-5.09132,87.32632
158973586.18400,1102.68883,5.60320,192.31806,-10.57607,-5.08639,87.34626
158973587.18400,1102.98177,5.59811,192.31806,-10.57607,-5.08147,87.34864
158973588.18400,1103.27471,5.59301,192.31807,-10.57607,-5.07655,87.32860
158973589.18400,1103.56766,5.58792,192.31807,-10.57607,-5.07162,87.29053
158973590.18400,1103.86060,5.58283,192.31808,-10.57607,-5.06670,87.28196
158973591.18400,1104.15354,5.57774,192.31808,-10.57606,-5.06177,87.25832
158973592.18400,1104.44648,5.57265,192.31809,-10.57606,-5.05685,87.22126
158973593.18400,1104.73942,5.56755,192.31809,-10.57606,-5.05193,87.20187
158973594.18400,1105.03237,5.56246,192.31810,-10.57606,-5.04700,87.17914
158973595.18400,1105.32531,5.55737,192.31811,-10.57606,-5.04208,87.18114
158973596.18400,1105.61825,5.55228,192.31811,-10.57606,-5.03715,87.17588
158973597.18400,1105.91119,5.54719,192.31812,-10.57605,-5.03223,87.13382
158973598.18400,1106.20413,5.54209,192.31812,-10.57605,-5.02731,87.09969
158973599.18400,1106.49708,5.53700,192.31813,-10.57605,-5.02238,87.08085
158973600.18400,1106.79047,5.53193,192.31813,-10.57605,-5.02025,87.06194
158973601.18400,1107.08540,5.52691,192.31814,-10.57605,-5.02749,87.05575
158973602.18400,1107.38033,5.52189,192.31814,-10.57604,-5.03472,87.03051
158973603.18400,1107.67526,5.51687,192.31815,-10.57604,-5.04196,87.00511
158973604.18400,1107.97018,5.51185,192.31815,-10.57604,-5.04919,86.98584
158973605.18400,1108.26511,5.50683,192.31816,-10.57604,-5.05643,86.99250
158973606.18400,1108.56004,5.50182,192.31817,-10.57604,-5.06366,87.01324
158973607.18400,1108.85497,5.49680,192.31817,-10.57603,-5.07089,86.99169
158973608.18400,1109.14989,5.49178,192.31818,-10.57603,-5.07813,86.97956
158973609.18400,1109.44482,5.48676,192.31818,-10.57603,-5.08536,86.96042
158973610.18400,1109.73975,5.48174,192.31819,-10.57603,-5.09260,86.94365
158973611.18400,1110.03468,5.47672,192.31819,-10.57603,-5.09983,86.92458
158973612.18400,1110.32960,5.47170,192.31820,-10.57602,-5.10707,86.90320
158973613.18400,1110.62453,5.46668,192.31821,-10.57602,-5.11430,86.90056
158973614.18400,1110.91946,5.46167,192.31821,-10.57602,-5.12154,86.88859
158973615.18400,1111.21435,5.45662,192.31822,-10.57602,-5.12487,86.90076
158973616.18400,1111.50913,5.45149,192.31822,-10.57602,-5.11509,86.92758
158973617.18400,1111.80391,5.44637,192.31823,-10.57601,-5.10532,86.91856
158973618.18400,1112.09869,5.44124,192.31824,-10.57601,-5.09555,86.87277
158973619.18400,1112.39347,5.43611,192.31824,-10.57601,-5.08578,86.84560
158973620.18400,1112.68825,5.43099,192.31825,-10.57601,-5.07601,86.82426
158973621.18400,1112.98303,5.42586,192.31825,-10.57601,-5.06624,86.78972
158973622.18400,1113.27781,5.42073,192.31826,-10.57600,-5.05647,86.76699
158973623.18400,1113.57259,5.41560,192.31827,-10.57600,-5.04669,86.72279
158973624.18400,1113.86736,5.41048,192.31827,-10.57600,-5.03692,86.68658
158973625.18400,1114.16214,5.40535,192.31828,-10.57600,-5.02715,86.68016
158973626.18400,1114.45692,5.40022,192.31828,-10.57599,-5.01738,86.66873
158973627.18400,1114.75170,5.39509,192.31829,-10.57599,-5.00761,86.64896
158973628.18400,1115.04648,5.38997,192.31830,-10.57599,-4.99784,86.62459
158973629.18400,1115.34126,5.38484,192.31830,-10.57599,-4.98807,86.60739
158973630.18400,1115.63624,5.37975,192.31831,-10.57599,-4.98271,86.57659
158973631.18400,1115.93189,5.37477,192.31832,-10.57598,-4.99214,86.55058
158973632.18400,1116.22754,5.36978,192.31832,-10.57598,-5.00157,86.55232
158973633.18400,1116.52320,5.36480,192.31833,-10.57598,-5.01100,86.54352
158973634.18400,1116.81885,5.35982,192.31834,-10.57598,-5.02043,86.51431
158973635.18400,1117.11450,5.35484,192.31834,-10.57597,-5.02987,86.54208
158973636.18400,1117.41015,5.34986,192.31835,-10.57597,-5.03930,86.58518
158973637.18400,1117.70580,5.34488,192.31835,-10.57597,-5.04873,86.57052
158973638.18400,1118.00145,5.33990,192.31836,-10.57597,-5.05816,86.55681
158973639.18400,1118.29711,5.33492,192.31837,-10.57597,-5.06759,86.55614
158973640.18400,1118.59276,5.32994,192.31837,-10.57596,-5.07703,86.53969
158973641.18400,1118.88841,5.32496,192.31838,-10.57596,-5.08646,86.50041
158973642.18400,1119.18406,5.31998,192.31839,-10.57596,-5.09589,86.49913
158973643.18400,1119.47971,5.31500,192.31839,-10.57596,-5.10532,86.49481
158973644.18400,1119.77536,5.31002,192.31840,-10.57595,-5.11475,86.48017
158973645.18400,1120.07206,5.30500,192.31841,-10.57595,-5.12173,86.49333
158973646.18400,1120.37225,5.29988,192.31841,-10.57595,-5.12049,86.46566
158973647.18400,1120.67244,5.29476,192.31842,-10.57595,-5.11924,86.44135
158973648.18400,1120.97264,5.28964,192.31843,-10.57595,-5.11800,86.43220
158973649.18400,1121.27283,5.28452,192.31843,-10.57594,-5.11675,86.39986
158973650.18400,1121.57302,5.27939,192.31844,-10.57594,-5.11551,86.36347
158973651.18400,1121.87321,5.27427,192.31845,-10.57594,-5.11426,86.33935
158973652.18400,1122.17341,5.26915,192.31846,-10.57594,-5.11302,86.32487
158973653.18400,1122.47360,5.26403,192.31846,-10.57593,-5.11177,86.31347
158973654.18400,1122.77379,5.25891,192.31847,-10.57593,-5.11053,86.29628
158973655.18400,1123.07398,5.25378,192.31848,-10.57593,-5.10928,86.30703
158973656.18400,1123.37417,5.24866,192.31848,-10.57593,-5.10804,86.34128
158973657.18400,1123.67437,5.24354,192.31849,-10.57592,-5.10679,86.30758
158973658.18400,1123.97456,5.23842,192.31850,-10.57592,-5.10554,86.28570
158973659.18400,1124.27475,5.23330,192.31850,-10.57592,-5.10430,86.28481
158973660.18400,1124.57481,5.22818,192.31851,-10.57592,-5.10283,86.24171
158973661.18400,1124.87443,5.22307,192.31852,-10.57591,-5.10059,86.22558
158973662.18400,1125.17404,5.21797,192.31853,-10.57591,-5.09835,86.21821
158973663.18400,1125.47365,5.21287,192.31853,-10.57591,-5.09611,86.19242
158973664.18400,1125.77327,5.20776,192.31854,-10.57591,-5.09388,86.16486
158973665.18400,1126.07288,5.20266,192.31855,-10.57590,-5.09164,86.18652
158973666.18400,1126.37250,5.19756,192.31855,-10.57590,-5.08940,86.20244
158973667.18400,1126.67211,5.19245,192.31856,-10.57590,-5.08716,86.18996
158973668.18400,1126.97173,5.18735,192.31857,-10.57590,-5.08493,86.15855
158973669.18400,1127.27134,5.18225,192.31858,-10.57589,-5.08269,86.11886
158973670.18400,1127.57095,5.17714,192.31858,-10.57589,-5.08045,86.09502
158973671.18400,1127.87057,5.17204,192.31859,-10.57589,-5.07822,86.07492
158973672.18400,1128.17018,5.16694,192.31860,-10.57589,-5.07598,86.04377
158973673.18400,1128.46980,5.16183,192.31861,-10.57588,-5.07374,86.01979
158973674.18400,1128.76941,5.15673,192.31861,-10.57588,-5.07150,86.01594
158973675.18400,1129.06818,5.15164,192.31862,-10.57588,-5.06787,86.00707
158973676.18400,1129.36410,5.14657,192.31863,-10.57588,-5.05958,86.00957
158973677.18400,1129.66003,5.14150,192.31864,-10.57587,-5.05129,85.98360
158973678.18400,1129.95595,5.13643,192.31864,-10.57587,-5.04299,85.94660
158973679.18400,1130.25188,5.13136,192.31865,-10.57587,-5.03470,85.91913
158973680.18400,1130.54780,5.12629,192.31866,-10.57586,-5.02640,85.89366
158973681.18400,1130.84372,5.12122,192.31867,-10.57586,-5.01811,85.87299
158973682.18400,1131.13965,5.11615,192.31867,-10.57586,-5.00982,85.84584
158973683.18400,1131.43557,5.11108,192.31868,-10.57586,-5.00152,85.81768
158973684.18400,1131.73150,5.10601,192.31869,-10.57585,-4.99323,85.78578
158973685.18400,1132.02742,5.10094,192.31870,-10.57585,-4.98493,85.81410
158973686.18400,1132.32335,5.09587,192.31871,-10.57585,-4.97664,85.82800
158973687.18400,1132.61927,5.09080,192.31871,-10.57585,-4.96835,85.79029
158973688.18400,1132.91520,5.08573,192.31872,-10.57584,-4.96005,85.78119
158973689.18400,1133.21112,5.08066,192.31873,-10.57584,-4.95176,85.75261
158973690.18400,1133.50647,5.07562,192.31874,-10.57584,-4.94549,85.72121
158973691.18400,1133.79989,5.07068,192.31874,-10.57584,-4.94600,85.69488
158973692.18400,1134.09332,5.06573,192.31875,-10.57583,-4.94652,85.66271
158973693.18400,1134.38674,5.06079,192.31876,-10.57583,-4.94703,85.62896
158973694.18400,1134.68017,5.05584,192.31877,-10.57583,-4.94754,85.59911
158973695.18400,1134.97359,5.05089,192.31878,-10.57582,-4.94806,85.60927
158973696.18400,1135.26702,5.04595,192.31879,-10.57582,-4.94857,85.60075
158973697.18400,1135.56044,5.04100,192.31879,-10.57582,-4.94909,85.57543
158973698.18400,1135.85386,5.03606,192.31880,-10.57582,-4.94960,85.54785
158973699.18400,1136.14729,5.03111,192.31881,-10.57581,-4.95011,85.51773
158973700.18400,1136.44071,5.02616,192.31882,-10.57581,-4.95063,85.48703
158973701.18400,1136.73414,5.02122,192.31883,-10.57581,-4.95114,85.48038
158973702.18400,1137.02756,5.01627,192.31883,-10.57580,-4.95166,85.45061
158973703.18400,1137.32099,5.01133,192.31884,-10.57580,-4.95217,85.41067
158973704.18400,1137.61441,5.00638,192.31885,-10.57580,-4.95268,85.42232
158973705.18400,1137.90827,5.00143,192.31886,-10.57579,-4.95344,85.44683
158973706.18400,1138.20359,4.99648,192.31887,-10.57579,-4.95503,85.46018
158973707.18400,1138.49891,4.99153,192.31888,-10.57579,-4.95661,85.45979
158973708.18400,1138.79423,4.98657,192.31888,-10.57578,-4.95819,85.44461
158973709.18400,1139.08955,4.98162,192.31889,-10.57578,-4.95977,85.39796
158973710.18400,1139.38486,4.97667,192.31890,-10.57578,-4.96136,85.39557
158973711.18400,1139.68018,4.97172,192.31891,-10.57577,-4.96294,85.38038
158973712.18400,1139.97550,4.96676,192.31892,-10.57577,-4.96452,85.34997
158973713.18400,1140.27082,4.96181,192.31893,-10.57577,-4.96610,85.33957
158973714.18400,1140.56614,4.95686,192.31894,-10.57577,-4.96769,85.31728
158973715.18400,1140.86146,4.95191,192.31894,-10.57576,-4.96927,85.34257
158973716.18400,1141.15678,4.94695,192.31895,-10.57576,-4.97085,85.37793
158973717.18400,1141.45210,4.94200,192.31896,-10.57576,-4.97244,85.36277
158973718.18400,1141.74742,4.93705,192.31897,-10.57575,-4.97402,85.33840
158973719.18400,1142.04274,4.93210,192.31898,-10.57575,-4.97560,85.31848
158973720.18400,1142.33847,4.92714,192.31899,-10.57575,-4.97689,85.29503
158973721.18400,1142.63559,4.92216,192.31900,-10.57574,-4.97717,85.29293
158973722.18400,1142.93272,4.91718,192.31900,-10.57574,-4.97746,85.26239
158973723.18400,1143.22984,4.91221,192.31901,-10.57574,-4.97775,85.21749
158973724.18400,1143.52697,4.90723,192.31902,-10.57573,-4.97803,85.22472
158973725.18400,1143.82409,4.90225,192.31903,-10.57573,-4.97832,85.22825
158973726.18400,1144.12121,4.89728,192.31904,-10.57573,-4.97861,85.22594
158973727.18400,1144.41834,4.89230,192.31905,-10.57572,-4.97889,85.21907
158973728.18400,1144.71546,4.88732,192.31906,-10.57572,-4.97918,85.18142
158973729.18400,1145.01259,4.88235,192.31907,-10.57572,-4.97947,85.15699
158973730.18400,1145.30971,4.87737,192.31908,-10.57572,-4.97975,85.14633
158973731.18400,1145.60683,4.87239,192.31908,-10.57571,-4.98004,85.11653
158973732.18400,1145.90396,4.86742,192.31909,-10.57571,-4.98033,85.08827
158973733.18400,1146.20108,4.86244,192.31910,-10.57571,-4.98061,85.05371
158973734.18400,1146.49821,4.85746,192.31911,-10.57570,-4.98090,85.03335
158973735.18400,1146.79523,4.85249,192.31912,-10.57570,-4.98033,85.07371
158973736.18400,1147.09190,4.84750,192.31913,-10.57570,-4.97687,85.08692
158973737.18400,1147.38857,4.84252,192.31914,-10.57569,-4.97342,85.04346
158973738.18400,1147.68524,4.83754,192.31915,-10.57569,-4.96997,85.03351
158973739.18400,1147.98191,4.83256,192.31916,-10.57569,-4.96652,85.02445
158973740.18400,1148.27858,4.82758,192.31917,-10.57568,-4.96306,84.97998
158973741.18400,1148.57526,4.82260,192.31918,-10.57568,-4.95961,84.95092
158973742.18400,1148.87193,4.81762,192.31919,-10.57568,-4.95616,84.94734
158973743.18400,1149.16860,4.81264,192.31919,-10.57567,-4.95271,84.92185
158973744.18400,1149.46527,4.80765,192.31920,-10.57567,-4.94925,84.87444
158973745.18400,1149.76194,4.80267,192.31921,-10.57567,-4.94580,84.89943
158973746.18400,1150.05861,4.79769,192.31922,-10.57566,-4.94235,84.93520
158973747.18400,1150.35529,4.79271,192.31923,-10.57566,-4.93889,84.92513
158973748.18400,1150.65196,4.78773,192.31924,-10.57566,-4.93544,84.90233
158973749.18400,1150.94863,4.78275,192.31925,-10.57565,-4.93199,84.85272
158973750.18400,1151.24523,4.77778,192.31926,-10.57565,-4.92948,84.82436
158973751.18400,1151.54161,4.77285,192.31927,-10.57565,-4.93013,84.81609
158973752.18400,1151.83799,4.76792,192.31928,-10.57564,-4.93078,84.78015
158973753.18400,1152.13436,4.76299,192.31929,-10.57564,-4.93143,84.75274
158973754.18400,1152.43074,4.75806,192.31930,-10.57564,-4.93208,84.74834
158973755.18400,1152.72712,4.75313,192.31931,-10.57563,-4.93274,84.76800
158973756.18400,1153.02349,4.74820,192.31932,-10.57563,-4.93339,84.76870
158973757.18400,1153.31987,4.74327,192.31933,-10.57563,-4.93404,84.74134
158973758.18400,1153.61625,4.73834,192.31934,-10.57562,-4.93469,84.74625
158973759.18400,1153.91263,4.73341,192.31935,-10.57562,-4.93534,84.72310
158973760.18400,1154.20900,4.72848,192.31936,-10.57561,-4.93599,84.69608
158973761.18400,1154.50538,4.72356,192.31937,-10.57561,-4.93664,84.69678
158973762.18400,1154.80176,4.71863,192.31938,-10.57561,-4.93730,84.67510
158973763.18400,1155.09813,4.71370,192.31939,-10.57560,-4.93795,84.63043
158973764.18400,1155.39451,4.70877,192.31940,-10.57560,-4.93860,84.67405
158973765.18400,1155.69135,4.70384,192.31940,-10.57560,-4.93949,85.57039
158973766.18400,1155.98972,4.69890,192.31941,-10.57559,-4.94121,86.42383
158973767.18400,1156.28809,4.69396,192.31942,-10.57559,-4.94292,86.45563
158973768.18400,1156.58646,4.68902,192.31942,-10.57559,-4.94463,86.43588
158973769.18400,1156.88483,4.68408,192.31943,-10.57558,-4.94634,86.43545
158973770.18400,1157.18321,4.67914,192.31943,-10.57558,-4.94806,86.41131
158973771.18400,1157.48158,4.67420,192.31944,-10.57558,-4.94977,86.37461
158973772.18400,1157.77995,4.66926,192.31945,-10.57557,-4.95148,86.32535
158973773.18400,1158.07832,4.66432,192.31945,-10.57557,-4.95319,86.29406
158973774.18400,1158.37669,4.65938,192.31946,-10.57556,-4.95491,86.25492
158973775.18400,1158.67507,4.65444,192.31947,-10.57556,-4.95662,86.20141
158973776.18400,1158.97344,4.64950,192.31947,-10.57556,-4.95833,86.16616
158973777.18400,1159.27181,4.64456,192.31948,-10.57555,-4.96005,86.10839
158973778.18400,1159.57018,4.63962,192.31948,-10.57555,-4.96176,86.06790
158973779.18400,1159.86855,4.63468,192.31949,-10.57555,-4.96347,86.05368
158973780.18400,1160.16737,4.62974,192.31950,-10.57554,-4.96488,86.00197
158973781.18400,1160.46767,4.62477,192.31950,-10.57554,-4.96529,85.93255
158973782.18400,1160.76797,4.61981,192.31951,-10.57553,-4.96569,85.81078
158973783.18400,1161.06827,4.61485,192.31952,-10.57553,-4.96609,85.58204
158973784.18400,1161.36857,4.60988,192.31953,-10.57553,-4.96649,85.31596
158973785.18400,1161.66888,4.60492,192.31954,-10.57552,-4.96690,85.07167
158973786.18400,1161.96918,4.59995,192.31954,-10.57552,-4.96730,84.82615
158973787.18400,1162.26948,4.59499,192.31955,-10.57551,-4.96770,84.57392
158973788.18400,1162.56978,4.59002,192.31956,-10.57551,-4.96810,84.31246
158973789.18400,1162.87008,4.58506,192.31957,-10.57550,-4.96851,84.05110
158973790.18400,1163.17038,4.58009,192.31959,-10.57550,-4.96891,83.79150
158973791.18400,1163.47068,4.57513,192.31960,-10.57550,-4.96931,83.52768
158973792.18400,1163.77099,4.57016,192.31961,-10.57549,-4.96971,83.33078
158973793.18400,1164.07129,4.56520,192.31962,-10.57549,-4.97012,83.18042
158973794.18400,1164.37159,4.56023,192.31964,-10.57548,-4.97052,83.00273
158973795.18400,1164.67210,4.55527,192.31965,-10.57548,-4.97070,82.83236
158973796.18400,1164.97334,4.55030,192.31966,-10.57547,-4.97012,82.67600
158973797.18400,1165.27458,4.54533,192.31968,-10.57547,-4.96955,82.51880
158973798.18400,1165.57582,4.54036,192.31969,-10.57546,-4.96897,82.34090
158973799.18400,1165.87706,4.53539,192.31970,-10.57546,-4.96840,82.17481
158973800.18400,1166.17830,4.53041,192.31972,-10.57546,-4.96782,82.01623
158973801.18400,1166.47954,4.52544,192.31973,-10.57545,-4.96725,81.75866
158973802.18400,1166.78078,4.52047,192.31975,-10.57545,-4.96667,81.21842
158973803.18400,1167.08202,4.51550,192.31977,-10.57544,-4.96610,80.42972
158973804.18400,1167.38326,4.51053,192.31979,-10.57544,-4.96552,79.94854
158973805.18400,1167.68450,4.50556,192.31981,-10.57543,-4.96494,80.02451
158973806.18400,1167.98574,4.50059,192.31982,-10.57543,-4.96437,80.34824
158973807.18400,1168.28698,4.49562,192.31984,-10.57542,-4.96379,80.55238
158973808.18400,1168.58822,4.49065,192.31986,-10.57541,-4.96322,80.54200
158973809.18400,1168.88946,4.48568,192.31988,-10.57541,-4.96264,80.49403
158973810.18400,1169.19039,4.48071,192.31990,-10.57540,-4.96116,80.40680
158973811.18400,1169.49027,4.47575,192.31991,-10.57540,-4.95662,80.31401
158973812.18400,1169.79015,4.47079,192.31993,-10.57539,-4.95209,80.22660
158973813.18400,1170.09003,4.46582,192.31995,-10.57539,-4.94755,80.12001
158973814.18400,1170.38992,4.46086,192.31997,-10.57538,-4.94302,80.05796
158973815.18400,1170.68980,4.45590,192.31999,-10.57538,-4.93849,79.97643
158973816.18400,1170.98968,4.45094,192.32001,-10.57537,-4.93395,79.89101
158973817.18400,1171.28956,4.44598,192.32003,-10.57537,-4.92942,79.80472
158973818.18400,1171.58945,4.44101,192.32005,-10.57536,-4.92488,79.70702
158973819.18400,1171.88933,4.43605,192.32007,-10.57535,-4.92035,79.51501
158973820.18400,1172.18921,4.43109,192.32009,-10.57535,-4.91581,79.15373
158973821.18400,1172.48909,4.42613,192.32011,-10.57534,-4.91128,78.69329
158973822.18400,1172.78898,4.42117,192.32013,-10.57534,-4.90674,78.25074
158973823.18400,1173.08886,4.41620,192.32015,-10.57533,-4.90221,77.80717
158973824.18400,1173.38874,4.41124,192.32018,-10.57533,-4.89767,77.36177
158973825.18400,1173.68869,4.40630,192.32020,-10.57532,-4.89488,77.60443
158973826.18400,1173.98885,4.40140,192.32022,-10.57532,-4.89794,78.92268
158973827.18400,1174.28900,4.39651,192.32024,-10.57531,-4.90100,80.66688
158973828.18400,1174.58916,4.39161,192.32026,-10.57530,-4.90406,81.80732
158973829.18400,1174.88932,4.38672,192.32027,-10.57530,-4.90711,81.94574
158973830.18400,1175.18948,4.38182,192.32029,-10.57529,-4.91017,81.68810
158973831.18400,1175.48964,4.37693,192.32030,-10.57529,-4.91323,81.40944
158973832.18400,1175.78980,4.37203,192.32032,-10.57528,-4.91629,81.11037
158973833.18400,1176.08996,4.36714,192.32034,-10.57528,-4.91935,80.81954
158973834.18400,1176.39011,4.36224,192.32035,-10.57527,-4.92240,80.43403
158973835.18400,1176.69027,4.35735,192.32037,-10.57527,-4.92546,79.85756
158973836.18400,1176.99043,4.35245,192.32039,-10.57526,-4.92852,79.17963
158973837.18400,1177.29059,4.34756,192.32041,-10.57525,-4.93158,78.67792
158973838.18400,1177.59075,4.34267,192.32043,-10.57525,-4.93464,78.48468
158973839.18400,1177.89091,4.33777,192.32046,-10.57524,-4.93769,78.42001
158973840.18400,1178.19211,4.33287,192.32048,-10.57524,-4.94115,78.33484
158973841.18400,1178.49682,4.32793,192.32050,-10.57523,-4.94592,78.27254
158973842.18400,1178.80153,4.32299,192.32052,-10.57523,-4.95070,78.21857
158973843.18400,1179.10625,4.31805,192.32055,-10.57522,-4.95547,78.54620
158973844.18400,1179.41096,4.31311,192.32057,-10.57522,-4.96025,79.53754
158973845.18400,1179.71567,4.30817,192.32059,-10.57521,-4.96502,80.75311
158973846.18400,1180.02038,4.30323,192.32060,-10.57520,-4.96979,81.25462
158973847.18400,1180.32509,4.29829,192.32062,-10.57520,-4.97457,80.55492
158973848.18400,1180.62980,4.29335,192.32064,-10.57519,-4.97934,79.39697
158973849.18400,1180.93451,4.28841,192.32066,-10.57519,-4.98412,78.60214
158973850.18400,1181.23922,4.28347,192.32068,-10.57518,-4.98889,78.40949
158973851.18400,1181.54393,4.27853,192.32070,-10.57518,-4.99367,78.50912
158973852.18400,1181.84864,4.27359,192.32073,-10.57517,-4.99844,78.59613
158973853.18400,1182.15336,4.26865,192.32075,-10.57517,-5.00322,78.65465
158973854.18400,1182.45807,4.26371,192.32077,-10.57516,-5.00799,78.75204
158973855.18400,1182.76255,4.25875,192.32079,-10.57516,-5.00960,78.83126
158973856.18400,1183.06627,4.25374,192.32081,-10.57515,-5.00060,78.86734
158973857.18400,1183.37000,4.24873,192.32084,-10.57515,-4.99160,78.94932
158973858.18400,1183.67372,4.24371,192.32086,-10.57514,-4.98260,79.00011
158973859.18400,1183.97745,4.23870,192.32088,-10.57514,-4.97359,79.03857
158973860.18400,1184.28117,4.23369,192.32090,-10.57513,-4.96459,79.09630
158973861.18400,1184.58490,4.22868,192.32092,-10.57513,-4.95559,79.17462
158973862.18400,1184.88862,4.22367,192.32094,-10.57512,-4.94659,79.23586
158973863.18400,1185.19235,4.21866,192.32096,-10.57512,-4.93759,79.27266
158973864.18400,1185.49607,4.21365,192.32098,-10.57511,-4.92858,79.33192
158973865.18400,1185.79979,4.20864,192.32100,-10.57511,-4.91958,79.40713
158973866.18400,1186.10352,4.20362,192.32102,-10.57510,-4.91058,79.46081
158973867.18400,1186.40724,4.19861,192.32104,-10.57510,-4.90158,79.49347
158973868.18400,1186.71097,4.19360,192.32106,-10.57509,-4.89258,79.54811
158973869.18400,1187.01469,4.18859,192.32108,-10.57509,-4.88357,79.62116
158973870.18400,1187.31867,4.18361,192.32110,-10.57508,-4.87875,79.68361
158973871.18400,1187.62348,4.17873,192.32112,-10.57508,-4.88796,79.75677
158973872.18400,1187.92829,4.17386,192.32114,-10.57507,-4.89716,79.84847
158973873.18400,1188.23311,4.16898,192.32116,-10.57507,-4.90637,79.96438
158973874.18400,1188.53792,4.16410,192.32118,-10.57506,-4.91557,80.05541
158973875.18400,1188.84273,4.15923,192.32120,-10.57506,-4.92477,80.11918
158973876.18400,1189.14755,4.15435,192.32121,-10.57505,-4.93398,80.21852
158973877.18400,1189.45236,4.14947,192.32123,-10.57505,-4.94318,80.31579
158973878.18400,1189.75717,4.14460,192.32125,-10.57504,-4.95239,80.41209
158973879.18400,1190.06199,4.13972,192.32127,-10.57504,-4.96159,80.52603
158973880.18400,1190.36680,4.13484,192.32129,-10.57503,-4.97079,80.62171
158973881.18400,1190.67161,4.12997,192.32131,-10.57503,-4.98000,80.69790
158973882.18400,1190.97643,4.12509,192.32132,-10.57502,-4.98920,80.78548
158973883.18400,1191.28124,4.12021,192.32134,-10.57502,-4.99841,80.88029
158973884.18400,1191.58605,4.11534,192.32136,-10.57501,-5.00761,80.97988
158973885.18400,1191.89154,4.11043,192.32138,-10.57501,-5.01356,81.08748
158973886.18400,1192.19928,4.10541,192.32139,-10.57501,-5.00859,81.15988
158973887.18400,1192.50702,4.10040,192.32141,-10.57500,-5.00363,81.21651
158973888.18400,1192.81475,4.09538,192.32143,-10.57500,-4.99866,81.29056
158973889.18400,1193.12249,4.09037,192.32144,-10.57499,-4.99369,81.36646
158973890.18400,1193.43023,4.08535,192.32146,-10.57499,-4.98873,81.43762
158973891.18400,1193.73797,4.08034,192.32148,-10.57499,-4.98376,81.49925
158973892.18400,1194.04571,4.07533,192.32149,-10.57498,-4.97879,81.56098
158973893.18400,1194.35345,4.07031,192.32151,-10.57498,-4.97383,81.64700
158973894.18400,1194.66119,4.06530,192.32152,-10.57497,-4.96886,81.69265
158973895.18400,1194.96893,4.06028,192.32154,-10.57497,-4.96389,81.75955
158973896.18400,1195.27667,4.05527,192.32156,-10.57497,-4.95893,81.84288
158973897.18400,1195.58441,4.05025,192.32157,-10.57496,-4.95396,81.88576
158973898.18400,1195.89214,4.04524,192.32159,-10.57496,-4.94899,81.94813
158973899.18400,1196.19988,4.04022,192.32160,-10.57495,-4.94403,82.01302
158973900.18400,1196.50647,4.03523,192.32162,-10.57495,-4.93840,82.07939
158973901.18400,1196.80920,4.03028,192.32163,-10.57495,-4.93054,82.14737
158973902.18400,1197.11192,4.02534,192.32165,-10.57494,-4.92269,82.21315
158973903.18400,1197.41465,4.02040,192.32166,-10.57494,-4.91484,82.27352
158973904.18400,1197.71738,4.01546,192.32168,-10.57493,-4.90699,82.35004
158973905.18400,1198.02010,4.01052,192.32169,-10.57493,-4.89913,82.41584
158973906.18400,1198.32283,4.00558,192.32170,-10.57493,-4.89128,82.47324
158973907.18400,1198.62556,4.00064,192.32172,-10.57492,-4.88343,82.53507
158973908.18400,1198.92828,3.99570,192.32173,-10.57492,-4.87557,82.59531
158973909.18400,1199.23101,3.99076,192.32175,-10.57491,-4.86772,82.66452
158973910.18400,1199.53374,3.98582,192.32176,-10.57491,-4.85987,82.72940
158973911.18400,1199.83646,3.98088,192.32177,-10.57491,-4.85202,82.78702
158973912.18400,1200.13919,3.97594,192.32179,-10.57490,-4.84416,82.75601
158973913.18400,1200.44192,3.97100,192.32180,-10.57490,-4.83631,82.57168
158973914.18400,1200.74464,3.96606,192.32181,-10.57490,-4.82846,82.33690
158973915.18400,1201.04741,3.96114,192.32183,-10.57489,-4.82384,82.09084
158973916.18400,1201.35029,3.95632,192.32184,-10.57489,-4.83007,81.83117
158973917.18400,1201.65317,3.95150,192.32186,-10.57489,-4.83629,81.59449
158973918.18400,1201.95605,3.94668,192.32187,-10.57488,-4.84252,81.49387
158973919.18400,1202.25894,3.94185,192.32189,-10.57488,-4.84874,81.62013
158973920.18400,1202.56182,3.93703,192.32191,-10.57488,-4.85497,81.83310
158973921.18400,1202.86470,3.93221,192.32192,-10.57487,-4.86120,82.01303
158973922.18400,1203.16758,3.92739,192.32194,-10.57487,-4.86742,82.20186
158973923.18400,1203.47046,3.92257,192.32195,-10.57487,-4.87365,82.41104
158973924.18400,1203.77335,3.91774,192.32197,-10.57486,-4.87987,82.42577
158973925.18400,1204.07623,3.91292,192.32198,-10.57486,-4.88610,82.13211
158973926.18400,1204.37911,3.90810,192.32199,-10.57486,-4.89233,81.75771
158973927.18400,1204.68199,3.90328,192.32201,-10.57485,-4.89855,81.67950
158973928.18400,1204.98487,3.89846,192.32203,-10.57485,-4.90478,82.04857
158973929.18400,1205.28776,3.89363,192.32204,-10.57485,-4.91100,82.60704
158973930.18400,1205.59149,3.88879,192.32205,-10.57484,-4.91577,83.12313
158973931.18400,1205.89810,3.88387,192.32207,-10.57484,-4.91561,83.58612
158973932.18400,1206.20471,3.87896,192.32208,-10.57484,-4.91546,84.03520
158973933.18400,1206.51132,3.87404,192.32209,-10.57483,-4.91531,84.59743
158973934.18400,1206.81793,3.86913,192.32210,-10.57483,-4.91516,85.36579
158973935.18400,1207.12454,3.86421,192.32211,-10.57483,-4.91501,86.18873
158973936.18400,1207.43115,3.85929,192.32211,-10.57482,-4.91486,86.78936
158973937.18400,1207.73776,3.85438,192.32212,-10.57482,-4.91471,87.09906
158973938.18400,1208.04437,3.84946,192.32212,-10.57482,-4.91456,87.29649
158973939.18400,1208.35098,3.84455,192.32212,-10.57481,-4.91441,87.46875
158973940.18400,1208.65759,3.83963,192.32213,-10.57481,-4.91426,87.64726
158973941.18400,1208.96420,3.83471,192.32213,-10.57481,-4.91411,87.81170
158973942.18400,1209.27081,3.82980,192.32213,-10.57480,-4.91396,87.80277
158973943.18400,1209.57741,3.82488,192.32214,-10.57480,-4.91381,87.58100
158973944.18400,1209.88402,3.81997,192.32214,-10.57480,-4.91366,87.19796
158973945.18400,1210.19063,3.81505,192.32214,-10.57479,-4.91311,86.83193
158973946.18400,1210.49721,3.81014,192.32215,-10.57479,-4.91124,86.63780
158973947.18400,1210.80378,3.80522,192.32216,-10.57479,-4.90936,86.47458
158973948.18400,1211.11036,3.80031,192.32216,-10.57478,-4.90749,86.30645
158973949.18400,1211.41694,3.79540,192.32217,-10.57478,-4.90562,86.23346
158973950.18400,1211.72352,3.79048,192.32217,-10.57478,-4.90374,86.17434
158973951.18400,1212.03010,3.78557,192.32218,-10.57477,-4.90187,86.07383
158973952.18400,1212.33668,3.78066,192.32219,-10.57477,-4.90000,86.00081
158973953.18400,1212.64326,3.77574,192.32219,-10.57477,-4.89812,85.93096
158973954.18400,1212.94984,3.77083,192.32220,-10.57476,-4.89625,85.85962
158973955.18400,1213.25642,3.76592,192.32221,-10.57476,-4.89438,85.79653
158973956.18400,1213.56300,3.76100,192.32222,-10.57476,-4.89250,85.71714
158973957.18400,1213.86958,3.75609,192.32222,-10.57475,-4.89063,85.64385
158973958.18400,1214.17616,3.75118,192.32223,-10.57475,-4.88876,85.55805
158973959.18400,1214.48274,3.74626,192.32224,-10.57475,-4.88688,85.47832
158973960.18400,1214.78942,3.74136,192.32225,-10.57474,-4.88564,85.60168
158973961.18400,1215.09647,3.73647,192.32226,-10.57474,-4.88651,86.00378
158973962.18400,1215.40352,3.73159,192.32226,-10.57474,-4.88738,86.50150
158973963.18400,1215.71056,3.72670,192.32227,-10.57473,-4.88825,86.97967
158973964.18400,1216.01761,3.72182,192.32227,-10.57473,-4.88912,87.40405
158973965.18400,1216.32465,3.71693,192.32227,-10.57472,-4.88999,87.75479
158973966.18400,1216.63170,3.71205,192.32228,-10.57472,-4.89086,87.65024
158973967.18400,1216.93875,3.70716,192.32228,-10.57472,-4.89173,86.55981
158973968.18400,1217.24579,3.70228,192.32229,-10.57471,-4.89259,84.80772
158973969.18400,1217.55284,3.69739,192.32230,-10.57471,-4.89346,83.75364
158973970.18400,1217.85988,3.69250,192.32231,-10.57471,-4.89433,83.91823
158973971.18400,1218.16693,3.68762,192.32232,-10.57470,-4.89520,84.55069
158973972.18400,1218.47398,3.68273,192.32233,-10.57470,-4.89607,85.04680
158973973.18400,1218.78102,3.67785,192.32234,-10.57470,-4.89694,85.28004
158973974.18400,1219.08807,3.67296,192.32235,-10.57469,-4.89781,85.37516
158973975.18400,1219.39482,3.66807,192.32236,-10.57469,-4.89721,85.31335
158973976.18400,1219.70056,3.66318,192.32236,-10.57469,-4.89166,84.98040
158973977.18400,1220.00631,3.65828,192.32237,-10.57468,-4.88612,84.46728
158973978.18400,1220.31206,3.65338,192.32238,-10.57468,-4.88058,83.85077
158973979.18400,1220.61781,3.64848,192.32240,-10.57468,-4.87504,83.00688
158973980.18400,1220.92356,3.64358,192.32241,-10.57467,-4.86949,82.08135
158973981.18400,1221.22931,3.63868,192.32243,-10.57467,-4.86395,81.58572
158973982.18400,1221.53506,3.63378,192.32244,-10.57466,-4.85841,81.70209
158973983.18400,1221.84081,3.62889,192.32246,-10.57466,-4.85287,82.08171
158973984.18400,1222.14656,3.62399,192.32247,-10.57466,-4.84732,82.48813
158973985.18400,1222.45231,3.61909,192.32248,-10.57465,-4.84178,82.87132
158973986.18400,1222.75805,3.61419,192.32250,-10.57465,-4.83624,83.28078
158973987.18400,1223.06380,3.60929,192.32251,-10.57465,-4.83069,83.53104
158973988.18400,1223.36955,3.60439,192.32252,-10.57464,-4.82515,83.50435
158973989.18400,1223.67530,3.59949,192.32253,-10.57464,-4.81961,83.39348
158973990.18400,1223.98078,3.59461,192.32254,-10.57463,-4.81560,83.31425
158973991.18400,1224.28535,3.58980,192.32256,-10.57463,-4.81675,83.23870
158973992.18400,1224.58993,3.58498,192.32257,-10.57463,-4.81790,83.11712
158973993.18400,1224.89450,3.58017,192.32258,-10.57462,-4.81905,83.04725
158973994.18400,1225.19908,3.57535,192.32259,-10.57462,-4.82020,82.97489
158973995.18400,1225.50365,3.57054,192.32261,-10.57461,-4.82134,82.90003
158973996.18400,1225.80822,3.56572,192.32262,-10.57461,-4.82249,82.80369
158973997.18400,1226.11280,3.56091,192.32263,-10.57461,-4.82364,82.70899
158973998.18400,1226.41737,3.55609,192.32265,-10.57460,-4.82479,82.63577
158973999.18400,1226.72194,3.55128,192.32266,-10.57460,-4.82594,82.53855
158974000.18400,1227.02652,3.54646,192.32267,-10.57459,-4.82708,82.46607
158974001.18400,1227.33109,3.54165,192.32269,-10.57459,-4.82823,82.38374
158974002.18400,1227.63566,3.53683,192.32270,-10.57459,-4.82938,82.27923
158974003.18400,1227.94024,3.53201,192.32272,-10.57458,-4.83053,82.17803
158974004.18400,1228.24481,3.52720,192.32273,-10.57458,-4.83168,82.07371
158974005.18400,1228.55001,3.52238,192.32275,-10.57457,-4.83317,81.99402
158974006.18400,1228.85732,3.51755,192.32276,-10.57457,-4.83585,81.91708
158974007.18400,1229.16462,3.51271,192.32278,-10.57456,-4.83852,81.82294
158974008.18400,1229.47193,3.50788,192.32279,-10.57456,-4.84120,81.67237
158974009.18400,1229.77923,3.50305,192.32281,-10.57456,-4.84387,81.44573
158974010.18400,1230.08654,3.49822,192.32282,-10.57455,-4.84655,81.17514
158974011.18400,1230.39385,3.49338,192.32284,-10.57455,-4.84922,81.24989
158974012.18400,1230.70115,3.48855,192.32286,-10.57454,-4.85190,81.98487
158974013.18400,1231.00846,3.48372,192.32287,-10.57454,-4.85457,82.97596
158974014.18400,1231.31576,3.47889,192.32288,-10.57453,-4.85725,83.49327
158974015.18400,1231.62307,3.47405,192.32289,-10.57453,-4.85992,83.31762
158974016.18400,1231.93037,3.46922,192.32290,-10.57452,-4.86260,82.88989
158974017.18400,1232.23768,3.46439,192.32292,-10.57452,-4.86527,82.45201
158974018.18400,1232.54498,3.45956,192.32293,-10.57451,-4.86795,81.99059
158974019.18400,1232.85229,3.45472,192.32295,-10.57451,-4.87062,81.54972
158974020.18400,1233.16027,3.44988,192.32296,-10.57450,-4.87302,81.10670
158974021.18400,1233.47051,3.44501,192.32298,-10.57450,-4.87452,80.64269
158974022.18400,1233.78075,3.44014,192.32300,-10.57449,-4.87601,80.20324
158974023.18400,1234.09099,3.43526,192.32302,-10.57449,-4.87751,79.83301
158974024.18400,1234.40123,3.43039,192.32304,-10.57448,-4.87900,79.63509
158974025.18400,1234.71147,3.42552,192.32306,-10.57448,-4.88049,79.54285
158974026.18400,1235.02171,3.42064,192.32308,-10.57447,-4.88199,79.39391
158974027.18400,1235.33195,3.41577,192.32310,-10.57447,-4.88348,79.24275
158974028.18400,1235.64219,3.41090,192.32312,-10.57446,-4.88498,79.14332
158974029.18400,1235.95243,3.40603,192.32314,-10.57446,-4.88647,79.01518
158974030.18400,1236.26267,3.40115,192.32316,-10.57445,-4.88796,78.87282
158974031.18400,1236.57291,3.39628,192.32318,-10.57445,-4.88946,78.73121
158974032.18400,1236.88316,3.39141,192.32320,-10.57444,-4.89095,78.59895
158974033.18400,1237.19340,3.38654,192.32322,-10.57444,-4.89245,78.50029
158974034.18400,1237.50364,3.38166,192.32324,-10.57443,-4.89394,78.36163
158974035.18400,1237.81441,3.37679,192.32327,-10.57443,-4.89540,78.21383
158974036.18400,1238.12695,3.37189,192.32329,-10.57442,-4.89675,78.10850
158974037.18400,1238.43950,3.36699,192.32331,-10.57441,-4.89810,77.96766
158974038.18400,1238.75204,3.36210,192.32333,-10.57441,-4.89945,77.82148
158974039.18400,1239.06459,3.35720,192.32336,-10.57440,-4.90080,77.72281
158974040.18400,1239.37713,3.35231,192.32338,-10.57440,-4.90215,77.59974
158974041.18400,1239.68968,3.34741,192.32341,-10.57439,-4.90350,77.45357
158974042.18400,1240.00222,3.34252,192.32343,-10.57439,-4.90485,77.31421
158974043.18400,1240.31477,3.33762,192.32345,-10.57438,-4.90620,77.18636
158974044.18400,1240.62731,3.33273,192.32348,-10.57437,-4.90755,77.08790
158974045.18400,1240.93986,3.32783,192.32350,-10.57437,-4.90890,76.94852
158974046.18400,1241.25240,3.32294,192.32353,-10.57436,-4.91025,76.80639
158974047.18400,1241.56495,3.31804,192.32355,-10.57436,-4.91160,76.70901
158974048.18400,1241.87749,3.31315,192.32358,-10.57435,-4.91295,76.56138
158974049.18400,1242.19004,3.30825,192.32361,-10.57434,-4.91430,76.44063
158974050.18400,1242.50217,3.30335,192.32363,-10.57434,-4.91372,76.32128
158974051.18400,1242.81292,3.29844,192.32366,-10.57433,-4.90666,76.15681
158974052.18400,1243.12367,3.29352,192.32368,-10.57432,-4.89961,76.00706
158974053.18400,1243.43442,3.28860,192.32371,-10.57432,-4.89255,75.86164
158974054.18400,1243.74517,3.28369,192.32374,-10.57431,-4.88550,75.72353
158974055.18400,1244.05593,3.27877,192.32377,-10.57431,-4.87844,75.55753
158974056.18400,1244.36668,3.27386,192.32379,-10.57430,-4.87138,75.41376
158974057.18400,1244.67743,3.26894,192.32382,-10.57429,-4.86433,75.26682
158974058.18400,1244.98818,3.26403,192.32385,-10.57429,-4.85727,75.10011
158974059.18400,1245.29893,3.25911,192.32388,-10.57428,-4.85022,74.95508
158974060.18400,1245.60968,3.25420,192.32391,-10.57427,-4.84316,74.81040
158974061.18400,1245.92043,3.24928,192.32394,-10.57427,-4.83610,74.67058
158974062.18400,1246.23119,3.24437,192.32397,-10.57426,-4.82905,74.50058
158974063.18400,1246.54194,3.23945,192.32400,-10.57425,-4.82199,74.35521
158974064.18400,1246.85269,3.23454,192.32403,-10.57425,-4.81494,74.20669
158974065.18400,1247.16297,3.22965,192.32406,-10.57424,-4.80970,74.04414
158974066.18400,1247.47169,3.22484,192.32409,-10.57423,-4.81058,73.92337
158974067.18400,1247.78041,3.22003,192.32412,-10.57423,-4.81146,73.80222
158974068.18400,1248.08913,3.21522,192.32415,-10.57422,-4.81234,73.68308
158974069.18400,1248.39785,3.21041,192.32418,-10.57421,-4.81322,73.56051
158974070.18400,1248.70657,3.20560,192.32421,-10.57420,-4.81410,73.42188
158974071.18400,1249.01529,3.20079,192.32424,-10.57420,-4.81498,73.30643
158974072.18400,1249.32401,3.19598,192.32427,-10.57419,-4.81586,73.19167
158974073.18400,1249.63273,3.19117,192.32431,-10.57418,-4.81674,73.05589
158974074.18400,1249.94145,3.18636,192.32434,-10.57418,-4.81762,72.93431
158974075.18400,1250.25017,3.18155,192.32437,-10.57417,-4.81850,72.82003
158974076.18400,1250.55889,3.17674,192.32440,-10.57416,-4.81938,72.71344
158974077.18400,1250.86760,3.17193,192.32444,-10.57415,-4.82026,72.57367
158974078.18400,1251.17632,3.16712,192.32447,-10.57415,-4.82114,72.45929
158974079.18400,1251.48504,3.16231,192.32450,-10.57414,-4.82202,72.34790
158974080.18400,1251.79319,3.15750,192.32454,-10.57413,-4.82085,72.19941
158974081.18400,1252.09941,3.15268,192.32457,-10.57413,-4.81280,72.04989
158974082.18400,1252.40564,3.14786,192.32461,-10.57412,-4.80475,71.90463
158974083.18400,1252.71186,3.14303,192.32464,-10.57411,-4.79670,71.75278
158974084.18400,1253.01809,3.13821,192.32468,-10.57410,-4.78865,71.60252
158974085.18400,1253.32431,3.13339,192.32471,-10.57410,-4.78060,71.43054
158974086.18400,1253.63053,3.12857,192.32475,-10.57409,-4.77255,71.28527
158974087.18400,1253.93676,3.12374,192.32478,-10.57408,-4.76450,71.14363
158974088.18400,1254.24298,3.11892,192.32482,-10.57407,-4.75645,70.96909
158974089.18400,1254.54921,3.11410,192.32486,-10.57407,-4.74840,70.82298
158974090.18400,1254.85543,3.10928,192.32489,-10.57406,-4.74035,70.68044
158974091.18400,1255.16165,3.10445,192.32493,-10.57405,-4.73230,70.50566
158974092.18400,1255.46788,3.09963,192.32497,-10.57405,-4.72425,70.35826
158974093.18400,1255.77410,3.09481,192.32501,-10.57404,-4.71620,70.21061
158974094.18400,1256.08033,3.08998,192.32504,-10.57403,-4.70815,70.06269
158974095.18400,1256.38682,3.08519,192.32508,-10.57402,-4.70387,69.93350
158974096.18400,1256.69420,3.08049,192.32512,-10.57402,-4.71223,69.82205
158974097.18400,1257.00158,3.07579,192.32516,-10.57401,-4.72059,69.71848
158974098.18400,1257.30896,3.07108,192.32520,-10.57400,-4.72896,69.63979
158974099.18400,1257.61634,3.06638,192.32524,-10.57399,-4.73732,69.57368
158974100.18400,1257.92372,3.06168,192.32528,-10.57399,-4.74568,69.46947
158974101.18400,1258.23110,3.05698,192.32532,-10.57398,-4.75404,69.39129
158974102.18400,1258.53848,3.05228,192.32536,-10.57397,-4.76240,69.30559
158974103.18400,1258.84586,3.04757,192.32540,-10.57396,-4.77077,69.20223
158974104.18400,1259.15324,3.04287,192.32544,-10.57396,-4.77913,69.12393
158974105.18400,1259.46062,3.03817,192.32548,-10.57395,-4.78749,69.04370
158974106.18400,1259.76800,3.03347,192.32552,-10.57394,-4.79585,68.94493
158974107.18400,1260.07538,3.02877,192.32556,-10.57394,-4.80421,68.83869
158974108.18400,1260.38276,3.02406,192.32560,-10.57393,-4.81258,68.76002
158974109.18400,1260.69014,3.01936,192.32564,-10.57392,-4.82094,68.66247
158974110.18400,1260.99882,3.01463,192.32568,-10.57391,-4.82765,68.55280
158974111.18400,1261.31181,3.00980,192.32573,-10.57391,-4.82884,68.40367
158974112.18400,1261.62481,3.00498,192.32577,-10.57390,-4.83003,68.27810
158974113.18400,1261.93780,3.00015,192.32581,-10.57389,-4.83121,68.15309
158974114.18400,1262.25080,2.99532,192.32586,-10.57388,-4.83240,68.00862
158974115.18400,1262.56380,2.99049,192.32590,-10.57388,-4.83359,67.88363
158974116.18400,1262.87679,2.98567,192.32594,-10.57387,-4.83478,67.99003
158974117.18400,1263.18979,2.98084,192.32599,-10.57386,-4.83596,68.45606
158974118.18400,1263.50279,2.97601,192.32603,-10.57386,-4.83715,69.04153
158974119.18400,1263.81578,2.97119,192.32607,-10.57385,-4.83834,69.27112
158974120.18400,1264.12878,2.96636,192.32611,-10.57384,-4.83953,68.96594
158974121.18400,1264.44177,2.96153,192.32615,-10.57384,-4.84071,68.41403
158974122.18400,1264.75477,2.95670,192.32620,-10.57383,-4.84190,67.86459
158974123.18400,1265.06777,2.95188,192.32624,-10.57382,-4.84309,67.32052
158974124.18400,1265.38076,2.94705,192.32629,-10.57382,-4.84428,66.78263
158974125.18400,1265.69443,2.94222,192.32633,-10.57381,-4.84584,66.24827
158974126.18400,1266.01036,2.93737,192.32638,-10.57380,-4.84865,65.72667
158974127.18400,1266.32628,2.93253,192.32643,-10.57380,-4.85146,65.20930
158974128.18400,1266.64220,2.92768,192.32648,-10.57379,-4.85428,64.83334
158974129.18400,1266.95813,2.92284,192.32653,-10.57378,-4.85709,64.77953
158974130.18400,1267.27405,2.91799,192.32658,-10.57378,-4.85991,64.79558
158974131.18400,1267.58997,2.91315,192.32664,-10.57377,-4.86272,64.83010
158974132.18400,1267.90590,2.90830,192.32669,-10.57376,-4.86553,64.90461
158974133.18400,1268.22182,2.90345,192.32674,-10.57376,-4.86835,64.98335
158974134.18400,1268.53774,2.89861,192.32679,-10.57375,-4.87116,65.04559
158974135.18400,1268.85367,2.89376,192.32684,-10.57375,-4.87398,65.10313
158974136.18400,1269.16959,2.88892,192.32689,-10.57374,-4.87679,65.20169
158974137.18400,1269.48551,2.88407,192.32694,-10.57373,-4.87960,65.46222
158974138.18400,1269.80144,2.87923,192.32699,-10.57373,-4.88242,66.00658
158974139.18400,1270.11736,2.87438,192.32704,-10.57372,-4.88523,66.69215
158974140.18400,1270.43297,2.86953,192.32709,-10.57372,-4.88566,67.18708
158974141.18400,1270.74752,2.86464,192.32713,-10.57371,-4.87806,67.36604
158974142.18400,1271.06207,2.85975,192.32718,-10.57371,-4.87047,67.46944
158974143.18400,1271.37661,2.85487,192.32722,-10.57370,-4.86288,67.46731
158974144.18400,1271.69116,2.84998,192.32727,-10.57370,-4.85529,67.30983
158974145.18400,1272.00571,2.84509,192.32731,-10.57369,-4.84770,67.10834
158974146.18400,1272.32026,2.84020,192.32736,-10.57368,-4.84011,66.92474
158974147.18400,1272.63481,2.83532,192.32741,-10.57368,-4.83252,66.71663
158974148.18400,1272.94936,2.83043,192.32745,-10.57367,-4.82493,66.51082
158974149.18400,1273.26391,2.82554,192.32750,-10.57367,-4.81733,66.39007
158974150.18400,1273.57846,2.82065,192.32755,-10.57366,-4.80974,66.32837
158974151.18400,1273.89301,2.81577,192.32759,-10.57366,-4.80215,66.31486
158974152.18400,1274.20756,2.81088,192.32764,-10.57365,-4.79456,66.32533
158974153.18400,1274.52211,2.80599,192.32769,-10.57365,-4.78697,66.29215
158974154.18400,1274.83666,2.80110,192.32774,-10.57364,-4.77938,66.23383
158974155.18400,1275.15077,2.79624,192.32778,-10.57364,-4.77391,66.22452
158974156.18400,1275.46339,2.79147,192.32783,-10.57363,-4.77558,66.23441
158974157.18400,1275.77602,2.78670,192.32788,-10.57363,-4.77725,66.22402
158974158.18400,1276.08864,2.78192,192.32793,-10.57362,-4.77892,66.20732
158974159.18400,1276.40127,2.77715,192.32797,-10.57362,-4.78059,66.21500
158974160.18400,1276.71389,2.77238,192.32802,-10.57361,-4.78225,66.24405
158974161.18400,1277.02652,2.76760,192.32807,-10.57361,-4.78392,66.22931
158974162.18400,1277.33914,2.76283,192.32811,-10.57360,-4.78559,66.23697
158974163.18400,1277.65177,2.75806,192.32816,-10.57359,-4.78726,66.24448
158974164.18400,1277.96440,2.75328,192.32821,-10.57359,-4.78893,66.22975
158974165.18400,1278.27702,2.74851,192.32826,-10.57358,-4.79059,66.25916
158974166.18400,1278.58965,2.74374,192.32830,-10.57358,-4.79226,66.26894
158974167.18400,1278.90227,2.73896,192.32835,-10.57357,-4.79393,66.25432
158974168.18400,1279.21490,2.73419,192.32840,-10.57357,-4.79560,66.26692
158974169.18400,1279.52752,2.72942,192.32845,-10.57356,-4.79727,66.25919
158974170.18400,1279.83965,2.72464,192.32849,-10.57356,-4.79673,66.43505
158974171.18400,1280.15012,2.71984,192.32854,-10.57355,-4.78883,66.91005
158974172.18400,1280.46059,2.71504,192.32859,-10.57355,-4.78092,67.47939
158974173.18400,1280.77106,2.71024,192.32863,-10.57354,-4.77302,67.78107
158974174.18400,1281.08153,2.70544,192.32867,-10.57354,-4.76512,67.65721
158974175.18400,1281.39200,2.70064,192.32872,-10.57353,-4.75721,67.37530
158974176.18400,1281.70247,2.69585,192.32876,-10.57353,-4.74931,67.44727
158974177.18400,1282.01294,2.69105,192.32881,-10.57352,-4.74140,68.06304
158974178.18400,1282.32341,2.68625,192.32885,-10.57352,-4.73350,68.94185
158974179.18400,1282.63388,2.68145,192.32889,-10.57351,-4.72559,69.36914
158974180.18400,1282.94435,2.67665,192.32893,-10.57351,-4.71769,68.98852
158974181.18400,1283.25482,2.67185,192.32897,-10.57350,-4.70978,68.28759
158974182.18400,1283.56529,2.66705,192.32901,-10.57349,-4.70188,67.75327
158974183.18400,1283.87576,2.66226,192.32905,-10.57349,-4.69397,67.47396
158974184.18400,1284.18623,2.65746,192.32910,-10.57348,-4.68607,67.27930
158974185.18400,1284.49691,2.65268,192.32914,-10.57348,-4.68180,67.20527
158974186.18400,1284.80830,2.64800,192.32919,-10.57347,-4.68972,67.38785
158974187.18400,1285.11969,2.64332,192.32923,-10.57347,-4.69764,67.64663
158974188.18400,1285.43108,2.63864,192.32927,-10.57346,-4.70557,67.90666
158974189.18400,1285.74247,2.63396,192.32932,-10.57346,-4.71349,68.17197
158974190.18400,1286.05386,2.62928,192.32936,-10.57345,-4.72141,68.43485
158974191.18400,1286.36525,2.62460,192.32940,-10.57344,-4.72933,69.01601
158974192.18400,1286.67665,2.61992,192.32944,-10.57344,-4.73725,70.06220
158974193.18400,1286.98804,2.61524,192.32948,-10.57343,-4.74518,71.30977
158974194.18400,1287.29943,2.61056,192.32951,-10.57343,-4.75310,72.20830
158974195.18400,1287.61082,2.60588,192.32954,-10.57342,-4.76102,72.51021
158974196.18400,1287.92221,2.60121,192.32958,-10.57342,-4.76894,72.58491
158974197.18400,1288.23360,2.59653,192.32961,-10.57341,-4.77686,72.65452
158974198.18400,1288.54499,2.59185,192.32964,-10.57341,-4.78479,72.71972
158974199.18400,1288.85639,2.58717,192.32968,-10.57340,-4.79271,72.79699
158974200.18400,1289.16910,2.58246,192.32971,-10.57339,-4.79924,72.84560
158974201.18400,1289.48627,2.57766,192.32974,-10.57339,-4.80114,72.89083
158974202.18400,1289.80344,2.57286,192.32978,-10.57338,-4.80303,72.94378
158974203.18400,1290.12061,2.56806,192.32981,-10.57338,-4.80492,72.99759
158974204.18400,1290.43778,2.56326,192.32984,-10.57337,-4.80681,73.05529
158974205.18400,1290.75495,2.55846,192.32987,-10.57337,-4.80870,73.08858
158974206.18400,1291.07212,2.55367,192.32991,-10.57336,-4.81059,73.15740
158974207.18400,1291.38929,2.54887,192.32994,-10.57335,-4.81248,73.21026
158974208.18400,1291.70646,2.54407,192.32997,-10.57335,-4.81438,73.24499
158974209.18400,1292.02363,2.53927,192.33000,-10.57334,-4.81627,73.29676
158974210.18400,1292.34080,2.53447,192.33004,-10.57334,-4.81816,73.35487
158974211.18400,1292.65797,2.52967,192.33007,-10.57333,-4.82005,73.40811
158974212.18400,1292.97514,2.52487,192.33010,-10.57332,-4.82194,73.45732
158974213.18400,1293.29231,2.52008,192.33013,-10.57332,-4.82383,73.51095
158974214.18400,1293.60948,2.51528,192.33016,-10.57331,-4.82572,73.54128
158974215.18400,1293.92645,2.51047,192.33019,-10.57331,-4.82592,73.59540
158974216.18400,1294.24278,2.50564,192.33023,-10.57330,-4.82045,73.64723
158974217.18400,1294.55910,2.50082,192.33026,-10.57330,-4.81498,73.64985
158974218.18400,1294.87543,2.49599,192.33029,-10.57329,-4.80950,73.67903
158974219.18400,1295.19175,2.49116,192.33032,-10.57328,-4.80403,73.70965
158974220.18400,1295.50807,2.48633,192.33035,-10.57328,-4.79856,73.73989
158974221.18400,1295.82440,2.48151,192.33038,-10.57327,-4.79308,73.77435
158974222.18400,1296.14072,2.47668,192.33041,-10.57327,-4.78761,73.78317
158974223.18400,1296.45704,2.47185,192.33044,-10.57326,-4.78214,73.82623
158974224.18400,1296.77337,2.46703,192.33047,-10.57326,-4.77666,73.85916
158974225.18400,1297.08969,2.46220,192.33051,-10.57325,-4.77119,73.87244
158974226.18400,1297.40601,2.45737,192.33054,-10.57324,-4.76572,73.89206
158974227.18400,1297.72234,2.45254,192.33057,-10.57324,-4.76024,73.91795
158974228.18400,1298.03866,2.44772,192.33060,-10.57323,-4.75477,73.95014
158974229.18400,1298.35499,2.44289,192.33063,-10.57323,-4.74930,73.97606
158974230.18400,1298.67058,2.43808,192.33066,-10.57322,-4.74447,74.00454
158974231.18400,1298.98375,2.43333,192.33069,-10.57321,-4.74182,74.02027
158974232.18400,1299.29692,2.42859,192.33072,-10.57321,-4.73916,74.05974
158974233.18400,1299.61009,2.42384,192.33075,-10.57320,-4.73651,74.12400
158974234.18400,1299.92326,2.41910,192.33078,-10.57320,-4.73385,74.14226
158974235.18400,1300.23642,2.41435,192.33081,-10.57319,-4.73120,74.17804
158974236.18400,1300.54959,2.40961,192.33084,-10.57318,-4.72855,74.21362
158974237.18400,1300.86276,2.40486,192.33087,-10.57318,-4.72589,74.23336
158974238.18400,1301.17593,2.40012,192.33090,-10.57317,-4.72324,74.29528
158974239.18400,1301.48910,2.39537,192.33093,-10.57317,-4.72058,74.33909
158974240.18400,1301.80226,2.39063,192.33095,-10.57316,-4.71793,74.36242
158974241.18400,1302.11543,2.38588,192.33098,-10.57315,-4.71528,74.39990
158974242.18400,1302.42860,2.38114,192.33101,-10.57315,-4.71262,74.43551
158974243.18400,1302.74177,2.37639,192.33104,-10.57314,-4.70997,74.47605
158974244.18400,1303.05494,2.37165,192.33107,-10.57314,-4.70731,74.51961
158974245.18400,1303.36854,2.36691,192.33110,-10.57313,-4.70635,74.56554
158974246.18400,1303.68360,2.36220,192.33113,-10.57312,-4.71104,74.62612
158974247.18400,1303.99865,2.35750,192.33116,-10.57312,-4.71573,74.68715
158974248.18400,1304.31371,2.35280,192.33119,-10.57311,-4.72042,74.73396
158974249.18400,1304.62877,2.34809,192.33121,-10.57311,-4.72511,74.79724
158974250.18400,1304.94382,2.34339,192.33124,-10.57310,-4.72980,74.87698
158974251.18400,1305.25888,2.33868,192.33127,-10.57309,-4.73450,74.91812
158974252.18400,1305.57394,2.33398,192.33130,-10.57309,-4.73919,74.98356
158974253.18400,1305.88899,2.32927,192.33133,-10.57308,-4.74388,75.04701
158974254.18400,1306.20405,2.32457,192.33135,-10.57308,-4.74857,75.08791
158974255.18400,1306.51911,2.31986,192.33138,-10.57307,-4.75326,75.16034
158974256.18400,1306.83416,2.31516,192.33141,-10.57306,-4.75795,75.21744
158974257.18400,1307.14922,2.31045,192.33144,-10.57306,-4.76264,75.26427
158974258.18400,1307.46428,2.30575,192.33147,-10.57305,-4.76733,75.32165
158974259.18400,1307.77933,2.30104,192.33149,-10.57305,-4.77203,75.37589
158974260.18400,1308.09404,2.29632,192.33152,-10.57304,-4.77344,75.42795
158974261.18400,1308.40756,2.29155,192.33155,-10.57303,-4.76389,75.44609
158974262.18400,1308.72108,2.28677,192.33157,-10.57303,-4.75433,75.45611
158974263.18400,1309.03460,2.28199,192.33160,-10.57302,-4.74477,75.48224
158974264.18400,1309.34812,2.27722,192.33163,-10.57301,-4.73522,75.48931
158974265.18400,1309.66164,2.27244,192.33166,-10.57301,-4.72566,75.50468
158974266.18400,1309.97516,2.26767,192.33168,-10.57300,-4.71610,75.54175
158974267.18400,1310.28868,2.26289,192.33171,-10.57300,-4.70654,75.54371
158974268.18400,1310.60220,2.25811,192.33174,-10.57299,-4.69699,75.56824
158974269.18400,1310.91572,2.25334,192.33176,-10.57298,-4.68743,75.58401
158974270.18400,1311.22924,2.24856,192.33179,-10.57298,-4.67787,75.60400
158974271.18400,1311.54276,2.24379,192.33182,-10.57297,-4.66831,75.63073
158974272.18400,1311.85628,2.23901,192.33184,-10.57296,-4.65876,75.63349
158974273.18400,1312.16980,2.23423,192.33187,-10.57296,-4.64920,75.64819
158974274.18400,1312.48332,2.22946,192.33189,-10.57295,-4.63964,75.66468
158974275.18400,1312.79630,2.22472,192.33192,-10.57295,-4.63297,75.70096
158974276.18400,1313.10744,2.22008,192.33195,-10.57294,-4.63596,75.76032
158974277.18400,1313.41859,2.21545,192.33197,-10.57293,-4.63895,75.81278
158974278.18400,1313.72973,2.21082,192.33200,-10.57293,-4.64193,75.93553
158974279.18400,1314.04088,2.20619,192.33202,-10.57292,-4.64492,76.11502
158974280.18400,1314.35203,2.20156,192.33205,-10.57291,-4.64791,76.32534
158974281.18400,1314.66317,2.19692,192.33207,-10.57291,-4.65090,76.55745
158974282.18400,1314.97432,2.19229,192.33210,-10.57290,-4.65389,76.76803
158974283.18400,1315.28547,2.18766,192.33212,-10.57290,-4.65688,76.97639
158974284.18400,1315.59661,2.18303,192.33214,-10.57289,-4.65987,77.19831
158974285.18400,1315.90776,2.17840,192.33217,-10.57288,-4.66286,77.40985
158974286.18400,1316.21890,2.17376,192.33219,-10.57288,-4.66585,77.62767
158974287.18400,1316.53005,2.16913,192.33221,-10.57287,-4.66884,77.76561
158974288.18400,1316.84120,2.16450,192.33223,-10.57287,-4.67183,77.70872
158974289.18400,1317.15234,2.15987,192.33226,-10.57286,-4.67482,77.57288
158974290.18400,1317.46475,2.15523,192.33228,-10.57285,-4.67853,77.46779
158974291.18400,1317.78138,2.15055,192.33230,-10.57285,-4.68468,77.37319
158974292.18400,1318.09801,2.14587,192.33232,-10.57284,-4.69083,77.25901
158974293.18400,1318.41464,2.14119,192.33235,-10.57283,-4.69697,77.05614
158974294.18400,1318.73127,2.13652,192.33237,-10.57283,-4.70312,76.74277
158974295.18400,1319.04790,2.13184,192.33240,-10.57282,-4.70927,76.37532
158974296.18400,1319.36453,2.12716,192.33242,-10.57282,-4.71542,76.27442
158974297.18400,1319.68116,2.12248,192.33245,-10.57281,-4.72156,76.60828
158974298.18400,1319.99779,2.11781,192.33247,-10.57280,-4.72771,77.11679
158974299.18400,1320.31442,2.11313,192.33249,-10.57280,-4.73386,77.60959
158974300.18400,1320.63105,2.10845,192.33252,-10.57279,-4.74001,78.11620
158974301.18400,1320.94768,2.10377,192.33254,-10.57278,-4.74615,78.63168
158974302.18400,1321.26431,2.09910,192.33256,-10.57278,-4.75230,79.12778
158974303.18400,1321.58094,2.09442,192.33258,-10.57277,-4.75845,79.62560
158974304.18400,1321.89757,2.08974,192.33259,-10.57277,-4.76459,80.13369
158974305.18400,1322.21525,2.08504,192.33261,-10.57276,-4.76961,80.48504
158974306.18400,1322.53646,2.08028,192.33263,-10.57275,-4.77082,80.59516
158974307.18400,1322.85768,2.07551,192.33264,-10.57275,-4.77204,80.64823
158974308.18400,1323.17890,2.07074,192.33266,-10.57274,-4.77325,80.51882
158974309.18400,1323.50011,2.06597,192.33268,-10.57273,-4.77446,80.13370
158974310.18400,1323.82133,2.06120,192.33270,-10.57273,-4.77568,79.66150
158974311.18400,1324.14255,2.05643,192.33272,-10.57272,-4.77689,79.28564
158974312.18400,1324.46376,2.05166,192.33274,-10.57272,-4.77810,79.08693
158974313.18400,1324.78498,2.04689,192.33275,-10.57271,-4.77932,78.96084
158974314.18400,1325.10620,2.04212,192.33278,-10.57270,-4.78053,78.81598
158974315.18400,1325.42741,2.03735,192.33280,-10.57270,-4.78174,78.69295
158974316.18400,1325.74863,2.03258,192.33282,-10.57269,-4.78296,78.56801
158974317.18400,1326.06984,2.02781,192.33284,-10.57268,-4.78417,78.42752
158974318.18400,1326.39106,2.02304,192.33286,-10.57268,-4.78538,78.28268
158974319.18400,1326.71228,2.01827,192.33288,-10.57267,-4.78660,78.14594
158974320.18400,1327.03352,2.01350,192.33290,-10.57267,-4.78689,78.10320
158974321.18400,1327.35484,2.00871,192.33292,-10.57266,-4.78412,78.22276
158974322.18400,1327.67616,2.00393,192.33295,-10.57265,-4.78134,78.42986
158974323.18400,1327.99748,1.99914,192.33297,-10.57265,-4.77857,78.59660
158974324.18400,1328.31880,1.99435,192.33299,-10.57264,-4.77580,78.76755
158974325.18400,1328.64012,1.98956,192.33301,-10.57263,-4.77302,78.97425
158974326.18400,1328.96144,1.98478,192.33303,-10.57263,-4.77025,79.15509
158974327.18400,1329.28276,1.97999,192.33305,-10.57262,-4.76747,79.37326
158974328.18400,1329.60408,1.97520,192.33307,-10.57261,-4.76470,79.62942
158974329.18400,1329.92540,1.97041,192.33308,-10.57261,-4.76193,79.59595
158974330.18400,1330.24672,1.96563,192.33310,-10.57260,-4.75915,79.17673
158974331.18400,1330.56804,1.96084,192.33312,-10.57259,-4.75638,78.58399
158974332.18400,1330.88936,1.95605,192.33314,-10.57259,-4.75360,78.26016
158974333.18400,1331.21068,1.95127,192.33317,-10.57258,-4.75083,78.44328
158974334.18400,1331.53200,1.94648,192.33319,-10.57258,-4.74806,78.77140
158974335.18400,1331.85246,1.94170,192.33321,-10.57257,-4.74445,78.83966
158974336.18400,1332.17006,1.93695,192.33323,-10.57256,-4.73807,78.55338
158974337.18400,1332.48766,1.93221,192.33325,-10.57256,-4.73168,78.11836
158974338.18400,1332.80526,1.92746,192.33327,-10.57255,-4.72530,77.66083
158974339.18400,1333.12285,1.92272,192.33329,-10.57254,-4.71891,77.19806
158974340.18400,1333.44045,1.91797,192.33332,-10.57254,-4.71253,76.74602
158974341.18400,1333.75805,1.91322,192.33334,-10.57253,-4.70615,76.82647
158974342.18400,1334.07565,1.90848,192.33336,-10.57252,-4.69976,77.76619
158974343.18400,1334.39325,1.90373,192.33339,-10.57252,-4.69338,79.05938
158974344.18400,1334.71084,1.89899,192.33340,-10.57251,-4.68699,80.00996
158974345.18400,1335.02844,1.89424,192.33342,-10.57250,-4.68061,80.40085
158974346.18400,1335.34604,1.88949,192.33344,-10.57250,-4.67422,80.58308
158974347.18400,1335.66364,1.88475,192.33345,-10.57249,-4.66784,80.76346
158974348.18400,1335.98124,1.88000,192.33347,-10.57248,-4.66145,80.95475
158974349.18400,1336.29883,1.87526,192.33348,-10.57248,-4.65507,81.11524
158974350.18400,1336.61626,1.87053,192.33350,-10.57247,-4.65087,80.82777
158974351.18400,1336.93310,1.86588,192.33351,-10.57246,-4.65398,79.80618
158974352.18400,1337.24995,1.86123,192.33353,-10.57246,-4.65710,78.48864
158974353.18400,1337.56679,1.85658,192.33356,-10.57245,-4.66021,77.88166
158974354.18400,1337.88364,1.85193,192.33358,-10.57244,-4.66333,78.41039
158974355.18400,1338.20048,1.84728,192.33360,-10.57244,-4.66644,79.41251
158974356.18400,1338.51733,1.84263,192.33361,-10.57243,-4.66956,79.41177
158974357.18400,1338.83417,1.83798,192.33363,-10.57242,-4.67267,77.85241
158974358.18400,1339.15101,1.83333,192.33366,-10.57242,-4.67579,75.71792
158974359.18400,1339.46786,1.82868,192.33369,-10.57241,-4.67890,75.00007
158974360.18400,1339.78470,1.82403,192.33371,-10.57240,-4.68202,76.63349
158974361.18400,1340.10155,1.81938,192.33373,-10.57240,-4.68513,79.20606
158974362.18400,1340.41839,1.81473,192.33375,-10.57239,-4.68825,80.93607
158974363.18400,1340.73524,1.81008,192.33376,-10.57238,-4.69136,81.33446
158974364.18400,1341.05208,1.80543,192.33378,-10.57238,-4.69448,81.20349
158974365.18400,1341.36934,1.80077,192.33379,-10.57237,-4.69661,81.06506
158974366.18400,1341.68801,1.79607,192.33381,-10.57236,-4.69542,80.95003
158974367.18400,1342.00667,1.79138,192.33383,-10.57236,-4.69424,80.80082
158974368.18400,1342.32534,1.78668,192.33384,-10.57235,-4.69305,80.64611
158974369.18400,1342.64400,1.78198,192.33386,-10.57234,-4.69186,80.52474
158974370.18400,1342.96267,1.77728,192.33387,-10.57234,-4.69068,80.40081
158974371.18400,1343.28133,1.77259,192.33389,-10.57233,-4.68949,80.25773
158974372.18400,1343.60000,1.76789,192.33391,-10.57232,-4.68831,80.12856
158974373.18400,1343.91867,1.76319,192.33393,-10.57232,-4.68712,79.97974
158974374.18400,1344.23733,1.75850,192.33394,-10.57231,-4.68593,79.94300
158974375.18400,1344.55600,1.75380,192.33396,-10.57230,-4.68475,80.80685
158974376.18400,1344.87466,1.74910,192.33397,-10.57230,-4.68356,81.66349
158974377.18400,1345.19333,1.74440,192.33399,-10.57229,-4.68238,81.70509
158974378.18400,1345.51199,1.73971,192.33400,-10.57228,-4.68119,81.70035
158974379.18400,1345.83066,1.73501,192.33402,-10.57228,-4.68000,81.74724
158974380.18400,1346.14920,1.73032,192.33403,-10.57227,-4.67874,81.77848
158974381.18400,1346.46733,1.72564,192.33404,-10.57227,-4.67723,81.79629
158974382.18400,1346.78545,1.72096,192.33406,-10.57226,-4.67571,81.83921
158974383.18400,1347.10358,1.71628,192.33407,-10.57225,-4.67420,81.85686
158974384.18400,1347.42171,1.71160,192.33408,-10.57225,-4.67269,81.87676
158974385.18400,1347.73984,1.70692,192.33410,-10.57224,-4.67117,81.91207
158974386.18400,1348.05797,1.70224,192.33411,-10.57223,-4.66966,81.93430
158974387.18400,1348.37610,1.69756,192.33413,-10.57223,-4.66814,81.96708
158974388.18400,1348.69422,1.69289,192.33414,-10.57222,-4.66663,82.02413
158974389.18400,1349.01235,1.68821,192.33415,-10.57221,-4.66512,82.04627
158974390.18400,1349.33048,1.68353,192.33416,-10.57221,-4.66360,82.06681
158974391.18400,1349.64861,1.67885,192.33418,-10.57220,-4.66209,82.09874
158974392.18400,1349.96673,1.67417,192.33419,-10.57219,-4.66057,82.13700
158974393.18400,1350.28486,1.66949,192.33420,-10.57219,-4.65906,82.18968
158974394.18400,1350.60299,1.66481,192.33422,-10.57218,-4.65755,82.20907
158974395.18400,1350.92062,1.66014,192.33423,-10.57217,-4.65539,82.24638
158974396.18400,1351.23659,1.65548,192.33424,-10.57217,-4.65106,82.29069
158974397.18400,1351.55255,1.65083,192.33425,-10.57216,-4.64674,82.30741
158974398.18400,1351.86852,1.64617,192.33427,-10.57215,-4.64241,82.34156
158974399.18400,1352.18449,1.64151,192.33428,-10.57215,-4.63809,82.40734
158974400.18400,1352.50045,1.63686,192.33429,-10.57214,-4.63376,82.44298
158974401.18400,1352.81642,1.63220,192.33430,-10.57213,-4.62943,82.46348
158974402.18400,1353.13238,1.62754,192.33432,-10.57213,-4.62511,82.47805
158974403.18400,1353.44835,1.62289,192.33433,-10.57212,-4.62078,82.48850
158974404.18400,1353.76432,1.61823,192.33434,-10.57211,-4.61646,82.50544
158974405.18400,1354.08028,1.61357,192.33435,-10.57211,-4.61213,82.55231
158974406.18400,1354.39625,1.60892,192.33436,-10.57210,-4.60781,82.59786
158974407.18400,1354.71221,1.60426,192.33437,-10.57209,-4.60348,82.62694
158974408.18400,1355.02818,1.59960,192.33439,-10.57209,-4.59916,82.66825
158974409.18400,1355.34415,1.59495,192.33440,-10.57208,-4.59483,82.69553
158974410.18400,1355.66031,1.59031,192.33441,-10.57207,-4.59251,82.71380
158974411.18400,1355.97711,1.58571,192.33442,-10.57207,-4.59690,82.75661
158974412.18400,1356.29392,1.58112,192.33443,-10.57206,-4.60128,82.80437
158974413.18400,1356.61072,1.57653,192.33444,-10.57205,-4.60567,82.85177
158974414.18400,1356.92753,1.57194,192.33445,-10.57205,-4.61006,82.89714
158974415.18400,1357.24434,1.56735,192.33447,-10.57204,-4.61445,82.91567
158974416.18400,1357.56114,1.56276,192.33448,-10.57203,-4.61884,82.92981
158974417.18400,1357.87795,1.55817,192.33449,-10.57203,-4.62322,82.95456
158974418.18400,1358.19475,1.55357,192.33450,-10.57202,-4.62761,83.01340
158974419.18400,1358.51156,1.54898,192.33451,-10.57201,-4.63200,83.05675
158974420.18400,1358.82837,1.54439,192.33452,-10.57201,-4.63639,83.08411
158974421.18400,1359.14517,1.53980,192.33453,-10.57200,-4.64078,83.13359
158974422.18400,1359.46198,1.53521,192.33454,-10.57199,-4.64516,83.18736
158974423.18400,1359.77878,1.53062,192.33455,-10.57199,-4.64955,83.21643
158974424.18400,1360.09559,1.52603,192.33456,-10.57198,-4.65394,83.24986
158974425.18400,1360.41244,1.52142,192.33457,-10.57197,-4.65604,83.29106
158974426.18400,1360.72945,1.51676,192.33458,-10.57197,-4.65047,83.31680
158974427.18400,1361.04647,1.51211,192.33459,-10.57196,-4.64490,83.35373
158974428.18400,1361.36348,1.50745,192.33460,-10.57195,-4.63933,83.37038
158974429.18400,1361.68049,1.50279,192.33461,-10.57195,-4.63376,83.39381
158974430.18400,1361.99750,1.49813,192.33462,-10.57194,-4.62819,83.43526
158974431.18400,1362.31451,1.49348,192.33463,-10.57193,-4.62262,83.44977
158974432.18400,1362.63152,1.48882,192.33464,-10.57193,-4.61705,83.46627
158974433.18400,1362.94854,1.48416,192.33465,-10.57192,-4.61148,83.51180
158974434.18400,1363.26555,1.47950,192.33466,-10.57191,-4.60591,83.53778
158974435.18400,1363.58256,1.47485,192.33467,-10.57191,-4.60034,83.54109
158974436.18400,1363.89957,1.47019,192.33468,-10.57190,-4.59477,83.58188
158974437.18400,1364.21658,1.46553,192.33469,-10.57189,-4.58920,83.62535
158974438.18400,1364.53359,1.46087,192.33470,-10.57189,-4.58363,83.62449
158974439.18400,1364.85061,1.45622,192.33471,-10.57188,-4.57806,83.64735
158974440.18400,1365.16839,1.45158,192.33472,-10.57187,-4.57617,83.69098
158974441.18400,1365.48874,1.44701,192.33473,-10.57187,-4.58659,83.74529
158974442.18400,1365.80910,1.44243,192.33474,-10.57186,-4.59702,83.78772
158974443.18400,1366.12946,1.43786,192.33475,-10.57185,-4.60745,83.83193
158974444.18400,1366.44982,1.43328,192.33476,-10.57185,-4.61787,83.87765
158974445.18400,1366.77017,1.42871,192.33476,-10.57184,-4.62830,83.94743
158974446.18400,1367.09053,1.42414,192.33477,-10.57183,-4.63873,84.01471
158974447.18400,1367.41089,1.41956,192.33478,-10.57183,-4.64916,84.05725
158974448.18400,1367.73124,1.41499,192.33479,-10.57182,-4.65958,84.10163
158974449.18400,1368.05160,1.41041,192.33480,-10.57181,-4.67001,84.14877
158974450.18400,1368.37196,1.40584,192.33481,-10.57181,-4.68044,84.19961
158974451.18400,1368.69232,1.40127,192.33482,-10.57180,-4.69087,84.24278
158974452.18400,1369.01267,1.39669,192.33482,-10.57179,-4.70129,84.27777
158974453.18400,1369.33303,1.39212,192.33483,-10.57179,-4.71172,84.33616
158974454.18400,1369.65339,1.38754,192.33484,-10.57178,-4.72215,84.27112
158974455.18400,1369.97528,1.38293,192.33485,-10.57177,-4.73037,83.42971
158974456.18400,1370.30230,1.37820,192.33486,-10.57177,-4.73119,82.55358
158974457.18400,1370.62933,1.37347,192.33487,-10.57176,-4.73201,82.46696
158974458.18400,1370.95636,1.36874,192.33489,-10.57175,-4.73284,82.69349
158974459.18400,1371.28338,1.36401,192.33490,-10.57175,-4.73366,83.17912
158974460.18400,1371.61041,1.35928,192.33491,-10.57174,-4.73448,83.78155
158974461.18400,1371.93743,1.35455,192.33492,-10.57173,-4.73530,84.07080
158974462.18400,1372.26446,1.34982,192.33492,-10.57173,-4.73613,83.83821
158974463.18400,1372.59149,1.34509,192.33493,-10.57172,-4.73695,83.41463
158974464.18400,1372.91851,1.34036,192.33495,-10.57171,-4.73777,83.04907
158974465.18400,1373.24554,1.33563,192.33496,-10.57171,-4.73860,82.78239
158974466.18400,1373.57256,1.33090,192.33497,-10.57170,-4.73942,82.56860
158974467.18400,1373.89959,1.32617,192.33498,-10.57169,-4.74024,82.38134
158974468.18400,1374.22662,1.32144,192.33499,-10.57169,-4.74106,82.18261
158974469.18400,1374.55364,1.31671,192.33501,-10.57168,-4.74189,81.95503
158974470.18400,1374.88015,1.31198,192.33502,-10.57167,-4.74096,81.80682
158974471.18400,1375.20494,1.30724,192.33504,-10.57167,-4.73415,81.77403
158974472.18400,1375.52972,1.30250,192.33505,-10.57166,-4.72735,81.82479
158974473.18400,1375.85451,1.29775,192.33506,-10.57165,-4.72054,81.89095
158974474.18400,1376.17929,1.29301,192.33508,-10.57165,-4.71374,81.97345
158974475.18400,1376.50407,1.28827,192.33509,-10.57164,-4.70693,82.11105
158974476.18400,1376.82886,1.28352,192.33510,-10.57163,-4.70012,82.23435
158974477.18400,1377.15364,1.27878,192.33512,-10.57163,-4.69332,82.35452
158974478.18400,1377.47843,1.27404,192.33513,-10.57162,-4.68651,82.48113
158974479.18400,1377.80321,1.26930,192.33514,-10.57161,-4.67971,82.67973
158974480.18400,1378.12800,1.26455,192.33515,-10.57161,-4.67290,83.03921
158974481.18400,1378.45278,1.25981,192.33516,-10.57160,-4.66610,83.43961
158974482.18400,1378.77756,1.25507,192.33517,-10.57159,-4.65929,83.83911
158974483.18400,1379.10235,1.25033,192.33518,-10.57159,-4.65249,84.21869
158974484.18400,1379.42713,1.24558,192.33519,-10.57158,-4.64568,84.59167
158974485.18400,1379.75194,1.24086,192.33519,-10.57157,-4.64166,84.80211
158974486.18400,1380.07683,1.23622,192.33520,-10.57157,-4.64697,84.69463
158974487.18400,1380.40172,1.23158,192.33521,-10.57156,-4.65229,84.46776
158974488.18400,1380.72662,1.22694,192.33522,-10.57155,-4.65760,84.20824
158974489.18400,1381.05151,1.22230,192.33522,-10.57155,-4.66291,83.84468
158974490.18400,1381.37640,1.21766,192.33523,-10.57154,-4.66822,83.40944
158974491.18400,1381.70129,1.21302,192.33524,-10.57153,-4.67354,83.21812
158974492.18400,1382.02618,1.20838,192.33526,-10.57153,-4.67885,83.48449
158974493.18400,1382.35107,1.20374,192.33526,-10.57152,-4.68416,83.90082
158974494.18400,1382.67596,1.19910,192.33527,-10.57151,-4.68947,84.15311
158974495.18400,1383.00085,1.19446,192.33528,-10.57151,-4.69479,84.24149
158974496.18400,1383.32574,1.18982,192.33529,-10.57150,-4.70010,84.23071
158974497.18400,1383.65063,1.18518,192.33530,-10.57149,-4.70541,84.22112
158974498.18400,1383.97553,1.18054,192.33531,-10.57148,-4.71072,84.22556
158974499.18400,1384.30042,1.17590,192.33531,-10.57148,-4.71604,84.18992
158974500.18400,1384.62618,1.17125,192.33532,-10.57147,-4.72020,84.14306
158974501.18400,1384.95488,1.16653,192.33533,-10.57146,-4.72050,84.02683
158974502.18400,1385.28358,1.16180,192.33534,-10.57146,-4.72080,83.88372
158974503.18400,1385.61228,1.15708,192.33535,-10.57145,-4.72111,83.82695
158974504.18400,1385.94098,1.15236,192.33536,-10.57144,-4.72141,83.89323
158974505.18400,1386.26967,1.14764,192.33537,-10.57144,-4.72171,84.02690
158974506.18400,1386.59837,1.14292,192.33538,-10.57143,-4.72202,83.94337
158974507.18400,1386.92707,1.13820,192.33539,-10.57142,-4.72232,83.55642
158974508.18400,1387.25577,1.13348,192.33540,-10.57142,-4.72262,83.03738
158974509.18400,1387.58447,1.12876,192.33541,-10.57141,-4.72292,82.53408
158974510.18400,1387.91317,1.12404,192.33542,-10.57140,-4.72323,82.14457
158974511.18400,1388.24186,1.11932,192.33543,-10.57140,-4.72353,81.78448
158974512.18400,1388.57056,1.11460,192.33545,-10.57139,-4.72383,81.40419
158974513.18400,1388.89926,1.10988,192.33546,-10.57138,-4.72413,81.04346
158974514.18400,1389.22796,1.10516,192.33548,-10.57138,-4.72444,80.67632
158974515.18400,1389.55615,1.10043,192.33550,-10.57137,-4.72326,80.73273
158974516.18400,1389.88265,1.09571,192.33551,-10.57136,-4.71711,81.50859
158974517.18400,1390.20916,1.09099,192.33552,-10.57136,-4.71095,82.54174
158974518.18400,1390.53566,1.08626,192.33554,-10.57135,-4.70480,83.31179
158974519.18400,1390.86216,1.08154,192.33555,-10.57134,-4.69865,83.69627
158974520.18400,1391.18866,1.07681,192.33556,-10.57134,-4.69250,83.95098
158974521.18400,1391.51516,1.07209,192.33557,-10.57133,-4.68635,84.10225
158974522.18400,1391.84166,1.06736,192.33558,-10.57133,-4.68020,84.08287
158974523.18400,1392.16816,1.06264,192.33558,-10.57132,-4.67405,84.04112
158974524.18400,1392.49466,1.05791,192.33559,-10.57132,-4.66790,83.98510
158974525.18400,1392.82117,1.05319,192.33560,-10.57131,-4.66174,83.91085
158974526.18400,1393.14767,1.04846,192.33561,-10.57131,-4.65559,83.83298
158974527.18400,1393.47417,1.04374,192.33563,-10.57130,-4.64944,83.75990
158974528.18400,1393.80067,1.03901,192.33564,-10.57130,-4.64329,83.67133
158974529.18400,1394.12717,1.03429,192.33565,-10.57129,-4.63714,83.58454
158974530.18400,1394.45263,1.02959,192.33566,-10.57129,-4.63145,83.63313
158974531.18400,1394.77457,1.02495,192.33567,-10.57129,-4.62731,83.84385
158974532.18400,1395.09652,1.02032,192.33568,-10.57128,-4.62317,84.13599
158974533.18400,1395.41847,1.01569,192.33569,-10.57128,-4.61903,84.44551
158974534.18400,1395.74041,1.01106,192.33570,-10.57127,-4.61489,84.73662
158974535.18400,1396.06236,1.00643,192.33571,-10.57127,-4.61075,85.03061
158974536.18400,1396.38431,1.00179,192.33571,-10.57127,-4.60660,85.35026
158974537.18400,1396.70625,0.99716,192.33572,-10.57126,-4.60246,85.65806
158974538.18400,1397.02820,0.99253,192.33573,-10.57126,-4.59832,85.96104
158974539.18400,1397.35015,0.98790,192.33574,-10.57126,-4.59418,86.28924
158974540.18400,1397.67209,0.98327,192.33574,-10.57126,-4.59004,86.57894
158974541.18400,1397.99404,0.97863,192.33575,-10.57125,-4.58590,86.85663
158974542.18400,1398.31599,0.97400,192.33575,-10.57125,-4.58176,87.04461
158974543.18400,1398.63793,0.96937,192.33576,-10.57125,-4.57762,86.98722
158974544.18400,1398.95988,0.96474,192.33576,-10.57125,-4.57348,86.84771
158974545.18400,1399.28228,0.96012,192.33577,-10.57125,-4.57172,86.71094
158974546.18400,1399.60621,0.95555,192.33577,-10.57125,-4.57797,86.56298
158974547.18400,1399.93013,0.95098,192.33578,-10.57125,-4.58421,86.41731
158974548.18400,1400.25406,0.94641,192.33579,-10.57124,-4.59046,86.87578
158974549.18400,1400.57798,0.94184,192.33579,-10.57124,-4.59670,88.34950
158974550.18400,1400.90191,0.93727,192.33579,-10.57124,-4.60295,89.55380
158974551.18400,1401.22583,0.93270,192.33579,-10.57124,-4.60919,88.67788
158974552.18400,1401.54976,0.92813,192.33579,-10.57124,-4.61544,89.08327
158974553.18400,1401.87369,0.92355,192.33579,-10.57124,-4.62168,89.93686
158974554.18400,1402.19761,0.91898,192.33579,-10.57124,-4.62793,89.22454
158974555.18400,1402.52154,0.91441,192.33579,-10.57124,-4.63417,88.75686
158974556.18400,1402.84546,0.90984,192.33579,-10.57124,-4.64042,88.40166
158974557.18400,1403.16939,0.90527,192.33580,-10.57124,-4.64666,88.05642
158974558.18400,1403.49331,0.90070,192.33580,-10.57124,-4.65291,87.72669
158974559.18400,1403.81724,0.89613,192.33580,-10.57124,-4.65915,87.38450
158974560.18400,1404.14176,0.89154,192.33581,-10.57124,-4.66327,87.16136
158974561.18400,1404.46828,0.88687,192.33581,-10.57125,-4.66026,87.12468
158974562.18400,1404.79480,0.88221,192.33582,-10.57125,-4.65725,87.17468
158974563.18400,1405.12132,0.87755,192.33582,-10.57125,-4.65424,87.23473
158974564.18400,1405.44784,0.87288,192.33583,-10.57125,-4.65123,87.27297
158974565.18400,1405.77436,0.86822,192.33583,-10.57125,-4.64822,87.30787
158974566.18400,1406.10088,0.86355,192.33584,-10.57125,-4.64521,87.32249
158974567.18400,1406.42740,0.85889,192.33584,-10.57126,-4.64220,87.34552
158974568.18400,1406.75392,0.85423,192.33585,-10.57126,-4.63919,87.36846
158974569.18400,1407.08044,0.84956,192.33585,-10.57126,-4.63618,87.38790
158974570.18400,1407.40697,0.84490,192.33586,-10.57126,-4.63318,87.39769
158974571.18400,1407.73349,0.84023,192.33586,-10.57127,-4.63017,87.38903
158974572.18400,1408.06001,0.83557,192.33586,-10.57127,-4.62716,87.38916
158974573.18400,1408.38653,0.83091,192.33587,-10.57127,-4.62415,87.38501
158974574.18400,1408.71305,0.82624,192.33587,-10.57128,-4.62114,87.36280
158974575.18400,1409.04010,0.82159,192.33587,-10.57128,-4.62013,87.33806
158974576.18400,1409.36896,0.81697,192.33588,-10.57128,-4.62582,87.32097
158974577.18400,1409.69781,0.81235,192.33588,-10.57129,-4.63151,87.28883
158974578.18400,1410.02667,0.80773,192.33588,-10.57129,-4.63720,87.24966
158974579.18400,1410.35552,0.80311,192.33588,-10.57129,-4.64290,87.21108
158974580.18400,1410.68437,0.79850,192.33589,-10.57130,-4.64859,87.18118
158974581.18400,1411.01323,0.79388,192.33589,-10.57130,-4.65428,87.13363
158974582.18400,1411.34208,0.78926,192.33589,-10.57131,-4.65997,87.06445
158974583.18400,1411.67094,0.78464,192.33589,-10.57131,-4.66566,86.99441
158974584.18400,1411.99979,0.78002,192.33590,-10.57132,-4.67136,86.94999
158974585.18400,1412.32865,0.77540,192.33590,-10.57132,-4.67705,86.89950
158974586.18400,1412.65750,0.77078,192.33590,-10.57133,-4.68274,86.84042
158974587.18400,1412.98635,0.76617,192.33590,-10.57133,-4.68843,86.80994
158974588.18400,1413.31521,0.76155,192.33590,-10.57134,-4.69412,86.76123
158974589.18400,1413.64406,0.75693,192.33590,-10.57135,-4.69982,86.69109
158974590.18400,1413.97256,0.75229,192.33590,-10.57135,-4.70182,86.62638
158974591.18400,1414.29986,0.74759,192.33591,-10.57136,-4.69147,86.56142
158974592.18400,1414.62716,0.74288,192.33591,-10.57136,-4.68112,86.45443
158974593.18400,1414.95447,0.73818,192.33591,-10.57137,-4.67077,86.34583
158974594.18400,1415.28177,0.73347,192.33591,-10.57138,-4.66042,86.26303
158974595.18400,1415.60907,0.72877,192.33591,-10.57138,-4.65007,86.14809
158974596.18400,1415.93637,0.72407,192.33591,-10.57139,-4.63972,86.03213
158974597.18400,1416.26367,0.71936,192.33591,-10.57140,-4.62937,85.88686
158974598.18400,1416.59097,0.71466,192.33591,-10.57141,-4.61902,85.75007
158974599.18400,1416.91828,0.70995,192.33591,-10.57141,-4.60867,85.64487
158974600.18400,1417.24558,0.70525,192.33591,-10.57142,-4.59832,85.50984
158974601.18400,1417.57288,0.70055,192.33591,-10.57143,-4.58797,85.36720
158974602.18400,1417.90018,0.69584,192.33591,-10.57144,-4.57762,85.26871
158974603.18400,1418.22748,0.69114,192.33591,-10.57145,-4.56727,85.15645
158974604.18400,1418.55478,0.68643,192.33591,-10.57146,-4.55692,85.02584
158974605.18400,1418.88193,0.68177,192.33590,-10.57146,-4.55067,84.91568
158974606.18400,1419.20856,0.67722,192.33590,-10.57147,-4.55815,84.81399
158974607.18400,1419.53519,0.67267,192.33590,-10.57148,-4.56564,84.71220
158974608.18400,1419.86182,0.66812,192.33590,-10.57149,-4.57312,84.61476
158974609.18400,1420.18845,0.66357,192.33590,-10.57150,-4.58061,84.51359
158974610.18400,1420.51508,0.65902,192.33590,-10.57151,-4.58809,84.42827
158974611.18400,1420.84171,0.65447,192.33590,-10.57152,-4.59558,84.34392
158974612.18400,1421.16834,0.64992,192.33589,-10.57153,-4.60306,84.27269
158974613.18400,1421.49497,0.64537,192.33589,-10.57154,-4.61055,84.18160
158974614.18400,1421.82160,0.64082,192.33589,-10.57155,-4.61803,84.09515
158974615.18400,1422.14823,0.63627,192.33589,-10.57156,-4.62552,84.01991
158974616.18400,1422.47486,0.63172,192.33588,-10.57157,-4.63300,83.91479
158974617.18400,1422.80149,0.62717,192.33588,-10.57158,-4.64049,83.81723
158974618.18400,1423.12812,0.62262,192.33588,-10.57159,-4.64797,83.71434
158974619.18400,1423.45475,0.61807,192.33588,-10.57161,-4.65545,83.60161
158974620.18400,1423.78155,0.61350,192.33587,-10.57162,-4.65946,83.49461
158974621.18400,1424.10891,0.60884,192.33587,-10.57163,-4.65181,83.35715
158974622.18400,1424.43628,0.60418,192.33587,-10.57164,-4.64416,83.19568
158974623.18400,1424.76365,0.59952,192.33586,-10.57165,-4.63651,83.04113
158974624.18400,1425.09101,0.59486,192.33586,-10.57166,-4.62886,82.88855
158974625.18400,1425.41838,0.59020,192.33586,-10.57168,-4.62121,82.76415
158974626.18400,1425.74574,0.58554,192.33585,-10.57169,-4.61355,82.65701
158974627.18400,1426.07311,0.58087,192.33585,-10.57170,-4.60590,82.55227
158974628.18400,1426.40048,0.57621,192.33584,-10.57171,-4.59825,82.43975
158974629.18400,1426.72784,0.57155,192.33584,-10.57173,-4.59060,82.34408
158974630.18400,1427.05521,0.56689,192.33583,-10.57174,-4.58295,82.24609
158974631.18400,1427.38258,0.56223,192.33583,-10.57175,-4.57530,82.16901
158974632.18400,1427.70994,0.55757,192.33582,-10.57177,-4.56765,82.12565
158974633.18400,1428.03731,0.55291,192.33582,-10.57178,-4.56000,82.05121
158974634.18400,1428.36467,0.54825,192.33581,-10.57179,-4.55234,81.99779
158974635.18400,1428.69148,0.54362,192.33581,-10.57181,-4.54677,81.95907
158974636.18400,1429.01641,0.53907,192.33580,-10.57182,-4.54816,81.92377
158974637.18400,1429.34134,0.53452,192.33580,-10.57183,-4.54954,81.93377
158974638.18400,1429.66627,0.52998,192.33579,-10.57185,-4.55093,81.88970
158974639.18400,1429.99120,0.52543,192.33579,-10.57186,-4.55232,81.77216
158974640.18400,1430.31613,0.52088,192.33578,-10.57187,-4.55371,81.62545
158974641.18400,1430.64106,0.51634,192.33577,-10.57189,-4.55509,81.40093
158974642.18400,1430.96598,0.51179,192.33576,-10.57190,-4.55648,81.10560
158974643.18400,1431.29091,0.50724,192.33575,-10.57191,-4.55787,80.77320
158974644.18400,1431.61584,0.50270,192.33574,-10.57192,-4.55925,80.57414
158974645.18400,1431.94077,0.49815,192.33573,-10.57194,-4.56064,80.65868
158974646.18400,1432.26570,0.49360,192.33572,-10.57195,-4.56203,80.89991
158974647.18400,1432.59063,0.48906,192.33571,-10.57196,-4.56342,81.18470
158974648.18400,1432.91556,0.48451,192.33570,-10.57197,-4.56480,81.53957
158974649.18400,1433.24049,0.47996,192.33569,-10.57199,-4.56619,81.91296
158974650.18400,1433.56544,0.47541,192.33568,-10.57200,-4.56662,82.09406
158974651.18400,1433.89047,0.47084,192.33568,-10.57201,-4.56383,82.02033
158974652.18400,1434.21549,0.46628,192.33567,-10.57202,-4.56104,81.83609
158974653.18400,1434.54052,0.46171,192.33566,-10.57203,-4.55825,81.78471
158974654.18400,1434.86555,0.45714,192.33565,-10.57204,-4.55546,81.95451
158974655.18400,1435.19057,0.45257,192.33564,-10.57206,-4.55267,82.21625
158974656.18400,1435.51560,0.44801,192.33563,-10.57207,-4.54988,82.38762
158974657.18400,1435.84063,0.44344,192.33562,-10.57208,-4.54709,82.33522
158974658.18400,1436.16565,0.43887,192.33561,-10.57209,-4.54430,82.18566
158974659.18400,1436.49068,0.43430,192.33560,-10.57210,-4.54151,82.00708
158974660.18400,1436.81571,0.42974,192.33559,-10.57211,-4.53872,81.71224
158974661.18400,1437.14073,0.42517,192.33558,-10.57212,-4.53593,81.35988
158974662.18400,1437.46576,0.42060,192.33557,-10.57213,-4.53314,81.15716
158974663.18400,1437.79079,0.41604,192.33556,-10.57214,-4.53035,81.19024
158974664.18400,1438.11581,0.41147,192.33555,-10.57215,-4.52756,81.34640
158974665.18400,1438.44081,0.40691,192.33554,-10.57216,-4.52561,81.57322
158974666.18400,1438.76571,0.40239,192.33552,-10.57217,-4.52647,81.93749
158974667.18400,1439.09061,0.39786,192.33551,-10.57218,-4.52733,82.37668
158974668.18400,1439.41551,0.39333,192.33550,-10.57219,-4.52819,82.62665
158974669.18400,1439.74041,0.38881,192.33550,-10.57220,-4.52905,82.62792
158974670.18400,1440.06531,0.38428,192.33549,-10.57221,-4.52991,82.56179
158974671.18400,1440.39022,0.37976,192.33548,-10.57222,-4.53077,82.47582
158974672.18400,1440.71512,0.37523,192.33547,-10.57222,-4.53163,82.36461
158974673.18400,1441.04002,0.37071,192.33546,-10.57223,-4.53249,82.26021
158974674.18400,1441.36492,0.36618,192.33544,-10.57224,-4.53335,82.15069
158974675.18400,1441.68982,0.36166,192.33543,-10.57225,-4.53421,82.03359
158974676.18400,1442.01472,0.35713,192.33542,-10.57226,-4.53508,81.92248
158974677.18400,1442.33962,0.35261,192.33541,-10.57227,-4.53594,81.82063
158974678.18400,1442.66452,0.34808,192.33540,-10.57227,-4.53680,81.68276
158974679.18400,1442.98942,0.34356,192.33538,-10.57228,-4.53766,81.53706
158974680.18400,1443.31402,0.33903,192.33537,-10.57229,-4.53716,81.14785
158974681.18400,1443.63762,0.33449,192.33536,-10.57230,-4.53209,80.32542
158974682.18400,1443.96121,0.32995,192.33534,-10.57230,-4.52703,79.34570
158974683.18400,1444.28480,0.32541,192.33532,-10.57231,-4.52197,78.42790
158974684.18400,1444.60839,0.32087,192.33530,-10.57232,-4.51691,77.72339
158974685.18400,1444.93198,0.31633,192.33528,-10.57233,-4.51184,77.14142
158974686.18400,1445.25558,0.31180,192.33525,-10.57233,-4.50678,76.71254
158974687.18400,1445.57917,0.30726,192.33523,-10.57234,-4.50172,76.59245
158974688.18400,1445.90276,0.30272,192.33521,-10.57235,-4.49666,76.61042
158974689.18400,1446.22635,0.29818,192.33518,-10.57235,-4.49159,76.62406
158974690.18400,1446.54994,0.29364,192.33516,-10.57236,-4.48653,76.62651
158974691.18400,1446.87354,0.28910,192.33514,-10.57236,-4.48147,76.63838
158974692.18400,1447.19713,0.28456,192.33511,-10.57237,-4.47641,76.64029
158974693.18400,1447.52072,0.28002,192.33509,-10.57238,-4.47134,76.62995
158974694.18400,1447.84431,0.27549,192.33507,-10.57238,-4.46628,76.64830
158974695.18400,1448.16900,0.27097,192.33505,-10.57239,-4.46520,76.84264
158974696.18400,1448.49737,0.26650,192.33502,-10.57239,-4.47747,77.38639
158974697.18400,1448.82573,0.26204,192.33500,-10.57240,-4.48975,78.09324
158974698.18400,1449.15410,0.25758,192.33498,-10.57241,-4.50203,78.75442
158974699.18400,1449.48247,0.25312,192.33496,-10.57241,-4.51430,79.42593
158974700.18400,1449.81084,0.24866,192.33495,-10.57242,-4.52658,80.10829
158974701.18400,1450.13920,0.24419,192.33493,-10.57242,-4.53885,80.74094
158974702.18400,1450.46757,0.23973,192.33491,-10.57243,-4.55113,81.38151
158974703.18400,1450.79594,0.23527,192.33490,-10.57244,-4.56340,82.03871
158974704.18400,1451.12430,0.23081,192.33489,-10.57244,-4.57568,82.68021
158974705.18400,1451.45267,0.22635,192.33488,-10.57245,-4.58795,83.28184
158974706.18400,1451.78104,0.22188,192.33487,-10.57245,-4.60023,83.86894
158974707.18400,1452.10940,0.21742,192.33486,-10.57246,-4.61250,84.50684
158974708.18400,1452.43777,0.21296,192.33485,-10.57247,-4.62478,85.17054
158974709.18400,1452.76614,0.20850,192.33485,-10.57247,-4.63705,85.76695
158974710.18400,1453.09489,0.20399,192.33484,-10.57248,-4.64407,86.22839
158974711.18400,1453.42494,0.19935,192.33484,-10.57248,-4.63344,86.52944
158974712.18400,1453.75499,0.19470,192.33484,-10.57249,-4.62281,86.65773
158974713.18400,1454.08504,0.19005,192.33484,-10.57250,-4.61218,86.61967
158974714.18400,1454.41508,0.18541,192.33484,-10.57250,-4.60155,86.61678
158974715.18400,1454.74513,0.18076,192.33484,-10.57251,-4.59093,86.63407
158974716.18400,1455.07518,0.17611,192.33484,-10.57251,-4.58030,86.55903
158974717.18400,1455.40523,0.17147,192.33484,-10.57252,-4.56967,86.43398
158974718.18400,1455.73528,0.16682,192.33483,-10.57253,-4.55904,86.29647
158974719.18400,1456.06532,0.16217,192.33483,-10.57253,-4.54841,86.00727
158974720.18400,1456.39537,0.15753,192.33483,-10.57254,-4.53778,84.97148
158974721.18400,1456.72542,0.15288,192.33483,-10.57255,-4.52715,83.89521
158974722.18400,1457.05547,0.14823,192.33482,-10.57256,-4.51652,83.63462
158974723.18400,1457.38552,0.14359,192.33482,-10.57257,-4.50590,83.56212
158974724.18400,1457.71556,0.13894,192.33481,-10.57258,-4.49527,83.48293
158974725.18400,1458.04489,0.13433,192.33481,-10.57259,-4.48784,83.15166
158974726.18400,1458.37180,0.12984,192.33480,-10.57260,-4.49117,82.77606
158974727.18400,1458.69871,0.12535,192.33480,-10.57262,-4.49449,82.70527
158974728.18400,1459.02562,0.12087,192.33480,-10.57263,-4.49782,82.70149
158974729.18400,1459.35253,0.11638,192.33479,-10.57264,-4.50115,82.58629
158974730.18400,1459.67944,0.11189,192.33479,-10.57265,-4.50447,82.00017
158974731.18400,1460.00635,0.10741,192.33478,-10.57267,-4.50780,81.35192
158974732.18400,1460.33326,0.10292,192.33478,-10.57268,-4.51112,81.15448
158974733.18400,1460.66017,0.09843,192.33477,-10.57270,-4.51445,80.95410
158974734.18400,1460.98708,0.09394,192.33477,-10.57271,-4.51777,80.54803
158974735.18400,1461.31399,0.08946,192.33476,-10.57273,-4.52110,79.10347
158974736.18400,1461.64090,0.08497,192.33475,-10.57275,-4.52442,77.63771
158974737.18400,1461.96782,0.08048,192.33475,-10.57277,-4.52775,77.27511
158974738.18400,1462.29473,0.07599,192.33474,-10.57279,-4.53107,77.03985
158974739.18400,1462.62164,0.07151,192.33473,-10.57281,-4.53440,76.93425
158974740.18400,1462.93410,0.06701,192.33472,-10.57283,-4.53696,77.78455
158974741.18400,1463.19811,0.06247,192.33471,-10.57285,-4.53696,79.15128
158974742.18400,1463.46212,0.05793,192.33470,-10.57287,-4.53696,80.01924
158974743.18400,1463.72614,0.05340,192.33469,-10.57288,-4.53696,80.39888
158974744.18400,1463.99015,0.04886,192.33469,-10.57290,-4.53696,80.61693
158974745.18400,1464.25416,0.04432,192.33469,-10.57292,-4.53696,81.49012
158974746.18400,1464.51818,0.03979,192.33468,-10.57293,-4.53696,82.28815
158974747.18400,1464.78219,0.03525,192.33468,-10.57294,-4.53696,82.38234
158974748.18400,1465.04620,0.03071,192.33467,-10.57296,-4.53696,82.39225
158974749.18400,1465.31022,0.02618,192.33467,-10.57297,-4.53696,82.68709
158974750.18400,1465.57423,0.02164,192.33467,-10.57298,-4.53696,83.83955
158974751.18400,1465.83824,0.01710,192.33466,-10.57299,-4.53696,84.65206
158974752.18400,1466.10225,0.01257,192.33466,-10.57300,-4.53696,84.59429
158974753.18400,1466.36627,0.00803,192.33466,-10.57301,-4.53696,84.59450
158974754.18400,1466.63028,0.00349,192.33465,-10.57302,-4.53696,84.62619
158974754.95430,1466.83365,0.00000,192.33465,-10.57302,-4.53696,84.64248
